{
    "speed": -1.2899423162724072e-05,
    "steer": 0.00299071311019361,
    "throttle": 0.75,
    "brake": 0.0,
    "wp_4": [
        0.004819689318537712,
        6.234438896179199
    ],
    "wp_3": [
        0.015016005374491215,
        3.5097572803497314
    ],
    "wp_2": [
        0.0052552903071045876,
        1.5009815692901611
    ],
    "wp_1": [
        0.0023430874571204185,
        0.37807968258857727
    ],
    "aim": [
        0.015016005374491215,
        3.5097572803497314
    ],
    "target": [
        -1.1608691593253841,
        52.88519066047741
    ],
    "desired_speed": 4.986910724639893,
    "angle": 0.0027236998314843375,
    "angle_last": -0.003061090940562573,
    "angle_target": -0.013972032393488694,
    "angle_final": 0.0027236998314843375,
    "delta": 0.25,
    "agent": "only_traj",
    "steer_traj": 0.0029907131850923064,
    "throttle_traj": 0.75,
    "brake_traj": 0.0,
    "plan": [
        [
            0.0023430874571204185,
            0.37807968258857727
        ],
        [
            0.0052552903071045876,
            1.5009815692901611
        ],
        [
            0.015016005374491215,
            3.5097572803497314
        ],
        [
            0.004819689318537712,
            6.234438896179199
        ],
        [
            -0.011826185509562492,
            9.47482681274414
        ],
        [
            -0.028032289817929268,
            12.84522819519043
        ]
    ],
    "command": 3,
    "all_plan": [
        [
            [
                -0.015297966077923775,
                0.9926382899284363
            ],
            [
                -0.03832518681883812,
                2.8069891929626465
            ],
            [
                -0.010489055886864662,
                5.019895553588867
            ],
            [
                -0.18628841638565063,
                7.07514762878418
            ],
            [
                -0.2600973844528198,
                8.707686424255371
            ],
            [
                -0.2926708459854126,
                10.141085624694824
            ]
        ],
        [
            [
                -0.004174599424004555,
                1.469875693321228
            ],
            [
                -0.10512746870517731,
                3.9641098976135254
            ],
            [
                -0.23050326108932495,
                6.030047416687012
            ],
            [
                -0.2383195161819458,
                7.895724296569824
            ],
            [
                0.0007985234260559082,
                9.525314331054688
            ],
            [
                0.481474906206131,
                10.961852073669434
            ]
        ],
        [
            [
                -0.022609785199165344,
                0.48311498761177063
            ],
            [
                -0.045860655605793,
                1.8183434009552002
            ],
            [
                -0.061607684940099716,
                4.008281707763672
            ],
            [
                -0.05542377382516861,
                7.095505714416504
            ],
            [
                -0.004777893424034119,
                11.054542541503906
            ],
            [
                -0.05201690271496773,
                15.489816665649414
            ]
        ],
        [
            [
                0.0023430874571204185,
                0.37807968258857727
            ],
            [
                0.0052552903071045876,
                1.5009815692901611
            ],
            [
                0.015016005374491215,
                3.5097572803497314
            ],
            [
                0.004819689318537712,
                6.234438896179199
            ],
            [
                -0.011826185509562492,
                9.47482681274414
            ],
            [
                -0.028032289817929268,
                12.84522819519043
            ]
        ],
        [
            [
                0.054976485669612885,
                0.04763609170913696
            ],
            [
                0.05083242058753967,
                0.5698181390762329
            ],
            [
                0.051354117691516876,
                1.4787518978118896
            ],
            [
                0.055344048887491226,
                2.9546241760253906
            ],
            [
                0.04788355901837349,
                4.930428504943848
            ],
            [
                0.06106787547469139,
                7.537259101867676
            ]
        ],
        [
            [
                -0.0365997776389122,
                0.03528134897351265
            ],
            [
                -0.030535124242305756,
                0.9762691259384155
            ],
            [
                -0.043519988656044006,
                2.7063467502593994
            ],
            [
                -0.11475355178117752,
                4.9928483963012695
            ],
            [
                -0.22301699221134186,
                7.971978187561035
            ],
            [
                -0.503135621547699,
                11.528696060180664
            ]
        ]
    ]
}