{
    "speed": 1.505130418770638,
    "steer": -2.7677517209667712e-05,
    "throttle": 0.75,
    "brake": 0.0,
    "wp_4": [
        0.029941178858280182,
        9.01208209991455
    ],
    "wp_3": [
        0.021736156195402145,
        5.932230472564697
    ],
    "wp_2": [
        -0.001233707182109356,
        3.2757015228271484
    ],
    "wp_1": [
        0.002169753424823284,
        1.2494624853134155
    ],
    "aim": [
        -0.001233707182109356,
        3.2757015228271484
    ],
    "target": [
        -0.736440646460302,
        52.252183053217344
    ],
    "desired_speed": 5.763985729217529,
    "angle": -0.00023976746740263938,
    "angle_last": -0.0013758555993480936,
    "angle_target": -0.00897190528796435,
    "angle_final": -0.00023976746740263938,
    "delta": 0.25,
    "agent": "only_traj",
    "steer_traj": -2.76775171947856e-05,
    "throttle_traj": 0.75,
    "brake_traj": 0.0,
    "plan": [
        [
            0.002169753424823284,
            1.2494624853134155
        ],
        [
            -0.001233707182109356,
            3.2757015228271484
        ],
        [
            0.021736156195402145,
            5.932230472564697
        ],
        [
            0.029941178858280182,
            9.01208209991455
        ],
        [
            0.004586782306432724,
            12.391043663024902
        ],
        [
            -0.002476342022418976,
            15.659211158752441
        ]
    ],
    "command": 3,
    "all_plan": [
        [
            [
                0.016530906781554222,
                1.8539206981658936
            ],
            [
                -0.032626233994960785,
                4.298371315002441
            ],
            [
                -0.05335257202386856,
                6.9984025955200195
            ],
            [
                -0.20007815957069397,
                9.494585037231445
            ],
            [
                -0.29056432843208313,
                11.393532752990723
            ],
            [
                -0.33013632893562317,
                12.949172973632812
            ]
        ],
        [
            [
                0.011968424543738365,
                2.1475672721862793
            ],
            [
                -0.13477839529514313,
                5.070551872253418
            ],
            [
                -0.1485869288444519,
                7.391593933105469
            ],
            [
                0.16973459720611572,
                9.32376480102539
            ],
            [
                0.9243865609169006,
                10.873664855957031
            ],
            [
                1.9676344394683838,
                12.130311012268066
            ]
        ],
        [
            [
                -0.00690882746130228,
                1.2860387563705444
            ],
            [
                -0.01612163335084915,
                3.376676559448242
            ],
            [
                -0.0042672110721468925,
                6.205333709716797
            ],
            [
                0.032607078552246094,
                9.821096420288086
            ],
            [
                0.11184193938970566,
                14.071830749511719
            ],
            [
                0.08007732033729553,
                18.646753311157227
            ]
        ],
        [
            [
                0.002169753424823284,
                1.2494624853134155
            ],
            [
                -0.001233707182109356,
                3.2757015228271484
            ],
            [
                0.021736156195402145,
                5.932230472564697
            ],
            [
                0.029941178858280182,
                9.01208209991455
            ],
            [
                0.004586782306432724,
                12.391043663024902
            ],
            [
                -0.002476342022418976,
                15.659211158752441
            ]
        ],
        [
            [
                0.00979190319776535,
                0.41838890314102173
            ],
            [
                0.029968859627842903,
                1.4996371269226074
            ],
            [
                0.03703103959560394,
                3.0183768272399902
            ],
            [
                0.06120028719305992,
                5.197452545166016
            ],
            [
                0.0291290245950222,
                7.970830917358398
            ],
            [
                0.08338242769241333,
                11.279054641723633
            ]
        ],
        [
            [
                0.05377893149852753,
                0.6380406618118286
            ],
            [
                0.08370376378297806,
                2.031473159790039
            ],
            [
                0.17278066277503967,
                4.0589823722839355
            ],
            [
                0.18999755382537842,
                6.721473693847656
            ],
            [
                0.1363469660282135,
                9.968880653381348
            ],
            [
                -0.06753486394882202,
                13.771695137023926
            ]
        ]
    ]
}