{
    "speed": 3.1125679023642374,
    "steer": 0.0005258728051558137,
    "throttle": 0.75,
    "brake": 0.0,
    "wp_4": [
        0.06436251848936081,
        12.502307891845703
    ],
    "wp_3": [
        0.0410689078271389,
        8.844535827636719
    ],
    "wp_2": [
        0.01795484498143196,
        5.417708396911621
    ],
    "wp_1": [
        0.00035708677023649216,
        2.374894618988037
    ],
    "aim": [
        0.00035708677023649216,
        2.374894618988037
    ],
    "target": [
        0.4615547823037527,
        50.508339934632126
    ],
    "desired_speed": 7.136453247070312,
    "angle": 9.574660282654251e-05,
    "angle_last": 0.0067820464543243576,
    "angle_target": 0.005817390201169133,
    "angle_final": 9.574660282654251e-05,
    "delta": 0.25,
    "agent": "only_traj",
    "steer_traj": 0.0005258727923382034,
    "throttle_traj": 0.75,
    "brake_traj": 0.0,
    "plan": [
        [
            0.00035708677023649216,
            2.374894618988037
        ],
        [
            0.01795484498143196,
            5.417708396911621
        ],
        [
            0.0410689078271389,
            8.844535827636719
        ],
        [
            0.06436251848936081,
            12.502307891845703
        ],
        [
            0.08527913689613342,
            16.36712646484375
        ],
        [
            0.12627874314785004,
            20.21554946899414
        ]
    ],
    "command": 3,
    "all_plan": [
        [
            [
                0.06769722700119019,
                2.792238473892212
            ],
            [
                0.021717578172683716,
                5.8602471351623535
            ],
            [
                -0.060521915555000305,
                9.056669235229492
            ],
            [
                -0.30523496866226196,
                12.10962963104248
            ],
            [
                -0.5853931903839111,
                14.84563159942627
            ],
            [
                -0.9139056205749512,
                17.291215896606445
            ]
        ],
        [
            [
                0.20882205665111542,
                2.693502187728882
            ],
            [
                0.3343828320503235,
                5.85279655456543
            ],
            [
                0.8867522478103638,
                8.45909309387207
            ],
            [
                1.9073323011398315,
                10.805645942687988
            ],
            [
                3.1089296340942383,
                12.940812110900879
            ],
            [
                4.300134658813477,
                15.015692710876465
            ]
        ],
        [
            [
                0.020957618951797485,
                2.5644125938415527
            ],
            [
                0.024962114170193672,
                5.668111801147461
            ],
            [
                0.04512615501880646,
                9.20300579071045
            ],
            [
                0.09289088100194931,
                13.19340705871582
            ],
            [
                0.1601419448852539,
                17.509780883789062
            ],
            [
                0.21589894592761993,
                21.998180389404297
            ]
        ],
        [
            [
                0.00035708677023649216,
                2.374894618988037
            ],
            [
                0.01795484498143196,
                5.417708396911621
            ],
            [
                0.0410689078271389,
                8.844535827636719
            ],
            [
                0.06436251848936081,
                12.502307891845703
            ],
            [
                0.08527913689613342,
                16.36712646484375
            ],
            [
                0.12627874314785004,
                20.21554946899414
            ]
        ],
        [
            [
                0.011897295713424683,
                1.7471885681152344
            ],
            [
                -0.010204983875155449,
                4.151485443115234
            ],
            [
                -0.02198735624551773,
                6.9083709716796875
            ],
            [
                -0.008997306227684021,
                10.352849006652832
            ],
            [
                -0.02214757725596428,
                14.3235502243042
            ],
            [
                0.06962357461452484,
                18.621740341186523
            ]
        ],
        [
            [
                0.20650510489940643,
                2.1965198516845703
            ],
            [
                0.3016417324542999,
                4.663177013397217
            ],
            [
                0.5046169757843018,
                7.389368057250977
            ],
            [
                0.5740596055984497,
                10.5743408203125
            ],
            [
                0.5492196083068848,
                14.183183670043945
            ],
            [
                0.49869269132614136,
                18.1273193359375
            ]
        ]
    ]
}