{
    "speed": 0.7071326757353245,
    "steer": -0.00023139760014601052,
    "throttle": 0.75,
    "brake": 0.0,
    "wp_4": [
        0.016417622566223145,
        5.795456886291504
    ],
    "wp_3": [
        0.01699722185730934,
        3.8629446029663086
    ],
    "wp_2": [
        0.008992795832455158,
        2.209069013595581
    ],
    "wp_1": [
        0.004152352921664715,
        0.863079845905304
    ],
    "aim": [
        0.01699722185730934,
        3.8629446029663086
    ],
    "target": [
        -0.08626780978804949,
        43.06107697501643
    ],
    "desired_speed": 3.6163824081420897,
    "angle": 0.0028011845330685936,
    "angle_last": -0.0024333206648476232,
    "angle_target": -0.00127539123063894,
    "angle_final": -0.00127539123063894,
    "delta": 0.25,
    "agent": "only_traj",
    "steer_traj": -0.00023139760280107115,
    "throttle_traj": 0.75,
    "brake_traj": 0.0,
    "plan": [
        [
            0.004152352921664715,
            0.863079845905304
        ],
        [
            0.008992795832455158,
            2.209069013595581
        ],
        [
            0.01699722185730934,
            3.8629446029663086
        ],
        [
            0.016417622566223145,
            5.795456886291504
        ],
        [
            0.0034980513155460358,
            7.905148506164551
        ],
        [
            -0.004141960293054581,
            9.903953552246094
        ]
    ],
    "command": 3,
    "all_plan": [
        [
            [
                -0.025574149563908577,
                1.1606837511062622
            ],
            [
                -0.060588203370571136,
                2.735797643661499
            ],
            [
                -0.09573373198509216,
                4.470184326171875
            ],
            [
                -0.17334480583667755,
                6.032895088195801
            ],
            [
                -0.25629326701164246,
                7.1785454750061035
            ],
            [
                -0.2557140588760376,
                8.08972454071045
            ]
        ],
        [
            [
                -0.04718746989965439,
                1.4501103162765503
            ],
            [
                -0.12830579280853271,
                3.3961496353149414
            ],
            [
                -0.13936974108219147,
                4.956215858459473
            ],
            [
                0.06265191733837128,
                6.233301639556885
            ],
            [
                0.6506394743919373,
                7.217848777770996
            ],
            [
                1.439622163772583,
                8.019720077514648
            ]
        ],
        [
            [
                -0.02625814825296402,
                0.7797425985336304
            ],
            [
                -0.016502192243933678,
                2.1285157203674316
            ],
            [
                -0.025652997195720673,
                3.932407855987549
            ],
            [
                -0.01309138722717762,
                6.371738910675049
            ],
            [
                0.02705634944140911,
                9.294240951538086
            ],
            [
                -0.019659673795104027,
                12.47165298461914
            ]
        ],
        [
            [
                0.004152352921664715,
                0.863079845905304
            ],
            [
                0.008992795832455158,
                2.209069013595581
            ],
            [
                0.01699722185730934,
                3.8629446029663086
            ],
            [
                0.016417622566223145,
                5.795456886291504
            ],
            [
                0.0034980513155460358,
                7.905148506164551
            ],
            [
                -0.004141960293054581,
                9.903953552246094
            ]
        ],
        [
            [
                -0.015732981264591217,
                0.17854204773902893
            ],
            [
                -0.02749689109623432,
                0.7942239046096802
            ],
            [
                -0.04399329796433449,
                1.6645822525024414
            ],
            [
                -0.03119167685508728,
                3.0255470275878906
            ],
            [
                -0.03539596498012543,
                4.80204439163208
            ],
            [
                -0.0445985421538353,
                6.936723709106445
            ]
        ],
        [
            [
                0.008650539442896843,
                0.2652459144592285
            ],
            [
                0.023648109287023544,
                1.0546326637268066
            ],
            [
                0.06301549077033997,
                2.377004623413086
            ],
            [
                0.028462916612625122,
                4.112607955932617
            ],
            [
                -0.025979362428188324,
                6.230429649353027
            ],
            [
                -0.15702205896377563,
                8.793501853942871
            ]
        ]
    ]
}