{
    "speed": 5.209925880324693,
    "steer": 0.0005751245189458132,
    "throttle": 0.75,
    "brake": 0.0,
    "wp_4": [
        0.07164411246776581,
        14.070987701416016
    ],
    "wp_3": [
        0.050447482615709305,
        10.200888633728027
    ],
    "wp_2": [
        0.019359301775693893,
        6.523214340209961
    ],
    "wp_1": [
        -0.0001317458227276802,
        3.031442880630493
    ],
    "aim": [
        -0.0001317458227276802,
        3.031442880630493
    ],
    "target": [
        -0.5115849298616902,
        39.02414255649054
    ],
    "desired_speed": 7.181775283813478,
    "angle": -2.765214817835452e-05,
    "angle_last": 0.004680397246711435,
    "angle_target": -0.008345255142891847,
    "angle_final": -2.765214817835452e-05,
    "delta": 0.25,
    "agent": "only_traj",
    "steer_traj": 0.0005751245046062304,
    "throttle_traj": 0.75,
    "brake_traj": 0.0,
    "plan": [
        [
            -0.0001317458227276802,
            3.031442880630493
        ],
        [
            0.019359301775693893,
            6.523214340209961
        ],
        [
            0.050447482615709305,
            10.200888633728027
        ],
        [
            0.07164411246776581,
            14.070987701416016
        ],
        [
            0.09597571194171906,
            17.835844039916992
        ],
        [
            0.1191318929195404,
            20.9854736328125
        ]
    ],
    "command": 3,
    "all_plan": [
        [
            [
                0.07238419353961945,
                3.450453758239746
            ],
            [
                0.05222783982753754,
                6.850894927978516
            ],
            [
                -0.05741523206233978,
                10.141746520996094
            ],
            [
                -0.2808905839920044,
                13.07971477508545
            ],
            [
                -0.4793456494808197,
                15.66682243347168
            ],
            [
                -0.7167361974716187,
                17.950674057006836
            ]
        ],
        [
            [
                0.253831684589386,
                3.101431131362915
            ],
            [
                0.6168602705001831,
                6.235669136047363
            ],
            [
                1.5881876945495605,
                8.595478057861328
            ],
            [
                3.2705507278442383,
                10.638718605041504
            ],
            [
                5.249802589416504,
                12.396177291870117
            ],
            [
                7.227941513061523,
                14.009777069091797
            ]
        ],
        [
            [
                -0.003239349229261279,
                3.207052230834961
            ],
            [
                -0.009978792630136013,
                6.831643104553223
            ],
            [
                0.012998287566006184,
                10.757665634155273
            ],
            [
                0.08180847018957138,
                14.952095031738281
            ],
            [
                0.16705681383609772,
                19.245193481445312
            ],
            [
                0.19222107529640198,
                23.59771156311035
            ]
        ],
        [
            [
                -0.0001317458227276802,
                3.031442880630493
            ],
            [
                0.019359301775693893,
                6.523214340209961
            ],
            [
                0.050447482615709305,
                10.200888633728027
            ],
            [
                0.07164411246776581,
                14.070987701416016
            ],
            [
                0.09597571194171906,
                17.835844039916992
            ],
            [
                0.1191318929195404,
                20.9854736328125
            ]
        ],
        [
            [
                -0.041063353419303894,
                2.1631503105163574
            ],
            [
                -0.08492950350046158,
                4.872962474822998
            ],
            [
                -0.0617096945643425,
                7.95960807800293
            ],
            [
                -0.11888349056243896,
                11.760915756225586
            ],
            [
                -0.14450624585151672,
                16.184663772583008
            ],
            [
                -0.10251892358064651,
                20.813724517822266
            ]
        ],
        [
            [
                0.16499176621437073,
                2.654812812805176
            ],
            [
                0.2216307520866394,
                5.4131340980529785
            ],
            [
                0.456347793340683,
                8.366463661193848
            ],
            [
                0.4782407581806183,
                11.717130661010742
            ],
            [
                0.43187981843948364,
                15.386120796203613
            ],
            [
                0.3009239435195923,
                19.29108428955078
            ]
        ]
    ]
}