{
    "speed": 6.750970492959044,
    "steer": -0.0019077195320278406,
    "throttle": 0.639766275882721,
    "brake": 0.0,
    "wp_4": [
        -0.031453728675842285,
        14.93968391418457
    ],
    "wp_3": [
        -0.015816207975149155,
        10.983892440795898
    ],
    "wp_2": [
        -0.020032156258821487,
        7.247409820556641
    ],
    "wp_1": [
        -0.012384866364300251,
        3.558382987976074
    ],
    "aim": [
        -0.012384866364300251,
        3.558382987976074
    ],
    "target": [
        -0.787751016012446,
        32.50790678087136
    ],
    "desired_speed": 6.841944408416748,
    "angle": -0.0022157411942873282,
    "angle_last": 0.0007720871126393607,
    "angle_target": -0.015423932013175904,
    "angle_final": -0.0022157411942873282,
    "delta": 0.09097391545770428,
    "agent": "only_traj",
    "steer_traj": -0.0019077195886847667,
    "throttle_traj": 0.639766302319655,
    "brake_traj": 0.0,
    "plan": [
        [
            -0.012384866364300251,
            3.558382987976074
        ],
        [
            -0.020032156258821487,
            7.247409820556641
        ],
        [
            -0.015816207975149155,
            10.983892440795898
        ],
        [
            -0.031453728675842285,
            14.93968391418457
        ],
        [
            -0.037131454795598984,
            18.314292907714844
        ],
        [
            -0.034282609820365906,
            20.663196563720703
        ]
    ],
    "command": 3,
    "all_plan": [
        [
            [
                0.04903598874807358,
                3.827831983566284
            ],
            [
                0.015976496040821075,
                7.397788047790527
            ],
            [
                -0.14802086353302002,
                10.58029556274414
            ],
            [
                -0.3561798632144928,
                13.207731246948242
            ],
            [
                -0.5518563985824585,
                15.604314804077148
            ],
            [
                -0.7284839153289795,
                17.665098190307617
            ]
        ],
        [
            [
                0.38580548763275146,
                3.3481404781341553
            ],
            [
                1.1857833862304688,
                6.146485328674316
            ],
            [
                2.7573025226593018,
                8.062485694885254
            ],
            [
                5.165633201599121,
                9.71859073638916
            ],
            [
                7.851907730102539,
                11.125175476074219
            ],
            [
                10.460006713867188,
                12.502490043640137
            ]
        ],
        [
            [
                -0.027195528149604797,
                3.6707606315612793
            ],
            [
                -0.07091768831014633,
                7.723047733306885
            ],
            [
                -0.0934169590473175,
                11.813874244689941
            ],
            [
                -0.10199851542711258,
                15.99001693725586
            ],
            [
                -0.07846473902463913,
                20.054105758666992
            ],
            [
                -0.11982549726963043,
                24.107677459716797
            ]
        ],
        [
            [
                -0.012384866364300251,
                3.558382987976074
            ],
            [
                -0.020032156258821487,
                7.247409820556641
            ],
            [
                -0.015816207975149155,
                10.983892440795898
            ],
            [
                -0.031453728675842285,
                14.93968391418457
            ],
            [
                -0.037131454795598984,
                18.314292907714844
            ],
            [
                -0.034282609820365906,
                20.663196563720703
            ]
        ],
        [
            [
                -0.03742285072803497,
                2.6935055255889893
            ],
            [
                -0.15583355724811554,
                5.689822673797607
            ],
            [
                -0.2354213297367096,
                9.056856155395508
            ],
            [
                -0.41051745414733887,
                13.097579956054688
            ],
            [
                -0.48796340823173523,
                17.725276947021484
            ],
            [
                -0.5314792394638062,
                22.469528198242188
            ]
        ],
        [
            [
                0.12793800234794617,
                3.0095837116241455
            ],
            [
                0.10183544456958771,
                6.043468475341797
            ],
            [
                0.2580277621746063,
                9.08551025390625
            ],
            [
                0.14826330542564392,
                12.406961441040039
            ],
            [
                0.015852466225624084,
                15.995475769042969
            ],
            [
                -0.2889299988746643,
                19.67495346069336
            ]
        ]
    ]
}