{
    "speed": 6.578024446457364,
    "steer": -0.002449135296046734,
    "throttle": 0.75,
    "brake": 0.0,
    "wp_4": [
        -0.0162022914737463,
        14.72895336151123
    ],
    "wp_3": [
        -0.0017826138064265251,
        10.716442108154297
    ],
    "wp_2": [
        -0.00996627938002348,
        6.972760200500488
    ],
    "wp_1": [
        -0.00902740377932787,
        3.34574294090271
    ],
    "aim": [
        -0.00902740377932787,
        3.34574294090271
    ],
    "target": [
        -0.08563048408427065,
        25.958473125260685
    ],
    "desired_speed": 7.074053096771239,
    "angle": -0.0017176686218118428,
    "angle_last": 0.0007443110100146422,
    "angle_target": -0.002100041142161103,
    "angle_final": -0.0017176686218118428,
    "delta": 0.25,
    "agent": "only_traj",
    "steer_traj": -0.0024491352943812324,
    "throttle_traj": 0.75,
    "brake_traj": 0.0,
    "plan": [
        [
            -0.00902740377932787,
            3.34574294090271
        ],
        [
            -0.00996627938002348,
            6.972760200500488
        ],
        [
            -0.0017826138064265251,
            10.716442108154297
        ],
        [
            -0.0162022914737463,
            14.72895336151123
        ],
        [
            -0.01874394901096821,
            18.34066390991211
        ],
        [
            -0.015598591417074203,
            21.030838012695312
        ]
    ],
    "command": 3,
    "all_plan": [
        [
            [
                0.05330003798007965,
                3.7197186946868896
            ],
            [
                0.018425554037094116,
                7.248562812805176
            ],
            [
                -0.14275479316711426,
                10.489717483520508
            ],
            [
                -0.384452760219574,
                13.252147674560547
            ],
            [
                -0.5975816249847412,
                15.74660587310791
            ],
            [
                -0.8154820203781128,
                17.903745651245117
            ]
        ],
        [
            [
                0.3341284394264221,
                3.2434632778167725
            ],
            [
                0.984649658203125,
                6.1312408447265625
            ],
            [
                2.3527917861938477,
                8.185571670532227
            ],
            [
                4.517159461975098,
                9.977265357971191
            ],
            [
                6.965100288391113,
                11.520931243896484
            ],
            [
                9.369303703308105,
                12.983270645141602
            ]
        ],
        [
            [
                -0.026574552059173584,
                3.509357213973999
            ],
            [
                -0.06506531685590744,
                7.432401657104492
            ],
            [
                -0.07973506301641464,
                11.492334365844727
            ],
            [
                -0.06910062581300735,
                15.68233871459961
            ],
            [
                -0.031335629522800446,
                19.840679168701172
            ],
            [
                -0.05257716402411461,
                23.996519088745117
            ]
        ],
        [
            [
                -0.00902740377932787,
                3.34574294090271
            ],
            [
                -0.00996627938002348,
                6.972760200500488
            ],
            [
                -0.0017826138064265251,
                10.716442108154297
            ],
            [
                -0.0162022914737463,
                14.72895336151123
            ],
            [
                -0.01874394901096821,
                18.34066390991211
            ],
            [
                -0.015598591417074203,
                21.030838012695312
            ]
        ],
        [
            [
                -0.038392797112464905,
                2.5524678230285645
            ],
            [
                -0.134840190410614,
                5.470576286315918
            ],
            [
                -0.17912456393241882,
                8.782184600830078
            ],
            [
                -0.3300250172615051,
                12.763912200927734
            ],
            [
                -0.40798547863960266,
                17.33796501159668
            ],
            [
                -0.42573440074920654,
                22.062082290649414
            ]
        ],
        [
            [
                0.13209305703639984,
                2.9223899841308594
            ],
            [
                0.1340027153491974,
                5.876053810119629
            ],
            [
                0.3211566209793091,
                8.911763191223145
            ],
            [
                0.24225583672523499,
                12.267962455749512
            ],
            [
                0.13003769516944885,
                15.915228843688965
            ],
            [
                -0.13473501801490784,
                19.699838638305664
            ]
        ]
    ]
}