{
    "speed": 7.093870998625928,
    "steer": -0.001607268932275474,
    "throttle": 0.13074932992458344,
    "brake": 0.0,
    "wp_4": [
        -0.019274471327662468,
        14.815692901611328
    ],
    "wp_3": [
        -0.0053410036489367485,
        10.861985206604004
    ],
    "wp_2": [
        -0.007066789083182812,
        7.1260576248168945
    ],
    "wp_1": [
        -0.005404730327427387,
        3.45451021194458
    ],
    "aim": [
        -0.005404730327427387,
        3.45451021194458
    ],
    "target": [
        -0.21354295790404806,
        22.212246612685494
    ],
    "desired_speed": 7.122253799438476,
    "angle": -0.0009960211905046068,
    "angle_last": -0.0007964278847586785,
    "angle_target": -0.006120113990834661,
    "angle_final": -0.0009960211905046068,
    "delta": 0.028382800812548403,
    "agent": "only_traj",
    "steer_traj": -0.001607268944582694,
    "throttle_traj": 0.13074932842172157,
    "brake_traj": 0.0,
    "plan": [
        [
            -0.005404730327427387,
            3.45451021194458
        ],
        [
            -0.007066789083182812,
            7.1260576248168945
        ],
        [
            -0.0053410036489367485,
            10.861985206604004
        ],
        [
            -0.019274471327662468,
            14.815692901611328
        ],
        [
            -0.02488323487341404,
            18.444604873657227
        ],
        [
            -0.02840559557080269,
            21.260112762451172
        ]
    ],
    "command": 3,
    "all_plan": [
        [
            [
                0.0727614015340805,
                3.7328779697418213
            ],
            [
                0.04517267644405365,
                7.2795538902282715
            ],
            [
                -0.09000670909881592,
                10.567724227905273
            ],
            [
                -0.31710752844810486,
                13.427867889404297
            ],
            [
                -0.5318902730941772,
                16.066808700561523
            ],
            [
                -0.7676933407783508,
                18.397132873535156
            ]
        ],
        [
            [
                0.3611781597137451,
                3.2278125286102295
            ],
            [
                1.0058584213256836,
                6.12507438659668
            ],
            [
                2.3628549575805664,
                8.249862670898438
            ],
            [
                4.505350112915039,
                10.138072967529297
            ],
            [
                6.861081600189209,
                11.81220817565918
            ],
            [
                9.13736629486084,
                13.441405296325684
            ]
        ],
        [
            [
                -0.020726069808006287,
                3.5925989151000977
            ],
            [
                -0.06030427664518356,
                7.5263447761535645
            ],
            [
                -0.0684424564242363,
                11.56130599975586
            ],
            [
                -0.043348267674446106,
                15.703575134277344
            ],
            [
                -0.007390454411506653,
                19.801128387451172
            ],
            [
                -0.03614119067788124,
                23.912370681762695
            ]
        ],
        [
            [
                -0.005404730327427387,
                3.45451021194458
            ],
            [
                -0.007066789083182812,
                7.1260576248168945
            ],
            [
                -0.0053410036489367485,
                10.861985206604004
            ],
            [
                -0.019274471327662468,
                14.815692901611328
            ],
            [
                -0.02488323487341404,
                18.444604873657227
            ],
            [
                -0.02840559557080269,
                21.260112762451172
            ]
        ],
        [
            [
                -0.0365777462720871,
                2.611248016357422
            ],
            [
                -0.1385655701160431,
                5.619144439697266
            ],
            [
                -0.19590654969215393,
                8.992383003234863
            ],
            [
                -0.34604430198669434,
                13.035324096679688
            ],
            [
                -0.44005030393600464,
                17.66104507446289
            ],
            [
                -0.47598135471343994,
                22.427963256835938
            ]
        ],
        [
            [
                0.17635251581668854,
                3.0377097129821777
            ],
            [
                0.19580486416816711,
                6.073105335235596
            ],
            [
                0.3831399977207184,
                9.147747993469238
            ],
            [
                0.32532307505607605,
                12.529489517211914
            ],
            [
                0.23424237966537476,
                16.18730354309082
            ],
            [
                0.02499951422214508,
                19.97704315185547
            ]
        ]
    ]
}