{
    "speed": 7.252123996435109,
    "steer": 0.0011864886619150639,
    "throttle": 0.75,
    "brake": 0.0,
    "wp_4": [
        0.0881900042295456,
        14.53559684753418
    ],
    "wp_3": [
        0.06310921907424927,
        10.566299438476562
    ],
    "wp_2": [
        0.02756667509675026,
        6.754273414611816
    ],
    "wp_1": [
        0.005919794552028179,
        3.1408464908599854
    ],
    "aim": [
        0.005919794552028179,
        3.1408464908599854
    ],
    "target": [
        0.15390794601704716,
        8.657099473337553
    ],
    "desired_speed": 7.688739967346192,
    "angle": 0.0011998846276544926,
    "angle_last": 0.005447427490503867,
    "angle_target": 0.011316783528450622,
    "angle_final": 0.0011998846276544926,
    "delta": 0.25,
    "agent": "only_traj",
    "steer_traj": 0.0011864886274463198,
    "throttle_traj": 0.75,
    "brake_traj": 0.0,
    "plan": [
        [
            0.005919794552028179,
            3.1408464908599854
        ],
        [
            0.02756667509675026,
            6.754273414611816
        ],
        [
            0.06310921907424927,
            10.566299438476562
        ],
        [
            0.0881900042295456,
            14.53559684753418
        ],
        [
            0.11392156779766083,
            18.5609188079834
        ],
        [
            0.146449014544487,
            22.362165451049805
        ]
    ],
    "command": 3,
    "all_plan": [
        [
            [
                0.0642285943031311,
                3.4477193355560303
            ],
            [
                0.011864230036735535,
                6.883302688598633
            ],
            [
                -0.1173190176486969,
                10.318037033081055
            ],
            [
                -0.4264906048774719,
                13.553828239440918
            ],
            [
                -0.7738418579101562,
                16.600229263305664
            ],
            [
                -1.2067675590515137,
                19.379858016967773
            ]
        ],
        [
            [
                0.30279719829559326,
                3.0207908153533936
            ],
            [
                0.6409275531768799,
                6.1717119216918945
            ],
            [
                1.5962655544281006,
                8.796119689941406
            ],
            [
                3.1351661682128906,
                11.231924057006836
            ],
            [
                4.771111488342285,
                13.514429092407227
            ],
            [
                6.276205539703369,
                15.754225730895996
            ]
        ],
        [
            [
                0.030041798949241638,
                3.3808205127716064
            ],
            [
                0.034806035459041595,
                7.0913405418396
            ],
            [
                0.06706942617893219,
                11.01039981842041
            ],
            [
                0.13227427005767822,
                15.151914596557617
            ],
            [
                0.1906893402338028,
                19.394075393676758
            ],
            [
                0.2437416911125183,
                23.70204734802246
            ]
        ],
        [
            [
                0.005919794552028179,
                3.1408464908599854
            ],
            [
                0.02756667509675026,
                6.754273414611816
            ],
            [
                0.06310921907424927,
                10.566299438476562
            ],
            [
                0.0881900042295456,
                14.53559684753418
            ],
            [
                0.11392156779766083,
                18.5609188079834
            ],
            [
                0.146449014544487,
                22.362165451049805
            ]
        ],
        [
            [
                -0.021578654646873474,
                2.5080223083496094
            ],
            [
                -0.06516972184181213,
                5.599490165710449
            ],
            [
                -0.07018547505140305,
                9.029232025146484
            ],
            [
                -0.0926128625869751,
                13.13893985748291
            ],
            [
                -0.13399408757686615,
                17.75864601135254
            ],
            [
                -0.07945496588945389,
                22.585403442382812
            ]
        ],
        [
            [
                0.2510586380958557,
                3.0700736045837402
            ],
            [
                0.35806170105934143,
                6.093756198883057
            ],
            [
                0.6269063353538513,
                9.218048095703125
            ],
            [
                0.6852447986602783,
                12.663211822509766
            ],
            [
                0.6804704666137695,
                16.417390823364258
            ],
            [
                0.669622540473938,
                20.368709564208984
            ]
        ]
    ]
}