{
    "speed": 7.839824244172138,
    "steer": 0.0019376970594748855,
    "throttle": 0.0,
    "brake": 0.0,
    "wp_4": [
        0.06472259014844894,
        15.547674179077148
    ],
    "wp_3": [
        0.056681882590055466,
        11.41460132598877
    ],
    "wp_2": [
        0.022026706486940384,
        7.5089874267578125
    ],
    "wp_1": [
        0.006666983477771282,
        3.6522557735443115
    ],
    "aim": [
        0.006666983477771282,
        3.6522557735443115
    ],
    "target": [
        -0.18839831539278729,
        4.0341709129453545
    ],
    "desired_speed": 7.692896556854247,
    "angle": 0.0011620909142470888,
    "angle_last": 0.0030048759523165288,
    "angle_target": -0.02970895785670084,
    "angle_final": 0.0011620909142470888,
    "delta": 0.0,
    "agent": "only_traj",
    "steer_traj": 0.0019376970226176325,
    "throttle_traj": 0.0,
    "brake_traj": 0.0,
    "plan": [
        [
            0.006666983477771282,
            3.6522557735443115
        ],
        [
            0.022026706486940384,
            7.5089874267578125
        ],
        [
            0.056681882590055466,
            11.41460132598877
        ],
        [
            0.06472259014844894,
            15.547674179077148
        ],
        [
            0.0787210464477539,
            19.50482749938965
        ],
        [
            0.09467217326164246,
            22.88424301147461
        ]
    ],
    "command": 3,
    "all_plan": [
        [
            [
                0.05536915361881256,
                3.838683843612671
            ],
            [
                -0.017476961016654968,
                7.450470924377441
            ],
            [
                -0.20306140184402466,
                10.889411926269531
            ],
            [
                -0.5090871453285217,
                14.030278205871582
            ],
            [
                -0.8540747761726379,
                17.08707046508789
            ],
            [
                -1.2675154209136963,
                19.854238510131836
            ]
        ],
        [
            [
                0.41302862763404846,
                3.2045772075653076
            ],
            [
                1.0568275451660156,
                6.13643741607666
            ],
            [
                2.4297590255737305,
                8.475112915039062
            ],
            [
                4.495038032531738,
                10.723237991333008
            ],
            [
                6.63871955871582,
                12.86888599395752
            ],
            [
                8.59376335144043,
                15.006190299987793
            ]
        ],
        [
            [
                -0.032446980476379395,
                3.8356170654296875
            ],
            [
                -0.060500361025333405,
                7.9052653312683105
            ],
            [
                -0.02047349140048027,
                12.007949829101562
            ],
            [
                0.006999073550105095,
                16.149208068847656
            ],
            [
                0.053646087646484375,
                20.26957893371582
            ],
            [
                0.07112161815166473,
                24.37018394470215
            ]
        ],
        [
            [
                0.006666983477771282,
                3.6522557735443115
            ],
            [
                0.022026706486940384,
                7.5089874267578125
            ],
            [
                0.056681882590055466,
                11.41460132598877
            ],
            [
                0.06472259014844894,
                15.547674179077148
            ],
            [
                0.0787210464477539,
                19.50482749938965
            ],
            [
                0.09467217326164246,
                22.88424301147461
            ]
        ],
        [
            [
                -0.04226848483085632,
                2.997831344604492
            ],
            [
                -0.1312439739704132,
                6.378068923950195
            ],
            [
                -0.1645815670490265,
                10.132292747497559
            ],
            [
                -0.2615925967693329,
                14.5049409866333
            ],
            [
                -0.3465096354484558,
                19.40561866760254
            ],
            [
                -0.39028215408325195,
                24.433887481689453
            ]
        ],
        [
            [
                0.24763847887516022,
                3.50215744972229
            ],
            [
                0.3102932274341583,
                6.816811561584473
            ],
            [
                0.5621563196182251,
                10.13646411895752
            ],
            [
                0.5686061382293701,
                13.629989624023438
            ],
            [
                0.5163126587867737,
                17.371337890625
            ],
            [
                0.40911412239074707,
                21.20489501953125
            ]
        ]
    ]
}