{
    "speed": 7.445169033247218,
    "steer": 0.0037022156175225973,
    "throttle": 0.5045107007026672,
    "brake": 0.0,
    "wp_4": [
        0.1044701486825943,
        15.211637496948242
    ],
    "wp_3": [
        0.0897589772939682,
        11.182907104492188
    ],
    "wp_2": [
        0.04449520260095596,
        7.344344139099121
    ],
    "wp_1": [
        0.016511883586645126,
        3.5531699657440186
    ],
    "aim": [
        0.016511883586645126,
        3.5531699657440186
    ],
    "target": [
        -0.8426895695212028,
        48.357943699888835
    ],
    "desired_speed": 7.5199932098388675,
    "angle": 0.0029584306659604423,
    "angle_last": 0.0024368318863438017,
    "angle_target": -0.011092666633321193,
    "angle_final": 0.0029584306659604423,
    "delta": 0.0748241765916493,
    "agent": "only_traj",
    "steer_traj": 0.0037022155666830863,
    "throttle_traj": 0.5045106815305195,
    "brake_traj": 0.0,
    "plan": [
        [
            0.016511883586645126,
            3.5531699657440186
        ],
        [
            0.04449520260095596,
            7.344344139099121
        ],
        [
            0.0897589772939682,
            11.182907104492188
        ],
        [
            0.1044701486825943,
            15.211637496948242
        ],
        [
            0.12251715362071991,
            19.06481170654297
        ],
        [
            0.13510240614414215,
            22.352689743041992
        ]
    ],
    "command": 3,
    "all_plan": [
        [
            [
                0.08775153756141663,
                3.7443506717681885
            ],
            [
                0.054423987865448,
                7.3238630294799805
            ],
            [
                -0.07750523090362549,
                10.729976654052734
            ],
            [
                -0.3529824912548065,
                13.828070640563965
            ],
            [
                -0.6534492373466492,
                16.775259017944336
            ],
            [
                -1.0178000926971436,
                19.44122314453125
            ]
        ],
        [
            [
                0.37391918897628784,
                3.229046583175659
            ],
            [
                0.9650741815567017,
                6.245954513549805
            ],
            [
                2.264124870300293,
                8.621565818786621
            ],
            [
                4.262763977050781,
                10.82437515258789
            ],
            [
                6.378657341003418,
                12.886333465576172
            ],
            [
                8.345780372619629,
                14.931814193725586
            ]
        ],
        [
            [
                -0.00923298392444849,
                3.7097856998443604
            ],
            [
                -0.02804601937532425,
                7.692769527435303
            ],
            [
                0.0018131323158740997,
                11.768574714660645
            ],
            [
                0.048393990844488144,
                15.94931697845459
            ],
            [
                0.10738539695739746,
                20.110950469970703
            ],
            [
                0.1353246420621872,
                24.299110412597656
            ]
        ],
        [
            [
                0.016511883586645126,
                3.5531699657440186
            ],
            [
                0.04449520260095596,
                7.344344139099121
            ],
            [
                0.0897589772939682,
                11.182907104492188
            ],
            [
                0.1044701486825943,
                15.211637496948242
            ],
            [
                0.12251715362071991,
                19.06481170654297
            ],
            [
                0.13510240614414215,
                22.352689743041992
            ]
        ],
        [
            [
                -0.04805882275104523,
                2.7847719192504883
            ],
            [
                -0.13516661524772644,
                6.021645545959473
            ],
            [
                -0.15613093972206116,
                9.628531455993652
            ],
            [
                -0.24485738575458527,
                13.87739372253418
            ],
            [
                -0.3202270269393921,
                18.678436279296875
            ],
            [
                -0.3385711908340454,
                23.623252868652344
            ]
        ],
        [
            [
                0.24070028960704803,
                3.319427490234375
            ],
            [
                0.3184238076210022,
                6.525907039642334
            ],
            [
                0.5617145299911499,
                9.756372451782227
            ],
            [
                0.5602742433547974,
                13.221094131469727
            ],
            [
                0.530022919178009,
                16.968839645385742
            ],
            [
                0.43776369094848633,
                20.834075927734375
            ]
        ]
    ]
}