{
    "speed": 6.706865654493211,
    "steer": -0.00021892246149946004,
    "throttle": 0.75,
    "brake": 0.0,
    "wp_4": [
        -0.125437930226326,
        15.292022705078125
    ],
    "wp_3": [
        -0.06465108692646027,
        11.242208480834961
    ],
    "wp_2": [
        -0.02694818004965782,
        7.355442047119141
    ],
    "wp_1": [
        -0.003321339376270771,
        3.525437593460083
    ],
    "aim": [
        -0.003321339376270771,
        3.525437593460083
    ],
    "target": [
        -2.226456945441605,
        40.644523153333125
    ],
    "desired_speed": 7.8252438545227045,
    "angle": -0.0005997184366623113,
    "angle_last": -0.012365478191917054,
    "angle_target": -0.03483842858487861,
    "angle_final": -0.0005997184366623113,
    "delta": 0.25,
    "agent": "only_traj",
    "steer_traj": -0.00021892245635759535,
    "throttle_traj": 0.75,
    "brake_traj": 0.0,
    "plan": [
        [
            -0.003321339376270771,
            3.525437593460083
        ],
        [
            -0.02694818004965782,
            7.355442047119141
        ],
        [
            -0.06465108692646027,
            11.242208480834961
        ],
        [
            -0.125437930226326,
            15.292022705078125
        ],
        [
            -0.20398537814617157,
            19.325359344482422
        ],
        [
            -0.27704718708992004,
            23.086360931396484
        ]
    ],
    "command": 3,
    "all_plan": [
        [
            [
                0.04809572547674179,
                3.7287771701812744
            ],
            [
                -0.048977188766002655,
                7.334084510803223
            ],
            [
                -0.20894280076026917,
                10.890220642089844
            ],
            [
                -0.5055071115493774,
                14.243526458740234
            ],
            [
                -0.8773168325424194,
                17.55093002319336
            ],
            [
                -1.3203895092010498,
                20.619850158691406
            ]
        ],
        [
            [
                0.4407663345336914,
                3.048367977142334
            ],
            [
                1.002326488494873,
                5.974870681762695
            ],
            [
                2.280935287475586,
                8.39313793182373
            ],
            [
                4.223320484161377,
                10.702255249023438
            ],
            [
                6.116218566894531,
                12.978394508361816
            ],
            [
                7.813776969909668,
                15.273263931274414
            ]
        ],
        [
            [
                -0.013903156854212284,
                3.75946044921875
            ],
            [
                -0.06982800364494324,
                7.746718406677246
            ],
            [
                -0.09986352920532227,
                11.742277145385742
            ],
            [
                -0.13239438831806183,
                15.792930603027344
            ],
            [
                -0.18792642652988434,
                19.859590530395508
            ],
            [
                -0.25455808639526367,
                23.931777954101562
            ]
        ],
        [
            [
                -0.003321339376270771,
                3.525437593460083
            ],
            [
                -0.02694818004965782,
                7.355442047119141
            ],
            [
                -0.06465108692646027,
                11.242208480834961
            ],
            [
                -0.125437930226326,
                15.292022705078125
            ],
            [
                -0.20398537814617157,
                19.325359344482422
            ],
            [
                -0.27704718708992004,
                23.086360931396484
            ]
        ],
        [
            [
                -0.026611506938934326,
                2.9561314582824707
            ],
            [
                -0.1529398262500763,
                6.32894229888916
            ],
            [
                -0.3180215656757355,
                10.058626174926758
            ],
            [
                -0.5041568875312805,
                14.393794059753418
            ],
            [
                -0.692528486251831,
                19.256559371948242
            ],
            [
                -0.8245927691459656,
                24.292999267578125
            ]
        ],
        [
            [
                0.30578744411468506,
                3.4849302768707275
            ],
            [
                0.3682512640953064,
                6.767253398895264
            ],
            [
                0.5265622138977051,
                10.086162567138672
            ],
            [
                0.45953482389450073,
                13.644370079040527
            ],
            [
                0.3229512870311737,
                17.432598114013672
            ],
            [
                0.17491793632507324,
                21.348459243774414
            ]
        ]
    ]
}