{
    "speed": 5.304121198735209,
    "steer": 0.000340911588864401,
    "throttle": 0.75,
    "brake": 0.0,
    "wp_4": [
        -0.018656661733984947,
        12.070859909057617
    ],
    "wp_3": [
        -0.008550318889319897,
        8.488601684570312
    ],
    "wp_2": [
        -0.014989609830081463,
        5.11561393737793
    ],
    "wp_1": [
        -0.0019207494333386421,
        2.14703369140625
    ],
    "aim": [
        -0.0019207494333386421,
        2.14703369140625
    ],
    "target": [
        -0.8881420743452463,
        34.88484187440472
    ],
    "desired_speed": 6.532704257965087,
    "angle": -0.0005695138223326994,
    "angle_last": -0.001792876593672761,
    "angle_target": -0.016204364454116407,
    "angle_final": -0.0005695138223326994,
    "delta": 0.25,
    "agent": "only_traj",
    "steer_traj": 0.0003409115889527594,
    "throttle_traj": 0.75,
    "brake_traj": 0.0,
    "plan": [
        [
            -0.0019207494333386421,
            2.14703369140625
        ],
        [
            -0.014989609830081463,
            5.11561393737793
        ],
        [
            -0.008550318889319897,
            8.488601684570312
        ],
        [
            -0.018656661733984947,
            12.070859909057617
        ],
        [
            -0.04176977276802063,
            15.611051559448242
        ],
        [
            -0.0498458668589592,
            18.47865867614746
        ]
    ],
    "command": 3,
    "all_plan": [
        [
            [
                -0.01058136485517025,
                2.891789674758911
            ],
            [
                -0.09360311180353165,
                5.959164142608643
            ],
            [
                -0.27169370651245117,
                8.954085350036621
            ],
            [
                -0.5257607698440552,
                11.557549476623535
            ],
            [
                -0.737701952457428,
                13.487715721130371
            ],
            [
                -0.8794286251068115,
                15.009696960449219
            ]
        ],
        [
            [
                0.09537600725889206,
                2.8197567462921143
            ],
            [
                0.21904034912586212,
                5.925961017608643
            ],
            [
                0.7805173397064209,
                8.147439002990723
            ],
            [
                2.023038387298584,
                9.82811164855957
            ],
            [
                3.8572516441345215,
                11.052726745605469
            ],
            [
                5.976737976074219,
                11.9994478225708
            ]
        ],
        [
            [
                -0.03557731211185455,
                2.305041790008545
            ],
            [
                -0.03691982477903366,
                5.3748674392700195
            ],
            [
                -0.04423978552222252,
                8.978317260742188
            ],
            [
                -0.008892092853784561,
                13.15811538696289
            ],
            [
                0.0505778007209301,
                17.639116287231445
            ],
            [
                0.010566852986812592,
                22.204694747924805
            ]
        ],
        [
            [
                -0.0019207494333386421,
                2.14703369140625
            ],
            [
                -0.014989609830081463,
                5.11561393737793
            ],
            [
                -0.008550318889319897,
                8.488601684570312
            ],
            [
                -0.018656661733984947,
                12.070859909057617
            ],
            [
                -0.04176977276802063,
                15.611051559448242
            ],
            [
                -0.0498458668589592,
                18.47865867614746
            ]
        ],
        [
            [
                -0.03695273399353027,
                1.2815884351730347
            ],
            [
                -0.03999766707420349,
                3.129638433456421
            ],
            [
                -0.02463819645345211,
                5.430140495300293
            ],
            [
                -0.049651890993118286,
                8.452079772949219
            ],
            [
                -0.043327316641807556,
                12.155134201049805
            ],
            [
                0.044055163860321045,
                16.201995849609375
            ]
        ],
        [
            [
                0.047267258167266846,
                1.5162384510040283
            ],
            [
                0.048222608864307404,
                3.5160531997680664
            ],
            [
                0.20142719149589539,
                5.943868637084961
            ],
            [
                0.13899149000644684,
                8.985944747924805
            ],
            [
                0.01413000375032425,
                12.459837913513184
            ],
            [
                -0.26668232679367065,
                16.342578887939453
            ]
        ]
    ]
}