{
    "speed": 7.280240433772155,
    "steer": -0.0010828003287315369,
    "throttle": 0.06984128803014755,
    "brake": 0.0,
    "wp_4": [
        0.05180475860834122,
        15.347537994384766
    ],
    "wp_3": [
        0.04575071856379509,
        11.310457229614258
    ],
    "wp_2": [
        0.013365042395889759,
        7.480997085571289
    ],
    "wp_1": [
        -0.004779105074703693,
        3.710822343826294
    ],
    "aim": [
        -0.004779105074703693,
        3.710822343826294
    ],
    "target": [
        -0.6877023747984401,
        20.67334972920545
    ],
    "desired_speed": 6.781562805175781,
    "angle": -0.0008198782009090557,
    "angle_last": 0.0020418192793447308,
    "angle_target": -0.021169455106784477,
    "angle_final": -0.0008198782009090557,
    "delta": 0.0,
    "agent": "only_traj",
    "steer_traj": -0.0010828003253912134,
    "throttle_traj": 0.06984128623707998,
    "brake_traj": 0.0,
    "plan": [
        [
            -0.004779105074703693,
            3.710822343826294
        ],
        [
            0.013365042395889759,
            7.480997085571289
        ],
        [
            0.04575071856379509,
            11.310457229614258
        ],
        [
            0.05180475860834122,
            15.347537994384766
        ],
        [
            0.06176299974322319,
            18.575740814208984
        ],
        [
            0.06846233457326889,
            20.664518356323242
        ]
    ],
    "command": 3,
    "all_plan": [
        [
            [
                0.0410260334610939,
                3.945843458175659
            ],
            [
                0.0013155415654182434,
                7.557977676391602
            ],
            [
                -0.1981167197227478,
                10.658530235290527
            ],
            [
                -0.3946737051010132,
                13.16659164428711
            ],
            [
                -0.6016739010810852,
                15.463544845581055
            ],
            [
                -0.774786114692688,
                17.397096633911133
            ]
        ],
        [
            [
                0.4193575084209442,
                3.439136505126953
            ],
            [
                1.393092155456543,
                6.148893356323242
            ],
            [
                3.1692609786987305,
                7.92974853515625
            ],
            [
                5.75356388092041,
                9.502960205078125
            ],
            [
                8.679991722106934,
                10.815381050109863
            ],
            [
                11.45850944519043,
                12.128400802612305
            ]
        ],
        [
            [
                -0.025195926427841187,
                3.830014228820801
            ],
            [
                -0.055888496339321136,
                8.015613555908203
            ],
            [
                -0.06250949949026108,
                12.1883544921875
            ],
            [
                -0.07623699307441711,
                16.3770751953125
            ],
            [
                -0.03486040234565735,
                20.403118133544922
            ],
            [
                -0.04738985374569893,
                24.390560150146484
            ]
        ],
        [
            [
                -0.004779105074703693,
                3.710822343826294
            ],
            [
                0.013365042395889759,
                7.480997085571289
            ],
            [
                0.04575071856379509,
                11.310457229614258
            ],
            [
                0.05180475860834122,
                15.347537994384766
            ],
            [
                0.06176299974322319,
                18.575740814208984
            ],
            [
                0.06846233457326889,
                20.664518356323242
            ]
        ],
        [
            [
                -0.03624291718006134,
                2.8634307384490967
            ],
            [
                -0.15430204570293427,
                5.975790977478027
            ],
            [
                -0.2426149845123291,
                9.415406227111816
            ],
            [
                -0.4038960933685303,
                13.54360294342041
            ],
            [
                -0.45694416761398315,
                18.237571716308594
            ],
            [
                -0.4892260730266571,
                23.032428741455078
            ]
        ],
        [
            [
                0.11451251804828644,
                3.1195194721221924
            ],
            [
                0.056207284331321716,
                6.27177619934082
            ],
            [
                0.21205824613571167,
                9.34216594696045
            ],
            [
                0.09890329092741013,
                12.622478485107422
            ],
            [
                -0.04160701483488083,
                16.176801681518555
            ],
            [
                -0.39245426654815674,
                19.770736694335938
            ]
        ]
    ]
}