{
    "speed": 5.0219742821851945,
    "steer": -0.003186706453561783,
    "throttle": 0.75,
    "brake": 0.0,
    "wp_4": [
        0.03433675318956375,
        13.388138771057129
    ],
    "wp_3": [
        0.019888591021299362,
        9.434675216674805
    ],
    "wp_2": [
        -0.003750915639102459,
        5.734734535217285
    ],
    "wp_1": [
        -0.011199315078556538,
        2.4707419872283936
    ],
    "aim": [
        -0.011199315078556538,
        2.4707419872283936
    ],
    "target": [
        -0.9961924037266856,
        15.161632357332262
    ],
    "desired_speed": 7.1431577682495115,
    "angle": -0.002885630969884023,
    "angle_last": 0.005591620372981914,
    "angle_target": -0.04176895265116361,
    "angle_final": -0.002885630969884023,
    "delta": 0.25,
    "agent": "only_traj",
    "steer_traj": -0.0031867063413423945,
    "throttle_traj": 0.75,
    "brake_traj": 0.0,
    "plan": [
        [
            -0.011199315078556538,
            2.4707419872283936
        ],
        [
            -0.003750915639102459,
            5.734734535217285
        ],
        [
            0.019888591021299362,
            9.434675216674805
        ],
        [
            0.03433675318956375,
            13.388138771057129
        ],
        [
            0.05576830729842186,
            17.221323013305664
        ],
        [
            0.08305893838405609,
            20.328346252441406
        ]
    ],
    "command": 3,
    "all_plan": [
        [
            [
                0.0308529082685709,
                3.231764078140259
            ],
            [
                -0.00629635713994503,
                6.549595355987549
            ],
            [
                -0.15354692935943604,
                9.764195442199707
            ],
            [
                -0.38768571615219116,
                12.581398963928223
            ],
            [
                -0.570907711982727,
                14.806509971618652
            ],
            [
                -0.7568214535713196,
                16.634428024291992
            ]
        ],
        [
            [
                0.12842784821987152,
                3.0429816246032715
            ],
            [
                0.30702561140060425,
                6.289746284484863
            ],
            [
                1.0371415615081787,
                8.619943618774414
            ],
            [
                2.473747730255127,
                10.499438285827637
            ],
            [
                4.431583404541016,
                11.951350212097168
            ],
            [
                6.5450029373168945,
                13.136894226074219
            ]
        ],
        [
            [
                -0.014514670707285404,
                2.7230401039123535
            ],
            [
                -0.025290481746196747,
                6.115647315979004
            ],
            [
                -0.013762260787189007,
                10.003362655639648
            ],
            [
                0.04495428875088692,
                14.369144439697266
            ],
            [
                0.1399100124835968,
                18.95234489440918
            ],
            [
                0.15227629244327545,
                23.59405517578125
            ]
        ],
        [
            [
                -0.011199315078556538,
                2.4707419872283936
            ],
            [
                -0.003750915639102459,
                5.734734535217285
            ],
            [
                0.019888591021299362,
                9.434675216674805
            ],
            [
                0.03433675318956375,
                13.388138771057129
            ],
            [
                0.05576830729842186,
                17.221323013305664
            ],
            [
                0.08305893838405609,
                20.328346252441406
            ]
        ],
        [
            [
                -0.034561797976493835,
                1.693175196647644
            ],
            [
                -0.036238908767700195,
                3.9634461402893066
            ],
            [
                0.01279471069574356,
                6.6701579093933105
            ],
            [
                -0.009510625153779984,
                10.124320983886719
            ],
            [
                -0.0036886376328766346,
                14.293060302734375
            ],
            [
                0.10551990568637848,
                18.740550994873047
            ]
        ],
        [
            [
                0.05993519723415375,
                2.0441150665283203
            ],
            [
                0.08350683003664017,
                4.427148818969727
            ],
            [
                0.3091825544834137,
                7.166801929473877
            ],
            [
                0.31183552742004395,
                10.45003890991211
            ],
            [
                0.19621163606643677,
                14.157939910888672
            ],
            [
                -0.05312785506248474,
                18.208377838134766
            ]
        ]
    ]
}