{
    "speed": 7.360732958486432,
    "steer": -0.0022619215305894613,
    "throttle": 0.06834036111831665,
    "brake": 0.0,
    "wp_4": [
        0.025599725544452667,
        15.43725872039795
    ],
    "wp_3": [
        0.019960325211286545,
        11.439882278442383
    ],
    "wp_2": [
        -0.0003019450232386589,
        7.59400749206543
    ],
    "wp_1": [
        -0.0070472778752446175,
        3.776423931121826
    ],
    "aim": [
        -0.0070472778752446175,
        3.776423931121826
    ],
    "target": [
        -0.7055367853442298,
        12.873400292903705
    ],
    "desired_speed": 6.868910217285156,
    "angle": -0.001188025397172743,
    "angle_last": 0.0025981002417468806,
    "angle_target": -0.03485557486659966,
    "angle_final": -0.001188025397172743,
    "delta": 0.0,
    "agent": "only_traj",
    "steer_traj": -0.002261921495019902,
    "throttle_traj": 0.0683403621931546,
    "brake_traj": 0.0,
    "plan": [
        [
            -0.0070472778752446175,
            3.776423931121826
        ],
        [
            -0.0003019450232386589,
            7.59400749206543
        ],
        [
            0.019960325211286545,
            11.439882278442383
        ],
        [
            0.025599725544452667,
            15.43725872039795
        ],
        [
            0.03778698667883873,
            18.719266891479492
        ],
        [
            0.04688500612974167,
            20.94859504699707
        ]
    ],
    "command": 3,
    "all_plan": [
        [
            [
                0.05375571548938751,
                3.9829916954040527
            ],
            [
                0.026412950828671455,
                7.6314287185668945
            ],
            [
                -0.12787196040153503,
                10.812629699707031
            ],
            [
                -0.2831799387931824,
                13.423041343688965
            ],
            [
                -0.45254653692245483,
                15.849143028259277
            ],
            [
                -0.6015191674232483,
                17.915054321289062
            ]
        ],
        [
            [
                0.42007195949554443,
                3.453380584716797
            ],
            [
                1.3332830667495728,
                6.2415618896484375
            ],
            [
                3.0517330169677734,
                8.131606101989746
            ],
            [
                5.589441299438477,
                9.79327392578125
            ],
            [
                8.427343368530273,
                11.206732749938965
            ],
            [
                11.105292320251465,
                12.623815536499023
            ]
        ],
        [
            [
                -0.011059106327593327,
                3.892815589904785
            ],
            [
                -0.04793284088373184,
                8.075713157653809
            ],
            [
                -0.04272119328379631,
                12.249631881713867
            ],
            [
                -0.041867583990097046,
                16.444997787475586
            ],
            [
                0.003460898995399475,
                20.469711303710938
            ],
            [
                -0.01756969466805458,
                24.467174530029297
            ]
        ],
        [
            [
                -0.0070472778752446175,
                3.776423931121826
            ],
            [
                -0.0003019450232386589,
                7.59400749206543
            ],
            [
                0.019960325211286545,
                11.439882278442383
            ],
            [
                0.025599725544452667,
                15.43725872039795
            ],
            [
                0.03778698667883873,
                18.719266891479492
            ],
            [
                0.04688500612974167,
                20.94859504699707
            ]
        ],
        [
            [
                -0.042820289731025696,
                2.8569586277008057
            ],
            [
                -0.15591946244239807,
                6.016095161437988
            ],
            [
                -0.24380561709403992,
                9.476189613342285
            ],
            [
                -0.40134766697883606,
                13.655572891235352
            ],
            [
                -0.4588170349597931,
                18.422801971435547
            ],
            [
                -0.49893972277641296,
                23.28907585144043
            ]
        ],
        [
            [
                0.1381950080394745,
                3.189746379852295
            ],
            [
                0.09677302837371826,
                6.378127098083496
            ],
            [
                0.28243327140808105,
                9.48829460144043
            ],
            [
                0.20121142268180847,
                12.823989868164062
            ],
            [
                0.07119324803352356,
                16.40985870361328
            ],
            [
                -0.2319556474685669,
                20.058345794677734
            ]
        ]
    ]
}