{
    "speed": 2.826155005628285,
    "steer": 0.0038451924920082092,
    "throttle": 0.75,
    "brake": 0.0,
    "wp_4": [
        0.12664154171943665,
        8.831905364990234
    ],
    "wp_3": [
        0.08998963236808777,
        6.127935409545898
    ],
    "wp_2": [
        0.031655941158533096,
        3.6271841526031494
    ],
    "wp_1": [
        -0.001864035613834858,
        1.5038886070251465
    ],
    "aim": [
        0.031655941158533096,
        3.6271841526031494
    ],
    "target": [
        0.30094769058513343,
        8.984012297853544
    ],
    "desired_speed": 5.055452156066894,
    "angle": 0.005555875716325514,
    "angle_last": 0.014583867979266812,
    "angle_target": 0.02131760618235152,
    "angle_final": 0.005555875716325514,
    "delta": 0.25,
    "agent": "only_traj",
    "steer_traj": 0.003845192544421603,
    "throttle_traj": 0.75,
    "brake_traj": 0.0,
    "plan": [
        [
            -0.001864035613834858,
            1.5038886070251465
        ],
        [
            0.031655941158533096,
            3.6271841526031494
        ],
        [
            0.08998963236808777,
            6.127935409545898
        ],
        [
            0.12664154171943665,
            8.831905364990234
        ],
        [
            0.16780973970890045,
            11.646498680114746
        ],
        [
            0.2249501496553421,
            14.14037036895752
        ]
    ],
    "command": 3,
    "all_plan": [
        [
            [
                -0.024094073101878166,
                2.0143015384674072
            ],
            [
                -0.03080345317721367,
                4.364816188812256
            ],
            [
                -0.051388032734394073,
                6.795070171356201
            ],
            [
                -0.15853941440582275,
                8.910255432128906
            ],
            [
                -0.2430434376001358,
                10.409754753112793
            ],
            [
                -0.23137976229190826,
                11.57391357421875
            ]
        ],
        [
            [
                -0.012401947751641273,
                2.2699012756347656
            ],
            [
                -0.13962456583976746,
                4.986515045166016
            ],
            [
                -0.03387382626533508,
                7.08774471282959
            ],
            [
                0.518586277961731,
                8.726518630981445
            ],
            [
                1.6773523092269897,
                9.872916221618652
            ],
            [
                3.043201446533203,
                10.802380561828613
            ]
        ],
        [
            [
                0.0015745454002171755,
                1.4989001750946045
            ],
            [
                0.03825271129608154,
                3.6672139167785645
            ],
            [
                0.06845560669898987,
                6.391659736633301
            ],
            [
                0.11274411529302597,
                9.864089965820312
            ],
            [
                0.2302619218826294,
                13.74218463897705
            ],
            [
                0.2293618768453598,
                17.84113121032715
            ]
        ],
        [
            [
                -0.001864035613834858,
                1.5038886070251465
            ],
            [
                0.031655941158533096,
                3.6271841526031494
            ],
            [
                0.08998963236808777,
                6.127935409545898
            ],
            [
                0.12664154171943665,
                8.831905364990234
            ],
            [
                0.16780973970890045,
                11.646498680114746
            ],
            [
                0.2249501496553421,
                14.14037036895752
            ]
        ],
        [
            [
                -0.05431568622589111,
                0.5405781269073486
            ],
            [
                -0.04743737727403641,
                1.685149908065796
            ],
            [
                0.00505577027797699,
                3.1763830184936523
            ],
            [
                0.0723118931055069,
                5.349269866943359
            ],
            [
                0.13007014989852905,
                8.104974746704102
            ],
            [
                0.2571328580379486,
                11.234172821044922
            ]
        ],
        [
            [
                0.019103430211544037,
                0.7260789275169373
            ],
            [
                0.04880262911319733,
                2.082864284515381
            ],
            [
                0.20522446930408478,
                3.9205846786499023
            ],
            [
                0.23741790652275085,
                6.352243423461914
            ],
            [
                0.23359453678131104,
                9.244808197021484
            ],
            [
                0.07037730515003204,
                12.58372688293457
            ]
        ]
    ]
}