{
    "speed": 5.212415547480697,
    "steer": -0.0005679292953573167,
    "throttle": 0.75,
    "brake": 0.0,
    "wp_4": [
        0.05969550460577011,
        13.935617446899414
    ],
    "wp_3": [
        0.04691514000296593,
        10.194889068603516
    ],
    "wp_2": [
        0.012075205333530903,
        6.600858688354492
    ],
    "wp_1": [
        -0.0031668366864323616,
        3.1432087421417236
    ],
    "aim": [
        -0.0031668366864323616,
        3.1432087421417236
    ],
    "target": [
        -0.7551214391850803,
        4.689134941305751
    ],
    "desired_speed": 6.411768913269043,
    "angle": -0.0006413825905993892,
    "angle_last": 0.007210982334201158,
    "angle_target": -0.10164630018092884,
    "angle_final": -0.0006413825905993892,
    "delta": 0.25,
    "agent": "only_traj",
    "steer_traj": -0.0005679292821070354,
    "throttle_traj": 0.75,
    "brake_traj": 0.0,
    "plan": [
        [
            -0.0031668366864323616,
            3.1432087421417236
        ],
        [
            0.012075205333530903,
            6.600858688354492
        ],
        [
            0.04691514000296593,
            10.194889068603516
        ],
        [
            0.05969550460577011,
            13.935617446899414
        ],
        [
            0.08734849095344543,
            17.066219329833984
        ],
        [
            0.11120323836803436,
            19.172149658203125
        ]
    ],
    "command": 3,
    "all_plan": [
        [
            [
                0.007029885426163673,
                3.5694291591644287
            ],
            [
                -0.03284189850091934,
                6.967023849487305
            ],
            [
                -0.22283270955085754,
                9.955963134765625
            ],
            [
                -0.4220288395881653,
                12.330816268920898
            ],
            [
                -0.5873278975486755,
                14.256104469299316
            ],
            [
                -0.6797938346862793,
                15.796865463256836
            ]
        ],
        [
            [
                0.24201525747776031,
                3.3296639919281006
            ],
            [
                0.833379328250885,
                6.29437780380249
            ],
            [
                2.1432361602783203,
                8.246389389038086
            ],
            [
                4.310388565063477,
                9.710800170898438
            ],
            [
                6.971344947814941,
                10.75956916809082
            ],
            [
                9.725248336791992,
                11.694024085998535
            ]
        ],
        [
            [
                -0.015001804567873478,
                3.2208521366119385
            ],
            [
                -0.014985806308686733,
                6.993442535400391
            ],
            [
                -0.012471983209252357,
                10.99718189239502
            ],
            [
                -0.004201866686344147,
                15.264625549316406
            ],
            [
                0.06944281607866287,
                19.535823822021484
            ],
            [
                0.0642743855714798,
                23.816181182861328
            ]
        ],
        [
            [
                -0.0031668366864323616,
                3.1432087421417236
            ],
            [
                0.012075205333530903,
                6.600858688354492
            ],
            [
                0.04691514000296593,
                10.194889068603516
            ],
            [
                0.05969550460577011,
                13.935617446899414
            ],
            [
                0.08734849095344543,
                17.066219329833984
            ],
            [
                0.11120323836803436,
                19.172149658203125
            ]
        ],
        [
            [
                -0.06236565113067627,
                2.1275076866149902
            ],
            [
                -0.1429579108953476,
                4.631484031677246
            ],
            [
                -0.1388399451971054,
                7.526340961456299
            ],
            [
                -0.22162751853466034,
                11.161859512329102
            ],
            [
                -0.21884946525096893,
                15.45029067993164
            ],
            [
                -0.14969071745872498,
                19.914260864257812
            ]
        ],
        [
            [
                0.05589812248945236,
                2.3687613010406494
            ],
            [
                0.024054929614067078,
                4.9572529792785645
            ],
            [
                0.18115867674350739,
                7.6796417236328125
            ],
            [
                0.10893932729959488,
                10.841100692749023
            ],
            [
                0.0024003684520721436,
                14.305094718933105
            ],
            [
                -0.306820809841156,
                17.945898056030273
            ]
        ]
    ]
}