{
    "speed": 7.429407476734728,
    "steer": -0.00039747622213326395,
    "throttle": 0.75,
    "brake": 0.0,
    "wp_4": [
        0.04660207778215408,
        15.8351469039917
    ],
    "wp_3": [
        0.03321784362196922,
        11.741007804870605
    ],
    "wp_2": [
        0.009131883271038532,
        7.813667297363281
    ],
    "wp_1": [
        -0.003990520723164082,
        3.914177656173706
    ],
    "aim": [
        -0.003990520723164082,
        3.914177656173706
    ],
    "target": [
        -1.2693897092516007,
        2.691735090765941
    ],
    "desired_speed": 7.693268775939941,
    "angle": -0.000649047580667959,
    "angle_last": 0.0028583304491243662,
    "angle_target": -0.28053331013280447,
    "angle_final": -0.000649047580667959,
    "delta": 0.25,
    "agent": "only_traj",
    "steer_traj": -0.00039747621954505885,
    "throttle_traj": 0.75,
    "brake_traj": 0.0,
    "plan": [
        [
            -0.003990520723164082,
            3.914177656173706
        ],
        [
            0.009131883271038532,
            7.813667297363281
        ],
        [
            0.03321784362196922,
            11.741007804870605
        ],
        [
            0.04660207778215408,
            15.8351469039917
        ],
        [
            0.0586790107190609,
            19.738388061523438
        ],
        [
            0.07398409396409988,
            23.147178649902344
        ]
    ],
    "command": 3,
    "all_plan": [
        [
            [
                0.06069821119308472,
                3.945253849029541
            ],
            [
                0.0002870112657546997,
                7.612178325653076
            ],
            [
                -0.16022706031799316,
                11.104022979736328
            ],
            [
                -0.4036029875278473,
                14.312056541442871
            ],
            [
                -0.716618001461029,
                17.537147521972656
            ],
            [
                -1.0929632186889648,
                20.4984188079834
            ]
        ],
        [
            [
                0.46324387192726135,
                3.237291097640991
            ],
            [
                1.1710152626037598,
                6.133469581604004
            ],
            [
                2.622983932495117,
                8.49153995513916
            ],
            [
                4.745542049407959,
                10.828490257263184
            ],
            [
                6.869409084320068,
                13.087308883666992
            ],
            [
                8.71729564666748,
                15.414380073547363
            ]
        ],
        [
            [
                -0.01695854961872101,
                4.033370494842529
            ],
            [
                -0.05029941350221634,
                8.160675048828125
            ],
            [
                -0.0173291377723217,
                12.23082160949707
            ],
            [
                0.005852801725268364,
                16.280412673950195
            ],
            [
                0.03856727480888367,
                20.270164489746094
            ],
            [
                0.044082920998334885,
                24.2767333984375
            ]
        ],
        [
            [
                -0.003990520723164082,
                3.914177656173706
            ],
            [
                0.009131883271038532,
                7.813667297363281
            ],
            [
                0.03321784362196922,
                11.741007804870605
            ],
            [
                0.04660207778215408,
                15.8351469039917
            ],
            [
                0.0586790107190609,
                19.738388061523438
            ],
            [
                0.07398409396409988,
                23.147178649902344
            ]
        ],
        [
            [
                -0.036541566252708435,
                3.173525333404541
            ],
            [
                -0.13403941690921783,
                6.7329182624816895
            ],
            [
                -0.21533295512199402,
                10.592937469482422
            ],
            [
                -0.32653480768203735,
                15.106355667114258
            ],
            [
                -0.4260265827178955,
                20.117891311645508
            ],
            [
                -0.5165157318115234,
                25.221420288085938
            ]
        ],
        [
            [
                0.30038219690322876,
                3.7426013946533203
            ],
            [
                0.34440454840660095,
                7.209022521972656
            ],
            [
                0.5931949019432068,
                10.603759765625
            ],
            [
                0.617790162563324,
                14.132362365722656
            ],
            [
                0.5841399431228638,
                17.85712432861328
            ],
            [
                0.5056776404380798,
                21.68171501159668
            ]
        ]
    ]
}