{
    "speed": -1.8828699531675238e-05,
    "steer": -0.011557016521692276,
    "throttle": 0.75,
    "brake": 0.0,
    "wp_4": [
        -0.4397928714752197,
        14.24931526184082
    ],
    "wp_3": [
        -0.30498963594436646,
        10.265645027160645
    ],
    "wp_2": [
        -0.13335934281349182,
        6.477191925048828
    ],
    "wp_1": [
        -0.05274440720677376,
        2.9814083576202393
    ],
    "aim": [
        -0.05274440720677376,
        2.9814083576202393
    ],
    "target": [
        -1.1608691593253841,
        52.88519066047741
    ],
    "desired_speed": 7.824087047576905,
    "angle": -0.011261340167089105,
    "angle_last": -0.021582894367840038,
    "angle_target": -0.013972032393488694,
    "angle_final": -0.011261340167089105,
    "delta": 0.25,
    "agent": "only_traj",
    "steer_traj": -0.011557016105461154,
    "throttle_traj": 0.75,
    "brake_traj": 0.0,
    "plan": [
        [
            -0.05274440720677376,
            2.9814083576202393
        ],
        [
            -0.13335934281349182,
            6.477191925048828
        ],
        [
            -0.30498963594436646,
            10.265645027160645
        ],
        [
            -0.4397928714752197,
            14.24931526184082
        ],
        [
            -0.6726428866386414,
            18.453292846679688
        ],
        [
            -0.8107616901397705,
            22.525745391845703
        ]
    ]
}