{
    "speed": 1.4853226516341542,
    "steer": 0.0069464570842683315,
    "throttle": 0.75,
    "brake": 0.0,
    "wp_4": [
        0.014575611799955368,
        7.825654983520508
    ],
    "wp_3": [
        0.0684550553560257,
        5.956955909729004
    ],
    "wp_2": [
        0.04804486781358719,
        3.7942609786987305
    ],
    "wp_1": [
        0.027813786640763283,
        1.661726951599121
    ],
    "aim": [
        0.04804486781358719,
        3.7942609786987305
    ],
    "target": [
        -0.7503255262230253,
        52.247100950041975
    ],
    "desired_speed": 3.7615037918090826,
    "angle": 0.0080608096489323,
    "angle_last": -0.006888045932520717,
    "angle_target": -0.009141927926311657,
    "angle_final": 0.0080608096489323,
    "delta": 0.25,
    "agent": "only_traj",
    "steer_traj": 0.006946456852157411,
    "throttle_traj": 0.75,
    "brake_traj": 0.0,
    "plan": [
        [
            0.027813786640763283,
            1.661726951599121
        ],
        [
            0.04804486781358719,
            3.7942609786987305
        ],
        [
            0.0684550553560257,
            5.956955909729004
        ],
        [
            0.014575611799955368,
            7.825654983520508
        ],
        [
            0.07686242461204529,
            9.605700492858887
        ],
        [
            0.06109042465686798,
            11.063343048095703
        ]
    ]
}