{
    "speed": 5.165353586763263,
    "steer": 0.011663662269711494,
    "throttle": 0.0,
    "brake": 0.0,
    "wp_4": [
        0.17786569893360138,
        13.01032829284668
    ],
    "wp_3": [
        0.1436813920736313,
        10.205253601074219
    ],
    "wp_2": [
        0.11654230952262878,
        7.035938739776611
    ],
    "wp_1": [
        1.2449657917022705,
        3.593291759490967
    ],
    "aim": [
        1.2449657917022705,
        3.593291759490967
    ],
    "target": [
        0.678583791902932,
        48.299112801891965
    ],
    "desired_speed": 5.763963317871093,
    "angle": 0.2123293039907434,
    "angle_last": 0.004246224888470957,
    "angle_target": 0.008943672317353808,
    "angle_final": 0.008943672317353808,
    "delta": 0.25,
    "agent": "only_traj",
    "steer_traj": 0.011663662651235477,
    "throttle_traj": 0.0,
    "brake_traj": 0.0,
    "plan": [
        [
            1.2449657917022705,
            3.593291759490967
        ],
        [
            0.11654230952262878,
            7.035938739776611
        ],
        [
            0.1436813920736313,
            10.205253601074219
        ],
        [
            0.17786569893360138,
            13.01032829284668
        ],
        [
            0.2305673509836197,
            15.559782028198242
        ],
        [
            0.2456568479537964,
            17.82206153869629
        ]
    ]
}