{
    "speed": 5.200666441912122,
    "steer": -0.004773030523210764,
    "throttle": 0.0,
    "brake": 0.0,
    "wp_4": [
        0.9267024993896484,
        15.776195526123047
    ],
    "wp_3": [
        0.5957628488540649,
        11.761494636535645
    ],
    "wp_2": [
        0.2886865735054016,
        7.834099292755127
    ],
    "wp_1": [
        0.5713029503822327,
        4.005241870880127
    ],
    "aim": [
        0.5713029503822327,
        4.005241870880127
    ],
    "target": [
        -0.23622165837267667,
        37.01390487104859
    ],
    "desired_speed": 7.8854324340820305,
    "angle": 0.09019823609580074,
    "angle_last": 0.06328478636325484,
    "angle_target": -0.0040628336100400056,
    "angle_final": -0.0040628336100400056,
    "delta": 0.25,
    "agent": "only_traj",
    "steer_traj": -0.004773030579867158,
    "throttle_traj": 0.0,
    "brake_traj": 0.0,
    "plan": [
        [
            0.5713029503822327,
            4.005241870880127
        ],
        [
            0.2886865735054016,
            7.834099292755127
        ],
        [
            0.5957628488540649,
            11.761494636535645
        ],
        [
            0.9267024993896484,
            15.776195526123047
        ],
        [
            1.3288743495941162,
            19.692049026489258
        ],
        [
            1.7228881120681763,
            23.64260482788086
        ]
    ]
}