{
    "speed": 4.981542504491178,
    "steer": 0.016062455251812935,
    "throttle": 0.75,
    "brake": 0.0,
    "wp_4": [
        0.648019015789032,
        14.273056983947754
    ],
    "wp_3": [
        0.41510409116744995,
        10.480612754821777
    ],
    "wp_2": [
        0.19264622032642365,
        6.831745147705078
    ],
    "wp_1": [
        0.7099133729934692,
        3.2560269832611084
    ],
    "aim": [
        0.7099133729934692,
        3.2560269832611084
    ],
    "target": [
        0.7007605016070209,
        35.2851919488189
    ],
    "desired_speed": 7.378273105621338,
    "angle": 0.13666378534642515,
    "angle_last": -0.08737370496510775,
    "angle_target": 0.012641545313154534,
    "angle_final": 0.012641545313154534,
    "delta": 0.25,
    "agent": "only_traj",
    "steer_traj": 0.01606245569709506,
    "throttle_traj": 0.75,
    "brake_traj": 0.0,
    "plan": [
        [
            0.7099133729934692,
            3.2560269832611084
        ],
        [
            0.19264622032642365,
            6.831745147705078
        ],
        [
            0.41510409116744995,
            10.480612754821777
        ],
        [
            0.648019015789032,
            14.273056983947754
        ],
        [
            0.5406359434127808,
            17.41318130493164
        ],
        [
            -0.038854628801345825,
            21.608903884887695
        ]
    ]
}