{
    "speed": 4.837155025182352,
    "steer": -0.014914855360984802,
    "throttle": 0.75,
    "brake": 0.0,
    "wp_4": [
        0.4463846981525421,
        15.230819702148438
    ],
    "wp_3": [
        0.28065675497055054,
        11.272335052490234
    ],
    "wp_2": [
        0.12407100200653076,
        7.431338310241699
    ],
    "wp_1": [
        1.1649776697158813,
        3.6467247009277344
    ],
    "aim": [
        1.1649776697158813,
        3.6467247009277344
    ],
    "target": [
        -0.40770957503440275,
        31.945399961000327
    ],
    "desired_speed": 7.892314052581787,
    "angle": 0.1968503498387066,
    "angle_last": 0.037513344259935064,
    "angle_target": -0.008124546439257693,
    "angle_final": -0.008124546439257693,
    "delta": 0.25,
    "agent": "only_traj",
    "steer_traj": -0.014914855663608553,
    "throttle_traj": 0.75,
    "brake_traj": 0.0,
    "plan": [
        [
            1.1649776697158813,
            3.6467247009277344
        ],
        [
            0.12407100200653076,
            7.431338310241699
        ],
        [
            0.28065675497055054,
            11.272335052490234
        ],
        [
            0.4463846981525421,
            15.230819702148438
        ],
        [
            0.7072096467018127,
            19.217918395996094
        ],
        [
            0.9430049061775208,
            23.214845657348633
        ]
    ]
}