{
    "speed": 4.946016196912424,
    "steer": -0.007841085083782673,
    "throttle": 0.75,
    "brake": 0.0,
    "wp_4": [
        0.3354283571243286,
        15.204049110412598
    ],
    "wp_3": [
        0.21256175637245178,
        11.282081604003906
    ],
    "wp_2": [
        0.09230825304985046,
        7.460115909576416
    ],
    "wp_1": [
        1.1919785737991333,
        3.607748508453369
    ],
    "aim": [
        1.1919785737991333,
        3.607748508453369
    ],
    "target": [
        -0.37500002474085,
        30.201241891325687
    ],
    "desired_speed": 7.897432899475098,
    "angle": 0.20314717712553218,
    "angle_last": 0.02854720315447777,
    "angle_target": -0.007904316105675777,
    "angle_final": -0.007904316105675777,
    "delta": 0.25,
    "agent": "only_traj",
    "steer_traj": -0.007841085293004006,
    "throttle_traj": 0.75,
    "brake_traj": 0.0,
    "plan": [
        [
            1.1919785737991333,
            3.607748508453369
        ],
        [
            0.09230825304985046,
            7.460115909576416
        ],
        [
            0.21256175637245178,
            11.282081604003906
        ],
        [
            0.3354283571243286,
            15.204049110412598
        ],
        [
            0.5483510494232178,
            19.176877975463867
        ],
        [
            0.7281539440155029,
            23.183902740478516
        ]
    ]
}