{
    "speed": 4.974805270728765,
    "steer": 0.0008781854412518442,
    "throttle": 0.75,
    "brake": 0.0,
    "wp_4": [
        0.19513429701328278,
        14.879155158996582
    ],
    "wp_3": [
        0.05341929942369461,
        11.108748435974121
    ],
    "wp_2": [
        -0.4594230055809021,
        7.25410795211792
    ],
    "wp_1": [
        0.29388806223869324,
        3.2184791564941406
    ],
    "aim": [
        0.29388806223869324,
        3.2184791564941406
    ],
    "target": [
        -0.17308313829880284,
        24.52852334679813
    ],
    "desired_speed": 7.835684585571289,
    "angle": 0.057970747407003365,
    "angle_last": 0.01857520285724993,
    "angle_target": -0.004492170920430247,
    "angle_final": -0.004492170920430247,
    "delta": 0.25,
    "agent": "only_traj",
    "steer_traj": 0.000878185439639387,
    "throttle_traj": 0.75,
    "brake_traj": 0.0,
    "plan": [
        [
            0.29388806223869324,
            3.2184791564941406
        ],
        [
            -0.4594230055809021,
            7.25410795211792
        ],
        [
            0.05341929942369461,
            11.108748435974121
        ],
        [
            0.19513429701328278,
            14.879155158996582
        ],
        [
            0.2995148301124573,
            18.78127670288086
        ],
        [
            0.4138373136520386,
            22.698291778564453
        ]
    ]
}