{
    "speed": 4.875765838348587,
    "steer": 0.0008084831642918289,
    "throttle": 0.75,
    "brake": 0.0,
    "wp_4": [
        0.10746168345212936,
        15.43202018737793
    ],
    "wp_3": [
        0.048239316791296005,
        11.503617286682129
    ],
    "wp_2": [
        0.03183933347463608,
        7.6438140869140625
    ],
    "wp_1": [
        0.0037217054050415754,
        3.779911756515503
    ],
    "aim": [
        0.0037217054050415754,
        3.779911756515503
    ],
    "target": [
        0.9379418718123169,
        18.279162142284452
    ],
    "desired_speed": 7.78743085861206,
    "angle": 0.0006268317562904229,
    "angle_last": 0.0041778471057800515,
    "angle_target": 0.03263766199901544,
    "angle_final": 0.0006268317562904229,
    "delta": 0.25,
    "agent": "only_traj",
    "steer_traj": 0.0008084831500666949,
    "throttle_traj": 0.75,
    "brake_traj": 0.0,
    "plan": [
        [
            0.0037217054050415754,
            3.779911756515503
        ],
        [
            0.03183933347463608,
            7.6438140869140625
        ],
        [
            0.048239316791296005,
            11.503617286682129
        ],
        [
            0.10746168345212936,
            15.43202018737793
        ],
        [
            0.11378062516450882,
            19.337148666381836
        ],
        [
            0.13944508135318756,
            23.24781608581543
        ]
    ]
}