{
    "speed": 4.975750666141894,
    "steer": 0.004887125920504332,
    "throttle": 0.75,
    "brake": 0.0,
    "wp_4": [
        0.3261796236038208,
        15.09881591796875
    ],
    "wp_3": [
        0.19446620345115662,
        11.194993019104004
    ],
    "wp_2": [
        0.0816085934638977,
        7.413142681121826
    ],
    "wp_1": [
        0.04003284126520157,
        3.6160178184509277
    ],
    "aim": [
        0.04003284126520157,
        3.6160178184509277
    ],
    "target": [
        -0.2571428052810209,
        11.733434340046939
    ],
    "desired_speed": 7.676868534088135,
    "angle": 0.007047740813037854,
    "angle_last": 0.030671847332296404,
    "angle_target": -0.013949538481352736,
    "angle_final": 0.007047740813037854,
    "delta": 0.25,
    "agent": "only_traj",
    "steer_traj": 0.004887125820103093,
    "throttle_traj": 0.75,
    "brake_traj": 0.0,
    "plan": [
        [
            0.04003284126520157,
            3.6160178184509277
        ],
        [
            0.0816085934638977,
            7.413142681121826
        ],
        [
            0.19446620345115662,
            11.194993019104004
        ],
        [
            0.3261796236038208,
            15.09881591796875
        ],
        [
            0.5042427182197571,
            18.942415237426758
        ],
        [
            0.6900231838226318,
            22.79545783996582
        ]
    ]
}