{
    "speed": 5.161564059410361,
    "steer": -0.046900104731321335,
    "throttle": 0.0,
    "brake": 0.0,
    "wp_4": [
        0.4612621068954468,
        15.674769401550293
    ],
    "wp_3": [
        0.316348135471344,
        11.71656322479248
    ],
    "wp_2": [
        0.1463697850704193,
        7.787295341491699
    ],
    "wp_1": [
        0.7186760306358337,
        3.825291156768799
    ],
    "aim": [
        0.7186760306358337,
        3.825291156768799
    ],
    "target": [
        -0.49235445191519656,
        5.142197852638661
    ],
    "desired_speed": 8.290124320983887,
    "angle": 0.11822667626485585,
    "angle_last": 0.17022073241167016,
    "angle_target": -0.060769728864965025,
    "angle_final": -0.060769728864965025,
    "delta": 0.25,
    "agent": "only_traj",
    "steer_traj": -0.04690010399145572,
    "throttle_traj": 0.0,
    "brake_traj": 0.0,
    "plan": [
        [
            0.7186760306358337,
            3.825291156768799
        ],
        [
            0.1463697850704193,
            7.787295341491699
        ],
        [
            0.316348135471344,
            11.71656322479248
        ],
        [
            0.4612621068954468,
            15.674769401550293
        ],
        [
            -0.43915626406669617,
            19.720352172851562
        ],
        [
            0.7983415126800537,
            24.237728118896484
        ]
    ]
}