{
    "speed": 4.9465445648476445,
    "steer": -0.022214703261852264,
    "throttle": 0.75,
    "brake": 0.0,
    "wp_4": [
        0.2989285886287689,
        15.308741569519043
    ],
    "wp_3": [
        0.1710408627986908,
        11.328906059265137
    ],
    "wp_2": [
        0.2439996302127838,
        7.615370273590088
    ],
    "wp_1": [
        0.19468793272972107,
        4.419965744018555
    ],
    "aim": [
        0.19468793272972107,
        4.419965744018555
    ],
    "target": [
        -0.8780921800334754,
        52.83131608979131
    ],
    "desired_speed": 7.680669593811036,
    "angle": 0.028023327645137788,
    "angle_last": 0.06054823312679384,
    "angle_target": -0.010580076717244194,
    "angle_final": -0.010580076717244194,
    "delta": 0.25,
    "agent": "only_traj",
    "steer_traj": -0.022214703579365454,
    "throttle_traj": 0.75,
    "brake_traj": 0.0,
    "plan": [
        [
            0.19468793272972107,
            4.419965744018555
        ],
        [
            0.2439996302127838,
            7.615370273590088
        ],
        [
            0.1710408627986908,
            11.328906059265137
        ],
        [
            0.2989285886287689,
            15.308741569519043
        ],
        [
            0.5416606664657593,
            19.414358139038086
        ],
        [
            0.9402279257774353,
            23.59235191345215
        ]
    ]
}