{
    "speed": 4.816422701872315,
    "steer": 0.003924537915736437,
    "throttle": 0.75,
    "brake": 0.0,
    "wp_4": [
        0.42585158348083496,
        15.240068435668945
    ],
    "wp_3": [
        0.22921475768089294,
        11.25455379486084
    ],
    "wp_2": [
        0.039076026529073715,
        7.475220203399658
    ],
    "wp_1": [
        -0.09935565292835236,
        2.337456703186035
    ],
    "aim": [
        -0.09935565292835236,
        2.337456703186035
    ],
    "target": [
        0.7700895861002324,
        50.96815105695766
    ],
    "desired_speed": 8.537709045410155,
    "angle": -0.02704378239124679,
    "angle_last": 0.030364109364691937,
    "angle_target": 0.009618103568965046,
    "angle_final": 0.009618103568965046,
    "delta": 0.25,
    "agent": "only_traj",
    "steer_traj": 0.003924537791321162,
    "throttle_traj": 0.75,
    "brake_traj": 0.0,
    "plan": [
        [
            -0.09935565292835236,
            2.337456703186035
        ],
        [
            0.039076026529073715,
            7.475220203399658
        ],
        [
            0.22921475768089294,
            11.25455379486084
        ],
        [
            0.42585158348083496,
            15.240068435668945
        ],
        [
            0.7646676301956177,
            19.363977432250977
        ],
        [
            0.969318151473999,
            23.651460647583008
        ]
    ]
}