{
    "speed": 4.947268745783111,
    "steer": 0.0005390739534050226,
    "throttle": 0.75,
    "brake": 0.0,
    "wp_4": [
        -0.26759040355682373,
        15.402331352233887
    ],
    "wp_3": [
        -0.6594514846801758,
        11.31321907043457
    ],
    "wp_2": [
        -0.13500738143920898,
        7.438597202301025
    ],
    "wp_1": [
        -0.012353206053376198,
        3.6623899936676025
    ],
    "aim": [
        -0.012353206053376198,
        3.6623899936676025
    ],
    "target": [
        -0.01772574733502963,
        38.108151551371826
    ],
    "desired_speed": 7.623434352874757,
    "angle": -0.002147287520605645,
    "angle_last": -0.0028553504645636336,
    "angle_target": -0.00029611933301002495,
    "angle_final": -0.00029611933301002495,
    "delta": 0.25,
    "agent": "only_traj",
    "steer_traj": 0.00053907395144147,
    "throttle_traj": 0.75,
    "brake_traj": 0.0,
    "plan": [
        [
            -0.012353206053376198,
            3.6623899936676025
        ],
        [
            -0.13500738143920898,
            7.438597202301025
        ],
        [
            -0.6594514846801758,
            11.31321907043457
        ],
        [
            -0.26759040355682373,
            15.402331352233887
        ],
        [
            -0.08397071808576584,
            19.04092788696289
        ],
        [
            -0.10020416975021362,
            22.660253524780273
        ]
    ]
}