{
    "speed": 4.835515684293821,
    "steer": -3.487863432383165e-05,
    "throttle": 0.75,
    "brake": 0.0,
    "wp_4": [
        0.33422714471817017,
        14.911453247070312
    ],
    "wp_3": [
        0.23660433292388916,
        10.960693359375
    ],
    "wp_2": [
        0.11117091029882431,
        7.14925479888916
    ],
    "wp_1": [
        0.6036562323570251,
        4.604878902435303
    ],
    "aim": [
        0.6036562323570251,
        4.604878902435303
    ],
    "target": [
        -0.11911915478217733,
        31.77006350011662
    ],
    "desired_speed": 6.6754556655883786,
    "angle": 0.08298168589173761,
    "angle_last": -0.04099558213585951,
    "angle_target": -0.0023869405815197878,
    "angle_final": -0.0023869405815197878,
    "delta": 0.25,
    "agent": "only_traj",
    "steer_traj": -3.487863304430612e-05,
    "throttle_traj": 0.75,
    "brake_traj": 0.0,
    "plan": [
        [
            0.6036562323570251,
            4.604878902435303
        ],
        [
            0.11117091029882431,
            7.14925479888916
        ],
        [
            0.23660433292388916,
            10.960693359375
        ],
        [
            0.33422714471817017,
            14.911453247070312
        ],
        [
            -0.39348408579826355,
            18.600704193115234
        ],
        [
            -0.5589461922645569,
            21.166608810424805
        ]
    ]
}