{
    "speed": 4.947617780317332,
    "steer": 0.02523062750697136,
    "throttle": 0.75,
    "brake": 0.0,
    "wp_4": [
        0.1857100874185562,
        15.273789405822754
    ],
    "wp_3": [
        0.12213817238807678,
        11.33092975616455
    ],
    "wp_2": [
        -0.3522997796535492,
        7.62814474105835
    ],
    "wp_1": [
        -0.626861035823822,
        3.5640029907226562
    ],
    "aim": [
        -0.626861035823822,
        3.5640029907226562
    ],
    "target": [
        0.982325934174779,
        28.499103273670354
    ],
    "desired_speed": 7.217738819122315,
    "angle": -0.11083927520463123,
    "angle_last": 0.040274030831463435,
    "angle_target": 0.021934747165849307,
    "angle_final": 0.021934747165849307,
    "delta": 0.25,
    "agent": "only_traj",
    "steer_traj": 0.02523062707536058,
    "throttle_traj": 0.75,
    "brake_traj": 0.0,
    "plan": [
        [
            -0.626861035823822,
            3.5640029907226562
        ],
        [
            -0.3522997796535492,
            7.62814474105835
        ],
        [
            0.12213817238807678,
            11.33092975616455
        ],
        [
            0.1857100874185562,
            15.273789405822754
        ],
        [
            0.29297858476638794,
            19.122282028198242
        ],
        [
            0.44752171635627747,
            21.561918258666992
        ]
    ]
}