{
    "speed": 5.181266981085676,
    "steer": 0.023619873449206352,
    "throttle": 0.0,
    "brake": 0.0,
    "wp_4": [
        0.3040230870246887,
        15.261514663696289
    ],
    "wp_3": [
        -0.5450727343559265,
        11.404629707336426
    ],
    "wp_2": [
        -0.5932922959327698,
        7.389115810394287
    ],
    "wp_1": [
        -0.12048957496881485,
        3.538109540939331
    ],
    "aim": [
        -0.12048957496881485,
        3.538109540939331
    ],
    "target": [
        0.43106119619516176,
        16.46372112472091
    ],
    "desired_speed": 7.872697257995605,
    "angle": -0.02167153504506865,
    "angle_last": 0.029410159610613492,
    "angle_target": 0.016664482881807316,
    "angle_final": 0.016664482881807316,
    "delta": 0.25,
    "agent": "only_traj",
    "steer_traj": 0.02361987365663993,
    "throttle_traj": 0.0,
    "brake_traj": 0.0,
    "plan": [
        [
            -0.12048957496881485,
            3.538109540939331
        ],
        [
            -0.5932922959327698,
            7.389115810394287
        ],
        [
            -0.5450727343559265,
            11.404629707336426
        ],
        [
            0.3040230870246887,
            15.261514663696289
        ],
        [
            0.5561375617980957,
            19.122011184692383
        ],
        [
            0.7393862009048462,
            23.085832595825195
        ]
    ]
}