{
    "speed": 4.835131607901767,
    "steer": 0.0012029525823891163,
    "throttle": 0.75,
    "brake": 0.0,
    "wp_4": [
        0.1325768530368805,
        14.781147956848145
    ],
    "wp_3": [
        0.07712355256080627,
        10.946922302246094
    ],
    "wp_2": [
        0.040275491774082184,
        7.23321008682251
    ],
    "wp_1": [
        0.004702711943536997,
        3.495522975921631
    ],
    "aim": [
        0.004702711943536997,
        3.495522975921631
    ],
    "target": [
        -0.37157801311291533,
        10.965375284010262
    ],
    "desired_speed": 7.676193618774414,
    "angle": 0.0008564778943844072,
    "angle_last": -0.07886161965747475,
    "angle_target": -0.021564554050355827,
    "angle_final": 0.0008564778943844072,
    "delta": 0.25,
    "agent": "only_traj",
    "steer_traj": 0.0012029525330309464,
    "throttle_traj": 0.75,
    "brake_traj": 0.0,
    "plan": [
        [
            0.004702711943536997,
            3.495522975921631
        ],
        [
            0.040275491774082184,
            7.23321008682251
        ],
        [
            0.07712355256080627,
            10.946922302246094
        ],
        [
            0.1325768530368805,
            14.781147956848145
        ],
        [
            -0.0928565263748169,
            18.467973709106445
        ],
        [
            -0.6130887866020203,
            22.64610481262207
        ]
    ]
}