{
    "speed": 4.9449974230903315,
    "steer": 0.0002060024708043784,
    "throttle": 0.75,
    "brake": 0.0,
    "wp_4": [
        0.09567078202962875,
        14.850027084350586
    ],
    "wp_3": [
        0.03994366154074669,
        10.984889030456543
    ],
    "wp_2": [
        0.0249020978808403,
        7.252435684204102
    ],
    "wp_1": [
        -0.004047801252454519,
        3.5018270015716553
    ],
    "aim": [
        -0.004047801252454519,
        3.5018270015716553
    ],
    "target": [
        0.4643499578891228,
        9.057889307558659
    ],
    "desired_speed": 7.677218627929687,
    "angle": -0.0007358668741178989,
    "angle_last": 0.013838163103882974,
    "angle_target": 0.0326075752349568,
    "angle_final": -0.0007358668741178989,
    "delta": 0.25,
    "agent": "only_traj",
    "steer_traj": 0.00020600247314149305,
    "throttle_traj": 0.75,
    "brake_traj": 0.0,
    "plan": [
        [
            -0.004047801252454519,
            3.5018270015716553
        ],
        [
            0.0249020978808403,
            7.252435684204102
        ],
        [
            0.03994366154074669,
            10.984889030456543
        ],
        [
            0.09567078202962875,
            14.850027084350586
        ],
        [
            0.15420764684677124,
            18.767234802246094
        ],
        [
            0.2395542860031128,
            22.692964553833008
        ]
    ]
}