{
    "speed": 4.871309625363129,
    "steer": 0.004735701251775026,
    "throttle": 0.75,
    "brake": 0.0,
    "wp_4": [
        0.34697961807250977,
        14.769020080566406
    ],
    "wp_3": [
        0.2443522810935974,
        10.912559509277344
    ],
    "wp_2": [
        0.12124228477478027,
        7.189453125
    ],
    "wp_1": [
        0.029301878064870834,
        3.45194935798645
    ],
    "aim": [
        0.029301878064870834,
        3.45194935798645
    ],
    "target": [
        0.04779918741466871,
        6.682897066267205
    ],
    "desired_speed": 7.621603775024413,
    "angle": 0.005403790170806563,
    "angle_last": 0.03133285786197208,
    "angle_target": 0.004553323000021713,
    "angle_final": 0.004553323000021713,
    "delta": 0.25,
    "agent": "only_traj",
    "steer_traj": 0.004735701144887392,
    "throttle_traj": 0.75,
    "brake_traj": 0.0,
    "plan": [
        [
            0.029301878064870834,
            3.45194935798645
        ],
        [
            0.12124228477478027,
            7.189453125
        ],
        [
            0.2443522810935974,
            10.912559509277344
        ],
        [
            0.34697961807250977,
            14.769020080566406
        ],
        [
            0.5244204998016357,
            18.612293243408203
        ],
        [
            0.7155553102493286,
            22.492630004882812
        ]
    ]
}