{
    "speed": 5.171104704744977,
    "steer": 0.04515324532985687,
    "throttle": 0.0,
    "brake": 0.0,
    "wp_4": [
        0.2696363925933838,
        15.21118450164795
    ],
    "wp_3": [
        0.17683178186416626,
        11.240178108215332
    ],
    "wp_2": [
        0.08410879969596863,
        7.397297382354736
    ],
    "wp_1": [
        -0.4563722610473633,
        3.6839089393615723
    ],
    "aim": [
        -0.4563722610473633,
        3.6839089393615723
    ],
    "target": [
        0.31522576872317287,
        5.0628751596093355
    ],
    "desired_speed": 7.719272708892823,
    "angle": -0.07846630348651257,
    "angle_last": 0.02633809230392331,
    "angle_target": 0.03958625013451515,
    "angle_final": 0.03958625013451515,
    "delta": 0.25,
    "agent": "only_traj",
    "steer_traj": 0.04515324459187907,
    "throttle_traj": 0.0,
    "brake_traj": 0.0,
    "plan": [
        [
            -0.4563722610473633,
            3.6839089393615723
        ],
        [
            0.08410879969596863,
            7.397297382354736
        ],
        [
            0.17683178186416626,
            11.240178108215332
        ],
        [
            0.2696363925933838,
            15.21118450164795
        ],
        [
            0.39797455072402954,
            19.099475860595703
        ],
        [
            0.5567624568939209,
            22.93535804748535
        ]
    ]
}