{
    "speed": -9.119399995534557e-06,
    "steer": -0.0036700477357953787,
    "throttle": 0.75,
    "brake": 0.0,
    "wp_4": [
        0.4580301344394684,
        16.447975158691406
    ],
    "wp_3": [
        0.2990301549434662,
        12.156749725341797
    ],
    "wp_2": [
        0.12873192131519318,
        8.06314468383789
    ],
    "wp_1": [
        0.03330981358885765,
        3.9396233558654785
    ],
    "aim": [
        0.03330981358885765,
        3.9396233558654785
    ],
    "target": [
        -0.17446415271157845,
        54.75919001116621
    ],
    "desired_speed": 8.539595222473144,
    "angle": 0.005382540693388746,
    "angle_last": 0.025724893098437725,
    "angle_target": -0.0020282796980636898,
    "angle_final": -0.0020282796980636898,
    "delta": 0.25,
    "agent": "only_traj",
    "steer_traj": -0.003670047756737757,
    "throttle_traj": 0.75,
    "brake_traj": 0.0,
    "plan": [
        [
            0.03330981358885765,
            3.9396233558654785
        ],
        [
            0.12873192131519318,
            8.06314468383789
        ],
        [
            0.2990301549434662,
            12.156749725341797
        ],
        [
            0.4580301344394684,
            16.447975158691406
        ],
        [
            0.6809335350990295,
            20.86618995666504
        ],
        [
            0.85905522108078,
            25.27180290222168
        ]
    ]
}