{
    "speed": 1.5449823691132762,
    "steer": 0.004388855770230293,
    "throttle": 0.75,
    "brake": 0.0,
    "wp_4": [
        0.16363701224327087,
        11.511530876159668
    ],
    "wp_3": [
        0.15819476544857025,
        8.638944625854492
    ],
    "wp_2": [
        0.058724746108055115,
        4.973525524139404
    ],
    "wp_1": [
        0.010156484320759773,
        1.9228516817092896
    ],
    "aim": [
        0.010156484320759773,
        1.9228516817092896
    ],
    "target": [
        -0.37369344520746406,
        54.03545097200683
    ],
    "desired_speed": 8.191246700286866,
    "angle": 0.0033626260828436413,
    "angle_last": 0.40270117133823735,
    "angle_target": -0.004402606791637668,
    "angle_final": 0.0033626260828436413,
    "delta": 0.25,
    "agent": "only_traj",
    "steer_traj": 0.00438885581543659,
    "throttle_traj": 0.75,
    "brake_traj": 0.0,
    "plan": [
        [
            0.010156484320759773,
            1.9228516817092896
        ],
        [
            0.058724746108055115,
            4.973525524139404
        ],
        [
            0.15819476544857025,
            8.638944625854492
        ],
        [
            0.16363701224327087,
            11.511530876159668
        ],
        [
            -2.343859910964966,
            16.798513412475586
        ],
        [
            0.6336194276809692,
            20.860307693481445
        ]
    ]
}