{
    "speed": 3.098086494852587,
    "steer": 0.0049252077005803585,
    "throttle": 0.75,
    "brake": 0.0,
    "wp_4": [
        0.42248013615608215,
        12.051703453063965
    ],
    "wp_3": [
        0.2928451895713806,
        9.543981552124023
    ],
    "wp_2": [
        0.12070418149232864,
        5.726337909698486
    ],
    "wp_1": [
        0.01867596246302128,
        2.3707022666931152
    ],
    "aim": [
        0.01867596246302128,
        2.3707022666931152
    ],
    "target": [
        -1.0814599475202549,
        51.77416996333647
    ],
    "desired_speed": 7.860129070281983,
    "angle": 0.005015076516042059,
    "angle_last": 0.01844861668463236,
    "angle_target": -0.013295793682069602,
    "angle_final": 0.005015076516042059,
    "delta": 0.25,
    "agent": "only_traj",
    "steer_traj": 0.004925207518820309,
    "throttle_traj": 0.75,
    "brake_traj": 0.0,
    "plan": [
        [
            0.01867596246302128,
            2.3707022666931152
        ],
        [
            0.12070418149232864,
            5.726337909698486
        ],
        [
            0.2928451895713806,
            9.543981552124023
        ],
        [
            0.42248013615608215,
            12.051703453063965
        ],
        [
            1.0781828165054321,
            20.116933822631836
        ],
        [
            1.1323285102844238,
            21.984851837158203
        ]
    ]
}