{
    "speed": 5.167596006560386,
    "steer": 0.009424012154340744,
    "throttle": 0.0,
    "brake": 0.0,
    "wp_4": [
        -0.3095504641532898,
        15.184222221374512
    ],
    "wp_3": [
        0.2590685486793518,
        10.946310997009277
    ],
    "wp_2": [
        0.18321186304092407,
        7.163516998291016
    ],
    "wp_1": [
        0.04826415702700615,
        3.3310232162475586
    ],
    "aim": [
        0.04826415702700615,
        3.3310232162475586
    ],
    "target": [
        -1.195546420627319,
        49.39440091445189
    ],
    "desired_speed": 8.045190238952637,
    "angle": 0.009223535518640805,
    "angle_last": 0.1239677538262147,
    "angle_target": -0.015405792955531678,
    "angle_final": 0.009223535518640805,
    "delta": 0.25,
    "agent": "only_traj",
    "steer_traj": 0.009424012008010636,
    "throttle_traj": 0.0,
    "brake_traj": 0.0,
    "plan": [
        [
            0.04826415702700615,
            3.3310232162475586
        ],
        [
            0.18321186304092407,
            7.163516998291016
        ],
        [
            0.2590685486793518,
            10.946310997009277
        ],
        [
            -0.3095504641532898,
            15.184222221374512
        ],
        [
            0.6173361539840698,
            19.61639976501465
        ],
        [
            1.3314671516418457,
            23.237253189086914
        ]
    ]
}