{
    "speed": 5.148662395017794,
    "steer": 0.0011298548197373748,
    "throttle": 0.0,
    "brake": 0.0,
    "wp_4": [
        0.36353135108947754,
        12.551742553710938
    ],
    "wp_3": [
        0.4301614463329315,
        10.393997192382812
    ],
    "wp_2": [
        0.20525214076042175,
        6.593618869781494
    ],
    "wp_1": [
        0.055016715079545975,
        2.9613265991210938
    ],
    "aim": [
        0.055016715079545975,
        2.9613265991210938
    ],
    "target": [
        -0.03434948191360698,
        46.748775036879
    ],
    "desired_speed": 8.167604732513427,
    "angle": 0.011825989374397218,
    "angle_last": -0.31735770975003535,
    "angle_target": -0.00046776745282050517,
    "angle_final": -0.00046776745282050517,
    "delta": 0.25,
    "agent": "only_traj",
    "steer_traj": 0.0011298548554104374,
    "throttle_traj": 0.0,
    "brake_traj": 0.0,
    "plan": [
        [
            0.055016715079545975,
            2.9613265991210938
        ],
        [
            0.20525214076042175,
            6.593618869781494
        ],
        [
            0.4301614463329315,
            10.393997192382812
        ],
        [
            0.36353135108947754,
            12.551742553710938
        ],
        [
            2.80515718460083,
            20.530813217163086
        ],
        [
            1.6225334405899048,
            22.70330810546875
        ]
    ]
}