{
    "speed": 4.942538184556423,
    "steer": -0.01496061310172081,
    "throttle": 0.75,
    "brake": 0.0,
    "wp_4": [
        1.158402919769287,
        11.445293426513672
    ],
    "wp_3": [
        0.2678779661655426,
        9.772340774536133
    ],
    "wp_2": [
        0.12341488897800446,
        6.24043083190918
    ],
    "wp_1": [
        1.187895655632019,
        2.8320329189300537
    ],
    "aim": [
        1.187895655632019,
        2.8320329189300537
    ],
    "target": [
        -0.8687842638032057,
        44.92671408542745
    ],
    "desired_speed": 7.718036365509033,
    "angle": 0.2528400666499784,
    "angle_last": 0.2830166013130025,
    "angle_target": -0.012309298036599962,
    "angle_final": -0.012309298036599962,
    "delta": 0.25,
    "agent": "only_traj",
    "steer_traj": -0.014960612903242281,
    "throttle_traj": 0.75,
    "brake_traj": 0.0,
    "plan": [
        [
            1.187895655632019,
            2.8320329189300537
        ],
        [
            0.12341488897800446,
            6.24043083190918
        ],
        [
            0.2678779661655426,
            9.772340774536133
        ],
        [
            1.158402919769287,
            11.445293426513672
        ],
        [
            0.2545282244682312,
            19.99546241760254
        ],
        [
            0.9841083288192749,
            21.527019500732422
        ]
    ]
}