{
    "speed": 4.935856773649578,
    "steer": 0.017308872193098068,
    "throttle": 0.75,
    "brake": 0.0,
    "wp_4": [
        0.4487512707710266,
        14.698201179504395
    ],
    "wp_3": [
        0.3057863414287567,
        10.709782600402832
    ],
    "wp_2": [
        0.13143718242645264,
        6.879836082458496
    ],
    "wp_1": [
        1.1324344873428345,
        3.086372137069702
    ],
    "aim": [
        1.1324344873428345,
        3.086372137069702
    ],
    "target": [
        0.9560032000387859,
        42.17951038153358
    ],
    "desired_speed": 7.876396942138671,
    "angle": 0.22387573878265,
    "angle_last": 0.04596995325330941,
    "angle_target": 0.014426586518718082,
    "angle_final": 0.014426586518718082,
    "delta": 0.25,
    "agent": "only_traj",
    "steer_traj": 0.01730887191983658,
    "throttle_traj": 0.75,
    "brake_traj": 0.0,
    "plan": [
        [
            1.1324344873428345,
            3.086372137069702
        ],
        [
            0.13143718242645264,
            6.879836082458496
        ],
        [
            0.3057863414287567,
            10.709782600402832
        ],
        [
            0.4487512707710266,
            14.698201179504395
        ],
        [
            0.7665836811065674,
            18.683664321899414
        ],
        [
            1.0511788129806519,
            22.618057250976562
        ]
    ]
}