{
    "speed": 4.854762702236068,
    "steer": 0.0007380177266895771,
    "throttle": 0.75,
    "brake": 0.0,
    "wp_4": [
        0.09053203463554382,
        15.13797664642334
    ],
    "wp_3": [
        0.29901716113090515,
        11.07571029663086
    ],
    "wp_2": [
        0.12281009554862976,
        7.1646270751953125
    ],
    "wp_1": [
        1.3129947185516357,
        3.3232998847961426
    ],
    "aim": [
        1.3129947185516357,
        3.3232998847961426
    ],
    "target": [
        0.2707095927296135,
        39.30221038212417
    ],
    "desired_speed": 8.127159881591796,
    "angle": 0.23953736254948918,
    "angle_last": 0.0696471834661125,
    "angle_target": 0.00438490233165255,
    "angle_final": 0.00438490233165255,
    "delta": 0.25,
    "agent": "only_traj",
    "steer_traj": 0.0007380176993366892,
    "throttle_traj": 0.75,
    "brake_traj": 0.0,
    "plan": [
        [
            1.3129947185516357,
            3.3232998847961426
        ],
        [
            0.12281009554862976,
            7.1646270751953125
        ],
        [
            0.29901716113090515,
            11.07571029663086
        ],
        [
            0.09053203463554382,
            15.13797664642334
        ],
        [
            0.641701877117157,
            19.406251907348633
        ],
        [
            1.0795315504074097,
            23.392314910888672
        ]
    ]
}