{
    "speed": 5.117518181719821,
    "steer": -0.00823315978050232,
    "throttle": 0.0,
    "brake": 0.0,
    "wp_4": [
        0.11186078190803528,
        14.905550003051758
    ],
    "wp_3": [
        0.33578160405158997,
        10.97471809387207
    ],
    "wp_2": [
        0.146335631608963,
        7.132519245147705
    ],
    "wp_1": [
        0.023530375212430954,
        3.340850591659546
    ],
    "aim": [
        0.023530375212430954,
        3.340850591659546
    ],
    "target": [
        -0.2222137879755759,
        37.81892346046915
    ],
    "desired_speed": 7.77382583618164,
    "angle": 0.0044837636896058455,
    "angle_last": 0.09739148776569506,
    "angle_target": -0.0037405629301616975,
    "angle_final": -0.0037405629301616975,
    "delta": 0.25,
    "agent": "only_traj",
    "steer_traj": -0.008233159342111418,
    "throttle_traj": 0.0,
    "brake_traj": 0.0,
    "plan": [
        [
            0.023530375212430954,
            3.340850591659546
        ],
        [
            0.146335631608963,
            7.132519245147705
        ],
        [
            0.33578160405158997,
            10.97471809387207
        ],
        [
            0.11186078190803528,
            14.905550003051758
        ],
        [
            0.5067059397697449,
            18.999380111694336
        ],
        [
            1.07724130153656,
            22.699663162231445
        ]
    ]
}