{
    "speed": 5.074894182048431,
    "steer": 0.008091730996966362,
    "throttle": 0.0,
    "brake": 0.0,
    "wp_4": [
        0.36071518063545227,
        14.475973129272461
    ],
    "wp_3": [
        0.40077775716781616,
        10.643691062927246
    ],
    "wp_2": [
        0.18829424679279327,
        6.892328262329102
    ],
    "wp_1": [
        1.0988984107971191,
        3.4148731231689453
    ],
    "aim": [
        1.0988984107971191,
        3.4148731231689453
    ],
    "target": [
        0.4938797205815648,
        34.37098867157132
    ],
    "desired_speed": 7.620860958099366,
    "angle": 0.19820060234662737,
    "angle_last": 0.13694769354292535,
    "angle_target": 0.009147015290063135,
    "angle_final": 0.009147015290063135,
    "delta": 0.25,
    "agent": "only_traj",
    "steer_traj": 0.008091730681993658,
    "throttle_traj": 0.0,
    "brake_traj": 0.0,
    "plan": [
        [
            1.0988984107971191,
            3.4148731231689453
        ],
        [
            0.18829424679279327,
            6.892328262329102
        ],
        [
            0.40077775716781616,
            10.643691062927246
        ],
        [
            0.36071518063545227,
            14.475973129272461
        ],
        [
            0.41680559515953064,
            18.543624877929688
        ],
        [
            1.2278624773025513,
            22.25559425354004
        ]
    ]
}