{
    "speed": 4.751276679897597,
    "steer": -0.006832527928054333,
    "throttle": 0.75,
    "brake": 0.0,
    "wp_4": [
        0.4123266339302063,
        13.502442359924316
    ],
    "wp_3": [
        0.3220798671245575,
        9.87232780456543
    ],
    "wp_2": [
        0.15274475514888763,
        6.336334705352783
    ],
    "wp_1": [
        0.2273191660642624,
        3.300891160964966
    ],
    "aim": [
        0.2273191660642624,
        3.300891160964966
    ],
    "target": [
        -0.4136342719831978,
        33.14793850635542
    ],
    "desired_speed": 7.2638813018798825,
    "angle": 0.04377237783335319,
    "angle_last": 0.16843972264009394,
    "angle_target": -0.007943603781030102,
    "angle_final": -0.007943603781030102,
    "delta": 0.25,
    "agent": "only_traj",
    "steer_traj": -0.006832527889766138,
    "throttle_traj": 0.75,
    "brake_traj": 0.0,
    "plan": [
        [
            0.2273191660642624,
            3.300891160964966
        ],
        [
            0.15274475514888763,
            6.336334705352783
        ],
        [
            0.3220798671245575,
            9.87232780456543
        ],
        [
            0.4123266339302063,
            13.502442359924316
        ],
        [
            -0.290124773979187,
            17.058292388916016
        ],
        [
            0.8415499925613403,
            21.235193252563477
        ]
    ]
}