{
    "speed": 4.910865796798661,
    "steer": 0.007247622590512037,
    "throttle": 0.75,
    "brake": 0.0,
    "wp_4": [
        0.7217514514923096,
        14.2897310256958
    ],
    "wp_3": [
        0.4879714846611023,
        10.43155288696289
    ],
    "wp_2": [
        0.2122899740934372,
        6.72775411605835
    ],
    "wp_1": [
        0.8155729174613953,
        3.581218957901001
    ],
    "aim": [
        0.8155729174613953,
        3.581218957901001
    ],
    "target": [
        0.3473628988868529,
        30.574407574858878
    ],
    "desired_speed": 7.554277229309083,
    "angle": 0.1425501182641329,
    "angle_last": 0.08151114616343387,
    "angle_target": 0.007232472948442306,
    "angle_final": 0.007232472948442306,
    "delta": 0.25,
    "agent": "only_traj",
    "steer_traj": 0.007247622590415793,
    "throttle_traj": 0.75,
    "brake_traj": 0.0,
    "plan": [
        [
            0.8155729174613953,
            3.581218957901001
        ],
        [
            0.2122899740934372,
            6.72775411605835
        ],
        [
            0.4879714846611023,
            10.43155288696289
        ],
        [
            0.7217514514923096,
            14.2897310256958
        ],
        [
            0.4527038037776947,
            17.95429229736328
        ],
        [
            1.018121600151062,
            22.346168518066406
        ]
    ]
}