{
    "speed": 5.13871046068704,
    "steer": 0.005495178513228893,
    "throttle": 0.0,
    "brake": 0.0,
    "wp_4": [
        0.6206344366073608,
        15.077947616577148
    ],
    "wp_3": [
        0.41384750604629517,
        11.077470779418945
    ],
    "wp_2": [
        0.18112492561340332,
        7.232030868530273
    ],
    "wp_1": [
        0.18575945496559143,
        2.8545737266540527
    ],
    "aim": [
        0.18575945496559143,
        2.8545737266540527
    ],
    "target": [
        0.10845825723848357,
        27.568450836896474
    ],
    "desired_speed": 8.222550010681152,
    "angle": 0.04136928961037037,
    "angle_last": 0.029532192323784383,
    "angle_target": 0.002504540977776113,
    "angle_final": 0.002504540977776113,
    "delta": 0.25,
    "agent": "only_traj",
    "steer_traj": 0.005495178728537703,
    "throttle_traj": 0.0,
    "brake_traj": 0.0,
    "plan": [
        [
            0.18575945496559143,
            2.8545737266540527
        ],
        [
            0.18112492561340332,
            7.232030868530273
        ],
        [
            0.41384750604629517,
            11.077470779418945
        ],
        [
            0.6206344366073608,
            15.077947616577148
        ],
        [
            0.33983856439590454,
            18.623165130615234
        ],
        [
            0.5607709288597107,
            23.382341384887695
        ]
    ]
}