{
    "speed": 4.959117239354249,
    "steer": -0.013051819987595081,
    "throttle": 0.75,
    "brake": 0.0,
    "wp_4": [
        0.5276446342468262,
        14.574864387512207
    ],
    "wp_3": [
        0.35830098390579224,
        10.676265716552734
    ],
    "wp_2": [
        0.15947692096233368,
        6.939685344696045
    ],
    "wp_1": [
        -0.5237106084823608,
        3.254612922668457
    ],
    "aim": [
        -0.5237106084823608,
        3.254612922668457
    ],
    "target": [
        -0.4041569980122901,
        25.295072416543857
    ],
    "desired_speed": 7.759486770629883,
    "angle": -0.10156994959101615,
    "angle_last": -0.14516909611995854,
    "angle_target": -0.010170852274160426,
    "angle_final": -0.010170852274160426,
    "delta": 0.25,
    "agent": "only_traj",
    "steer_traj": -0.013051820401792896,
    "throttle_traj": 0.75,
    "brake_traj": 0.0,
    "plan": [
        [
            -0.5237106084823608,
            3.254612922668457
        ],
        [
            0.15947692096233368,
            6.939685344696045
        ],
        [
            0.35830098390579224,
            10.676265716552734
        ],
        [
            0.5276446342468262,
            14.574864387512207
        ],
        [
            0.8335067629814148,
            18.460824966430664
        ],
        [
            -0.09531281888484955,
            22.463193893432617
        ]
    ]
}