{
    "speed": 4.884422364337212,
    "steer": 0.0025445229839533567,
    "throttle": 0.75,
    "brake": 0.0,
    "wp_4": [
        0.5563810467720032,
        15.019193649291992
    ],
    "wp_3": [
        0.36226797103881836,
        10.994606971740723
    ],
    "wp_2": [
        -0.09303374588489532,
        7.280757904052734
    ],
    "wp_1": [
        -0.532912015914917,
        3.3340513706207275
    ],
    "aim": [
        -0.532912015914917,
        3.3340513706207275
    ],
    "target": [
        0.05510980405775556,
        22.47248868807033
    ],
    "desired_speed": 7.746538925170898,
    "angle": -0.10090324723703212,
    "angle_last": -0.07476472041131954,
    "angle_target": 0.0015611942705277626,
    "angle_final": 0.0015611942705277626,
    "delta": 0.25,
    "agent": "only_traj",
    "steer_traj": 0.0025445230692731826,
    "throttle_traj": 0.75,
    "brake_traj": 0.0,
    "plan": [
        [
            -0.532912015914917,
            3.3340513706207275
        ],
        [
            -0.09303374588489532,
            7.280757904052734
        ],
        [
            0.36226797103881836,
            10.994606971740723
        ],
        [
            0.5563810467720032,
            15.019193649291992
        ],
        [
            0.9112049341201782,
            19.08920669555664
        ],
        [
            0.49655821919441223,
            22.60366439819336
        ]
    ]
}