{
    "speed": 5.160269796031508,
    "steer": 0.005822688341140747,
    "throttle": 0.0,
    "brake": 0.0,
    "wp_4": [
        0.6466562747955322,
        15.139311790466309
    ],
    "wp_3": [
        0.3896244764328003,
        11.047114372253418
    ],
    "wp_2": [
        -0.08726242929697037,
        7.138248920440674
    ],
    "wp_1": [
        0.03934761509299278,
        3.301394462585449
    ],
    "aim": [
        0.03934761509299278,
        3.301394462585449
    ],
    "target": [
        0.758966534902394,
        19.879527062096255
    ],
    "desired_speed": 7.989528465270996,
    "angle": 0.0075871739754873055,
    "angle_last": 0.03639311734506219,
    "angle_target": 0.024293261674389808,
    "angle_final": 0.0075871739754873055,
    "delta": 0.25,
    "agent": "only_traj",
    "steer_traj": 0.005822688131244652,
    "throttle_traj": 0.0,
    "brake_traj": 0.0,
    "plan": [
        [
            0.03934761509299278,
            3.301394462585449
        ],
        [
            -0.08726242929697037,
            7.138248920440674
        ],
        [
            0.3896244764328003,
            11.047114372253418
        ],
        [
            0.6466562747955322,
            15.139311790466309
        ],
        [
            1.040942668914795,
            19.297155380249023
        ],
        [
            1.2649275064468384,
            23.211023330688477
        ]
    ]
}