{
    "speed": 4.968141701215564,
    "steer": 0.007918726652860641,
    "throttle": 0.75,
    "brake": 0.0,
    "wp_4": [
        0.447557657957077,
        15.026111602783203
    ],
    "wp_3": [
        0.28050869703292847,
        11.047836303710938
    ],
    "wp_2": [
        -0.35200557112693787,
        7.063739776611328
    ],
    "wp_1": [
        0.034638796001672745,
        3.376314163208008
    ],
    "aim": [
        0.034638796001672745,
        3.376314163208008
    ],
    "target": [
        0.5342011388599596,
        16.571453461467197
    ],
    "desired_speed": 7.919387149810792,
    "angle": 0.006531074947821779,
    "angle_last": 0.028730479897206444,
    "angle_target": 0.020515115331322206,
    "angle_final": 0.006531074947821779,
    "delta": 0.25,
    "agent": "only_traj",
    "steer_traj": 0.007918726842388391,
    "throttle_traj": 0.75,
    "brake_traj": 0.0,
    "plan": [
        [
            0.034638796001672745,
            3.376314163208008
        ],
        [
            -0.35200557112693787,
            7.063739776611328
        ],
        [
            0.28050869703292847,
            11.047836303710938
        ],
        [
            0.447557657957077,
            15.026111602783203
        ],
        [
            0.7215343713760376,
            19.099159240722656
        ],
        [
            0.9016671180725098,
            23.087894439697266
        ]
    ]
}