{
    "speed": 4.814570591889645,
    "steer": 0.0015097357099875808,
    "throttle": 0.75,
    "brake": 0.0,
    "wp_4": [
        0.41846492886543274,
        14.770987510681152
    ],
    "wp_3": [
        0.2922877073287964,
        10.812610626220703
    ],
    "wp_2": [
        0.13377699255943298,
        6.997981548309326
    ],
    "wp_1": [
        0.03833073005080223,
        3.2518341541290283
    ],
    "aim": [
        0.03833073005080223,
        3.2518341541290283
    ],
    "target": [
        -0.0384333049063712,
        14.991150439775112
    ],
    "desired_speed": 7.80121192932129,
    "angle": 0.007503769776622372,
    "angle_last": 0.03915274144271968,
    "angle_target": -0.0016321194503043587,
    "angle_final": -0.0016321194503043587,
    "delta": 0.25,
    "agent": "only_traj",
    "steer_traj": 0.0015097357328559293,
    "throttle_traj": 0.75,
    "brake_traj": 0.0,
    "plan": [
        [
            0.03833073005080223,
            3.2518341541290283
        ],
        [
            0.13377699255943298,
            6.997981548309326
        ],
        [
            0.2922877073287964,
            10.812610626220703
        ],
        [
            0.41846492886543274,
            14.770987510681152
        ],
        [
            0.6781566739082336,
            18.7620906829834
        ],
        [
            0.9226418137550354,
            22.732385635375977
        ]
    ]
}