{
    "speed": 4.926285935511227,
    "steer": 0.0084324199706316,
    "throttle": 0.75,
    "brake": 0.0,
    "wp_4": [
        0.014209473505616188,
        15.354928970336914
    ],
    "wp_3": [
        -0.4489123225212097,
        11.044581413269043
    ],
    "wp_2": [
        -0.13801364600658417,
        7.005385875701904
    ],
    "wp_1": [
        0.03849470242857933,
        3.360563278198242
    ],
    "aim": [
        0.03849470242857933,
        3.360563278198242
    ],
    "target": [
        -1.0295349296723413,
        12.92628652307186
    ],
    "desired_speed": 7.9661089897155755,
    "angle": 0.007292033912351977,
    "angle_last": 0.034049679440830816,
    "angle_target": -0.050597798065346526,
    "angle_final": 0.007292033912351977,
    "delta": 0.25,
    "agent": "only_traj",
    "steer_traj": 0.008432419907650467,
    "throttle_traj": 0.75,
    "brake_traj": 0.0,
    "plan": [
        [
            0.03849470242857933,
            3.360563278198242
        ],
        [
            -0.13801364600658417,
            7.005385875701904
        ],
        [
            -0.4489123225212097,
            11.044581413269043
        ],
        [
            0.014209473505616188,
            15.354928970336914
        ],
        [
            0.5573514699935913,
            19.189666748046875
        ],
        [
            0.7715572118759155,
            23.190805435180664
        ]
    ]
}