{
    "speed": 5.188426902254048,
    "steer": -0.03763359785079956,
    "throttle": 0.0,
    "brake": 0.0,
    "wp_4": [
        0.12223208695650101,
        15.589351654052734
    ],
    "wp_3": [
        -0.462591290473938,
        11.082947731018066
    ],
    "wp_2": [
        0.10654320567846298,
        7.276890754699707
    ],
    "wp_1": [
        0.2847166657447815,
        3.748901844024658
    ],
    "aim": [
        0.2847166657447815,
        3.748901844024658
    ],
    "target": [
        -0.5662717689720811,
        10.283018188719895
    ],
    "desired_speed": 7.967537784576416,
    "angle": 0.04825654880544812,
    "angle_last": 0.038652468031511636,
    "angle_target": -0.035022407615216515,
    "angle_final": -0.035022407615216515,
    "delta": 0.25,
    "agent": "only_traj",
    "steer_traj": -0.037633599547650186,
    "throttle_traj": 0.0,
    "brake_traj": 0.0,
    "plan": [
        [
            0.2847166657447815,
            3.748901844024658
        ],
        [
            0.10654320567846298,
            7.276890754699707
        ],
        [
            -0.462591290473938,
            11.082947731018066
        ],
        [
            0.12223208695650101,
            15.589351654052734
        ],
        [
            0.7141003012657166,
            19.4344482421875
        ],
        [
            0.9630864858627319,
            23.530296325683594
        ]
    ]
}