{
    "speed": 4.951811619134512,
    "steer": 0.03032148815691471,
    "throttle": 0.75,
    "brake": 0.0,
    "wp_4": [
        -0.3195461630821228,
        14.863248825073242
    ],
    "wp_3": [
        0.14944544434547424,
        10.637432098388672
    ],
    "wp_2": [
        0.1588517129421234,
        7.009397506713867
    ],
    "wp_1": [
        0.9805730581283569,
        3.7082877159118652
    ],
    "aim": [
        0.9805730581283569,
        3.7082877159118652
    ],
    "target": [
        0.23796511002633075,
        7.931112217441618
    ],
    "desired_speed": 7.804648208618164,
    "angle": 0.16457300076896816,
    "angle_last": 0.0778839362592032,
    "angle_target": 0.019095412402155145,
    "angle_final": 0.019095412402155145,
    "delta": 0.25,
    "agent": "only_traj",
    "steer_traj": 0.030321488763875207,
    "throttle_traj": 0.75,
    "brake_traj": 0.0,
    "plan": [
        [
            0.9805730581283569,
            3.7082877159118652
        ],
        [
            0.1588517129421234,
            7.009397506713867
        ],
        [
            0.14944544434547424,
            10.637432098388672
        ],
        [
            -0.3195461630821228,
            14.863248825073242
        ],
        [
            0.7861867547035217,
            19.016132354736328
        ],
        [
            1.2660763263702393,
            22.919139862060547
        ]
    ]
}