{
    "speed": 4.792178832575223,
    "steer": -0.0036881561391055584,
    "throttle": 0.75,
    "brake": 0.0,
    "wp_4": [
        0.2530043125152588,
        14.521916389465332
    ],
    "wp_3": [
        0.24760301411151886,
        10.62927532196045
    ],
    "wp_2": [
        0.1157904863357544,
        6.877114772796631
    ],
    "wp_1": [
        1.1994141340255737,
        3.2235703468322754
    ],
    "aim": [
        1.1994141340255737,
        3.2235703468322754
    ],
    "target": [
        -0.04377321178010796,
        5.6587256975739715
    ],
    "desired_speed": 7.776493644714355,
    "angle": 0.22676710964029792,
    "angle_last": 0.048360443571823085,
    "angle_target": -0.004924489680593215,
    "angle_final": -0.004924489680593215,
    "delta": 0.25,
    "agent": "only_traj",
    "steer_traj": -0.003688156140617312,
    "throttle_traj": 0.75,
    "brake_traj": 0.0,
    "plan": [
        [
            1.1994141340255737,
            3.2235703468322754
        ],
        [
            0.1157904863357544,
            6.877114772796631
        ],
        [
            0.24760301411151886,
            10.62927532196045
        ],
        [
            0.2530043125152588,
            14.521916389465332
        ],
        [
            0.4784335196018219,
            18.59412384033203
        ],
        [
            0.7747752666473389,
            22.48767852783203
        ]
    ]
}