{
    "speed": 4.874141553975404,
    "steer": -0.024745432659983635,
    "throttle": 0.75,
    "brake": 0.0,
    "wp_4": [
        -0.24525976181030273,
        14.41507625579834
    ],
    "wp_3": [
        0.38098233938217163,
        10.711775779724121
    ],
    "wp_2": [
        0.18189144134521484,
        6.948764801025391
    ],
    "wp_1": [
        0.8277685046195984,
        3.253213405609131
    ],
    "aim": [
        0.8277685046195984,
        3.253213405609131
    ],
    "target": [
        -1.50772188835131,
        54.56462440171599
    ],
    "desired_speed": 7.7804701805114735,
    "angle": 0.15861965610640347,
    "angle_last": 0.1416243240676331,
    "angle_target": -0.01758651142179478,
    "angle_final": -0.01758651142179478,
    "delta": 0.25,
    "agent": "only_traj",
    "steer_traj": -0.02474543183909223,
    "throttle_traj": 0.75,
    "brake_traj": 0.0,
    "plan": [
        [
            0.8277685046195984,
            3.253213405609131
        ],
        [
            0.18189144134521484,
            6.948764801025391
        ],
        [
            0.38098233938217163,
            10.711775779724121
        ],
        [
            -0.24525976181030273,
            14.41507625579834
        ],
        [
            0.47191789746284485,
            19.02875518798828
        ],
        [
            1.2455370426177979,
            22.44871711730957
        ]
    ]
}