{
    "speed": 5.157288281384805,
    "steer": -0.01298061478883028,
    "throttle": 0.0,
    "brake": 0.0,
    "wp_4": [
        1.0028742551803589,
        14.686426162719727
    ],
    "wp_3": [
        0.6577248573303223,
        10.741933822631836
    ],
    "wp_2": [
        0.3076118230819702,
        6.9672346115112305
    ],
    "wp_1": [
        0.9905644655227661,
        2.957152843475342
    ],
    "aim": [
        0.9905644655227661,
        2.957152843475342
    ],
    "target": [
        -0.3343033632348078,
        50.453075358587206
    ],
    "desired_speed": 8.245543289184571,
    "angle": 0.20577141169564186,
    "angle_last": 0.20178296067530826,
    "angle_target": -0.0042181971058916756,
    "angle_final": -0.0042181971058916756,
    "delta": 0.25,
    "agent": "only_traj",
    "steer_traj": -0.012980615132238393,
    "throttle_traj": 0.0,
    "brake_traj": 0.0,
    "plan": [
        [
            0.9905644655227661,
            2.957152843475342
        ],
        [
            0.3076118230819702,
            6.9672346115112305
        ],
        [
            0.6577248573303223,
            10.741933822631836
        ],
        [
            1.0028742551803589,
            14.686426162719727
        ],
        [
            0.06467746943235397,
            18.516796112060547
        ],
        [
            1.5769381523132324,
            23.1270809173584
        ]
    ]
}