{
    "speed": 4.967997592941523,
    "steer": 0.0006935974815860391,
    "throttle": 0.75,
    "brake": 0.0,
    "wp_4": [
        1.0693572759628296,
        13.417866706848145
    ],
    "wp_3": [
        0.6743376851081848,
        9.717914581298828
    ],
    "wp_2": [
        0.2949392795562744,
        6.258084297180176
    ],
    "wp_1": [
        0.08908209949731827,
        2.870917320251465
    ],
    "aim": [
        0.08908209949731827,
        2.870917320251465
    ],
    "target": [
        0.32814684117789295,
        48.13265910984683
    ],
    "desired_speed": 7.197804355621337,
    "angle": 0.019747415100805674,
    "angle_last": 0.12070595904257969,
    "angle_target": 0.0043401202993165345,
    "angle_final": 0.0043401202993165345,
    "delta": 0.25,
    "agent": "only_traj",
    "steer_traj": 0.000693597491002933,
    "throttle_traj": 0.75,
    "brake_traj": 0.0,
    "plan": [
        [
            0.08908209949731827,
            2.870917320251465
        ],
        [
            0.2949392795562744,
            6.258084297180176
        ],
        [
            0.6743376851081848,
            9.717914581298828
        ],
        [
            1.0693572759628296,
            13.417866706848145
        ],
        [
            1.7362120151519775,
            17.012046813964844
        ],
        [
            2.441850185394287,
            20.688974380493164
        ]
    ]
}