{
    "speed": 4.813763820976037,
    "steer": 0.0019317527767270803,
    "throttle": 0.75,
    "brake": 0.0,
    "wp_4": [
        0.9993067979812622,
        14.27509593963623
    ],
    "wp_3": [
        0.6586495637893677,
        10.365972518920898
    ],
    "wp_2": [
        0.26560738682746887,
        6.697109222412109
    ],
    "wp_1": [
        0.08972591906785965,
        3.043552875518799
    ],
    "aim": [
        0.08972591906785965,
        3.043552875518799
    ],
    "target": [
        0.4724569615409209,
        45.46988997331544
    ],
    "desired_speed": 7.606037139892577,
    "angle": 0.018762501822489838,
    "angle_last": -0.07568413976459404,
    "angle_target": 0.006614588685768965,
    "angle_final": 0.006614588685768965,
    "delta": 0.25,
    "agent": "only_traj",
    "steer_traj": 0.0019317527689695154,
    "throttle_traj": 0.75,
    "brake_traj": 0.0,
    "plan": [
        [
            0.08972591906785965,
            3.043552875518799
        ],
        [
            0.26560738682746887,
            6.697109222412109
        ],
        [
            0.6586495637893677,
            10.365972518920898
        ],
        [
            0.9993067979812622,
            14.27509593963623
        ],
        [
            1.1444315910339355,
            17.76186180114746
        ],
        [
            0.6399205327033997,
            21.985563278198242
        ]
    ]
}