{
    "speed": 4.920118722403335,
    "steer": 0.002422293880954385,
    "throttle": 0.75,
    "brake": 0.0,
    "wp_4": [
        0.4570697247982025,
        14.647547721862793
    ],
    "wp_3": [
        0.3509630560874939,
        10.687122344970703
    ],
    "wp_2": [
        0.14441591501235962,
        6.9331817626953125
    ],
    "wp_1": [
        0.05568280816078186,
        3.195260524749756
    ],
    "aim": [
        0.05568280816078186,
        3.195260524749756
    ],
    "target": [
        0.06396925459083569,
        43.02058988550723
    ],
    "desired_speed": 7.277566814422606,
    "angle": 0.011093034185464073,
    "angle_last": -0.13348431205186384,
    "angle_target": 0.0009466179424974574,
    "angle_final": 0.0009466179424974574,
    "delta": 0.25,
    "agent": "only_traj",
    "steer_traj": 0.0024222938476846567,
    "throttle_traj": 0.75,
    "brake_traj": 0.0,
    "plan": [
        [
            0.05568280816078186,
            3.195260524749756
        ],
        [
            0.14441591501235962,
            6.9331817626953125
        ],
        [
            0.3509630560874939,
            10.687122344970703
        ],
        [
            0.4570697247982025,
            14.647547721862793
        ],
        [
            0.7146264314651489,
            18.444425582885742
        ],
        [
            0.10520793497562408,
            21.30817413330078
        ]
    ]
}