{
    "speed": 5.186964230508527,
    "steer": 0.006478395778685808,
    "throttle": 0.0,
    "brake": 0.0,
    "wp_4": [
        0.29405099153518677,
        14.62677001953125
    ],
    "wp_3": [
        0.2027427852153778,
        10.664270401000977
    ],
    "wp_2": [
        -0.21778763830661774,
        6.848670959472656
    ],
    "wp_1": [
        0.02837221883237362,
        3.191763401031494
    ],
    "aim": [
        0.02837221883237362,
        3.191763401031494
    ],
    "target": [
        0.28138277117480914,
        41.59002789244503
    ],
    "desired_speed": 7.071550559997558,
    "angle": 0.00565885979081115,
    "angle_last": 0.010315530984944287,
    "angle_target": 0.004307068585336897,
    "angle_final": 0.004307068585336897,
    "delta": 0.25,
    "agent": "only_traj",
    "steer_traj": 0.006478395876211641,
    "throttle_traj": 0.0,
    "brake_traj": 0.0,
    "plan": [
        [
            0.02837221883237362,
            3.191763401031494
        ],
        [
            -0.21778763830661774,
            6.848670959472656
        ],
        [
            0.2027427852153778,
            10.664270401000977
        ],
        [
            0.29405099153518677,
            14.62677001953125
        ],
        [
            0.47145888209342957,
            18.63193702697754
        ],
        [
            0.5071431398391724,
            20.83399200439453
        ]
    ]
}