{
    "speed": 4.979878394913397,
    "steer": 0.005949021317064762,
    "throttle": 0.75,
    "brake": 0.0,
    "wp_4": [
        0.21959024667739868,
        14.699825286865234
    ],
    "wp_3": [
        -0.025892341509461403,
        10.813491821289062
    ],
    "wp_2": [
        -0.4990285634994507,
        6.834002494812012
    ],
    "wp_1": [
        0.012144763022661209,
        3.179797410964966
    ],
    "aim": [
        0.012144763022661209,
        3.179797410964966
    ],
    "target": [
        -0.6779458666956479,
        38.17549103787689
    ],
    "desired_speed": 7.4724602699279785,
    "angle": 0.0024314436259985695,
    "angle_last": 0.0021460176096828143,
    "angle_target": -0.011304330856527664,
    "angle_final": 0.0024314436259985695,
    "delta": 0.25,
    "agent": "only_traj",
    "steer_traj": 0.005949021516218251,
    "throttle_traj": 0.75,
    "brake_traj": 0.0,
    "plan": [
        [
            0.012144763022661209,
            3.179797410964966
        ],
        [
            -0.4990285634994507,
            6.834002494812012
        ],
        [
            -0.025892341509461403,
            10.813491821289062
        ],
        [
            0.21959024667739868,
            14.699825286865234
        ],
        [
            0.3829095959663391,
            18.713714599609375
        ],
        [
            0.39326712489128113,
            21.786256790161133
        ]
    ]
}