{
    "speed": 4.8238706491011145,
    "steer": -0.017415452748537064,
    "throttle": 0.75,
    "brake": 0.0,
    "wp_4": [
        0.15981437265872955,
        15.1157808303833
    ],
    "wp_3": [
        -0.4447154104709625,
        11.103215217590332
    ],
    "wp_2": [
        -0.44472309947013855,
        7.056580543518066
    ],
    "wp_1": [
        -0.5228122472763062,
        3.390359878540039
    ],
    "aim": [
        -0.5228122472763062,
        3.390359878540039
    ],
    "target": [
        -0.9618484611879352,
        35.231245615555025
    ],
    "desired_speed": 7.472670650482177,
    "angle": -0.0974030788513637,
    "angle_last": 0.039809805640874905,
    "angle_target": -0.017376044273324533,
    "angle_final": -0.017376044273324533,
    "delta": 0.25,
    "agent": "only_traj",
    "steer_traj": -0.017415452943014727,
    "throttle_traj": 0.75,
    "brake_traj": 0.0,
    "plan": [
        [
            -0.5228122472763062,
            3.390359878540039
        ],
        [
            -0.44472309947013855,
            7.056580543518066
        ],
        [
            -0.4447154104709625,
            11.103215217590332
        ],
        [
            0.15981437265872955,
            15.1157808303833
        ],
        [
            0.3010382652282715,
            19.142948150634766
        ],
        [
            0.48104748129844666,
            22.0178165435791
        ]
    ]
}