{
    "speed": 4.929417552954702,
    "steer": -0.006927874404937029,
    "throttle": 0.75,
    "brake": 0.0,
    "wp_4": [
        0.11055271327495575,
        14.901491165161133
    ],
    "wp_3": [
        -0.3519339859485626,
        10.6782865524292
    ],
    "wp_2": [
        0.0736784040927887,
        6.952053070068359
    ],
    "wp_1": [
        0.1416947841644287,
        3.435194253921509
    ],
    "aim": [
        0.1416947841644287,
        3.435194253921509
    ],
    "target": [
        -0.4588903917735778,
        33.60670543778716
    ],
    "desired_speed": 7.767287921905519,
    "angle": 0.026244366930312582,
    "angle_last": 0.022642959962946414,
    "angle_target": -0.008692329057697719,
    "angle_final": -0.008692329057697719,
    "delta": 0.25,
    "agent": "only_traj",
    "steer_traj": -0.006927874405461492,
    "throttle_traj": 0.75,
    "brake_traj": 0.0,
    "plan": [
        [
            0.1416947841644287,
            3.435194253921509
        ],
        [
            0.0736784040927887,
            6.952053070068359
        ],
        [
            -0.3519339859485626,
            10.6782865524292
        ],
        [
            0.11055271327495575,
            14.901491165161133
        ],
        [
            0.3293988108634949,
            18.837512969970703
        ],
        [
            0.4702052175998688,
            22.794696807861328
        ]
    ]
}