{
    "speed": 5.191987283817429,
    "steer": 0.008540824055671692,
    "throttle": 0.0,
    "brake": 0.0,
    "wp_4": [
        -0.05458221212029457,
        15.18386459350586
    ],
    "wp_3": [
        -0.17211543023586273,
        10.821968078613281
    ],
    "wp_2": [
        0.0985950157046318,
        7.158236026763916
    ],
    "wp_1": [
        0.74750816822052,
        3.7669379711151123
    ],
    "aim": [
        0.74750816822052,
        3.7669379711151123
    ],
    "target": [
        0.48422337467877874,
        30.757432739907934
    ],
    "desired_speed": 7.804196548461913,
    "angle": 0.12471019538899507,
    "angle_last": 0.030866583614632542,
    "angle_target": 0.010021665751207281,
    "angle_final": 0.010021665751207281,
    "delta": 0.25,
    "agent": "only_traj",
    "steer_traj": 0.008540823896882434,
    "throttle_traj": 0.0,
    "brake_traj": 0.0,
    "plan": [
        [
            0.74750816822052,
            3.7669379711151123
        ],
        [
            0.0985950157046318,
            7.158236026763916
        ],
        [
            -0.17211543023586273,
            10.821968078613281
        ],
        [
            -0.05458221212029457,
            15.18386459350586
        ],
        [
            0.48766669631004333,
            19.13398551940918
        ],
        [
            0.68314528465271,
            23.162548065185547
        ]
    ]
}