{
    "speed": 4.973998903804646,
    "steer": 0.00244146678596735,
    "throttle": 0.75,
    "brake": 0.0,
    "wp_4": [
        -0.44501811265945435,
        14.767130851745605
    ],
    "wp_3": [
        -0.015149125829339027,
        10.6930513381958
    ],
    "wp_2": [
        0.08653945475816727,
        7.049020290374756
    ],
    "wp_1": [
        0.021533945575356483,
        3.2944610118865967
    ],
    "aim": [
        0.021533945575356483,
        3.2944610118865967
    ],
    "target": [
        -0.4057688440778682,
        27.34909554301815
    ],
    "desired_speed": 7.634848022460937,
    "angle": 0.00416115108780891,
    "angle_last": 0.08375122053822572,
    "angle_target": -0.009444609123976669,
    "angle_final": 0.00416115108780891,
    "delta": 0.25,
    "agent": "only_traj",
    "steer_traj": 0.002441466760589034,
    "throttle_traj": 0.75,
    "brake_traj": 0.0,
    "plan": [
        [
            0.021533945575356483,
            3.2944610118865967
        ],
        [
            0.08653945475816727,
            7.049020290374756
        ],
        [
            -0.015149125829339027,
            10.6930513381958
        ],
        [
            -0.44501811265945435,
            14.767130851745605
        ],
        [
            0.14916956424713135,
            18.9444580078125
        ],
        [
            0.5912988781929016,
            22.285812377929688
        ]
    ]
}