{
    "speed": 4.8271002480671585,
    "steer": -0.010045312345027924,
    "throttle": 0.75,
    "brake": 0.0,
    "wp_4": [
        -0.26638996601104736,
        14.15216064453125
    ],
    "wp_3": [
        0.23056305944919586,
        10.525445938110352
    ],
    "wp_2": [
        0.12210145592689514,
        6.901888847351074
    ],
    "wp_1": [
        0.7148653864860535,
        3.293119430541992
    ],
    "aim": [
        0.7148653864860535,
        3.293119430541992
    ],
    "target": [
        -0.4021834654482177,
        24.738455983797923
    ],
    "desired_speed": 7.571906185150146,
    "angle": 0.13608511654174352,
    "angle_last": 0.15807521413856268,
    "angle_target": -0.010348883241094902,
    "angle_final": -0.010348883241094902,
    "delta": 0.25,
    "agent": "only_traj",
    "steer_traj": -0.010045312193593755,
    "throttle_traj": 0.75,
    "brake_traj": 0.0,
    "plan": [
        [
            0.7148653864860535,
            3.293119430541992
        ],
        [
            0.12210145592689514,
            6.901888847351074
        ],
        [
            0.23056305944919586,
            10.525445938110352
        ],
        [
            -0.26638996601104736,
            14.15216064453125
        ],
        [
            -0.33524569869041443,
            18.17015838623047
        ],
        [
            0.6399965882301331,
            22.016719818115234
        ]
    ]
}