{
    "speed": 4.939985193737591,
    "steer": -0.019579876214265823,
    "throttle": 0.75,
    "brake": 0.0,
    "wp_4": [
        -0.06934334337711334,
        14.409309387207031
    ],
    "wp_3": [
        0.10587825626134872,
        10.675543785095215
    ],
    "wp_2": [
        0.05868031829595566,
        6.9436492919921875
    ],
    "wp_1": [
        1.0878572463989258,
        3.4166553020477295
    ],
    "aim": [
        1.0878572463989258,
        3.4166553020477295
    ],
    "target": [
        -0.46430364831198023,
        23.451077451255415
    ],
    "desired_speed": 7.781479549407959,
    "angle": 0.1962376059791657,
    "angle_last": 0.11793616555215798,
    "angle_target": -0.012602673381083247,
    "angle_final": -0.012602673381083247,
    "delta": 0.25,
    "agent": "only_traj",
    "steer_traj": -0.019579875687745257,
    "throttle_traj": 0.75,
    "brake_traj": 0.0,
    "plan": [
        [
            1.0878572463989258,
            3.4166553020477295
        ],
        [
            0.05868031829595566,
            6.9436492919921875
        ],
        [
            0.10587825626134872,
            10.675543785095215
        ],
        [
            -0.06934334337711334,
            14.409309387207031
        ],
        [
            -0.43305090069770813,
            18.580955505371094
        ],
        [
            0.3262188136577606,
            22.63250160217285
        ]
    ]
}