{
    "speed": 5.1850815707655205,
    "steer": -0.009899226948618889,
    "throttle": 0.0,
    "brake": 0.0,
    "wp_4": [
        0.30620330572128296,
        15.052030563354492
    ],
    "wp_3": [
        0.19876642525196075,
        10.998613357543945
    ],
    "wp_2": [
        0.0960070863366127,
        7.138286113739014
    ],
    "wp_1": [
        0.5436912775039673,
        3.2078092098236084
    ],
    "aim": [
        0.5436912775039673,
        3.2078092098236084
    ],
    "target": [
        -0.22063433403045263,
        21.43679937671139
    ],
    "desired_speed": 7.829916858673096,
    "angle": 0.10688484358408658,
    "angle_last": 0.009619762381492323,
    "angle_target": -0.00655206113661073,
    "angle_final": -0.00655206113661073,
    "delta": 0.25,
    "agent": "only_traj",
    "steer_traj": -0.009899227024133084,
    "throttle_traj": 0.0,
    "brake_traj": 0.0,
    "plan": [
        [
            0.5436912775039673,
            3.2078092098236084
        ],
        [
            0.0960070863366127,
            7.138286113739014
        ],
        [
            0.19876642525196075,
            10.998613357543945
        ],
        [
            0.30620330572128296,
            15.052030563354492
        ],
        [
            0.24055466055870056,
            19.120628356933594
        ],
        [
            0.29545336961746216,
            22.75345230102539
        ]
    ]
}