{
    "speed": 4.975820557755961,
    "steer": 0.017523154616355896,
    "throttle": 0.75,
    "brake": 0.0,
    "wp_4": [
        0.37586167454719543,
        14.372879028320312
    ],
    "wp_3": [
        0.6635251045227051,
        10.550732612609863
    ],
    "wp_2": [
        0.6913480162620544,
        6.609151840209961
    ],
    "wp_1": [
        0.1405557245016098,
        3.025024652481079
    ],
    "aim": [
        0.1405557245016098,
        3.025024652481079
    ],
    "target": [
        0.46323783344836844,
        18.51368513527602
    ],
    "desired_speed": 7.706466484069823,
    "angle": 0.029558830061547435,
    "angle_last": -0.022123921241095825,
    "angle_target": 0.015925778207373016,
    "angle_final": 0.015925778207373016,
    "delta": 0.25,
    "agent": "only_traj",
    "steer_traj": 0.01752315487993554,
    "throttle_traj": 0.75,
    "brake_traj": 0.0,
    "plan": [
        [
            0.1405557245016098,
            3.025024652481079
        ],
        [
            0.6913480162620544,
            6.609151840209961
        ],
        [
            0.6635251045227051,
            10.550732612609863
        ],
        [
            0.37586167454719543,
            14.372879028320312
        ],
        [
            0.3105134963989258,
            18.111127853393555
        ],
        [
            0.16713719069957733,
            22.235145568847656
        ]
    ]
}