{
    "speed": 4.828603329353028,
    "steer": 0.006799620576202869,
    "throttle": 0.75,
    "brake": 0.0,
    "wp_4": [
        0.23954592645168304,
        14.980568885803223
    ],
    "wp_3": [
        0.6895473003387451,
        10.998784065246582
    ],
    "wp_2": [
        0.18959785997867584,
        7.011075496673584
    ],
    "wp_1": [
        0.04036518931388855,
        3.273909330368042
    ],
    "aim": [
        0.04036518931388855,
        3.273909330368042
    ],
    "target": [
        0.26288443150055296,
        15.53309906896226
    ],
    "desired_speed": 8.15554552078247,
    "angle": 0.007848694329708016,
    "angle_last": -0.02814511244941596,
    "angle_target": 0.010773217269638298,
    "angle_final": 0.007848694329708016,
    "delta": 0.25,
    "agent": "only_traj",
    "steer_traj": 0.006799620366607841,
    "throttle_traj": 0.75,
    "brake_traj": 0.0,
    "plan": [
        [
            0.04036518931388855,
            3.273909330368042
        ],
        [
            0.18959785997867584,
            7.011075496673584
        ],
        [
            0.6895473003387451,
            10.998784065246582
        ],
        [
            0.23954592645168304,
            14.980568885803223
        ],
        [
            0.07645837962627411,
            18.980113983154297
        ],
        [
            -0.12771707773208618,
            23.59539222717285
        ]
    ]
}