{
    "speed": 4.941036127439591,
    "steer": 0.002809766214340925,
    "throttle": 0.75,
    "brake": 0.0,
    "wp_4": [
        0.03981876000761986,
        14.943685531616211
    ],
    "wp_3": [
        0.003046731697395444,
        10.85269832611084
    ],
    "wp_2": [
        -0.3076598048210144,
        7.108715534210205
    ],
    "wp_1": [
        -0.005332453176379204,
        3.2384886741638184
    ],
    "aim": [
        -0.005332453176379204,
        3.2384886741638184
    ],
    "target": [
        0.19424021280564285,
        13.579895735823456
    ],
    "desired_speed": 8.082634353637696,
    "angle": -0.0010482341921598155,
    "angle_last": -0.06546936418786764,
    "angle_target": 0.009105278160858037,
    "angle_final": -0.0010482341921598155,
    "delta": 0.25,
    "agent": "only_traj",
    "steer_traj": 0.0028097661944448075,
    "throttle_traj": 0.75,
    "brake_traj": 0.0,
    "plan": [
        [
            -0.005332453176379204,
            3.2384886741638184
        ],
        [
            -0.3076598048210144,
            7.108715534210205
        ],
        [
            0.003046731697395444,
            10.85269832611084
        ],
        [
            0.03981876000761986,
            14.943685531616211
        ],
        [
            0.08834098279476166,
            19.188369750976562
        ],
        [
            -0.34606650471687317,
            23.397615432739258
        ]
    ]
}