{
    "speed": 5.18685654019185,
    "steer": -0.008251023478806019,
    "throttle": 0.0,
    "brake": 0.0,
    "wp_4": [
        -0.10570844262838364,
        14.889578819274902
    ],
    "wp_3": [
        -0.19377076625823975,
        10.954046249389648
    ],
    "wp_2": [
        -0.5645092129707336,
        7.0498833656311035
    ],
    "wp_1": [
        -0.3619987964630127,
        3.173201084136963
    ],
    "aim": [
        -0.3619987964630127,
        3.173201084136963
    ],
    "target": [
        -0.22160590717338557,
        11.408441725639843
    ],
    "desired_speed": 7.831340885162353,
    "angle": -0.07231298606324808,
    "angle_last": -0.04237861955179631,
    "angle_target": -0.012364612594977899,
    "angle_final": -0.012364612594977899,
    "delta": 0.25,
    "agent": "only_traj",
    "steer_traj": -0.008251023436084047,
    "throttle_traj": 0.0,
    "brake_traj": 0.0,
    "plan": [
        [
            -0.3619987964630127,
            3.173201084136963
        ],
        [
            -0.5645092129707336,
            7.0498833656311035
        ],
        [
            -0.19377076625823975,
            10.954046249389648
        ],
        [
            -0.10570844262838364,
            14.889578819274902
        ],
        [
            -0.12609946727752686,
            19.09481430053711
        ],
        [
            -0.36775368452072144,
            22.719623565673828
        ]
    ]
}