{
    "speed": 4.975799280352151,
    "steer": -0.0022558006457984447,
    "throttle": 0.75,
    "brake": 0.0,
    "wp_4": [
        0.08750130236148834,
        14.411652565002441
    ],
    "wp_3": [
        -0.4893819987773895,
        10.541997909545898
    ],
    "wp_2": [
        -0.4054356813430786,
        6.699687957763672
    ],
    "wp_1": [
        -0.010716309770941734,
        3.1788315773010254
    ],
    "aim": [
        -0.010716309770941734,
        3.1788315773010254
    ],
    "target": [
        0.3130011562085083,
        8.003256911082628
    ],
    "desired_speed": 7.459405994415283,
    "angle": -0.002146073264753198,
    "angle_last": 0.022171904583187865,
    "angle_target": 0.02488502209826935,
    "angle_final": -0.002146073264753198,
    "delta": 0.25,
    "agent": "only_traj",
    "steer_traj": -0.0022558005847190215,
    "throttle_traj": 0.75,
    "brake_traj": 0.0,
    "plan": [
        [
            -0.010716309770941734,
            3.1788315773010254
        ],
        [
            -0.4054356813430786,
            6.699687957763672
        ],
        [
            -0.4893819987773895,
            10.541997909545898
        ],
        [
            0.08750130236148834,
            14.411652565002441
        ],
        [
            0.21870659291744232,
            18.312747955322266
        ],
        [
            0.3387208878993988,
            21.757312774658203
        ]
    ]
}