{
    "speed": 4.830039248174161,
    "steer": 0.0016656125662848353,
    "throttle": 0.75,
    "brake": 0.0,
    "wp_4": [
        -0.05939292535185814,
        14.630455017089844
    ],
    "wp_3": [
        -0.5928070545196533,
        10.493578910827637
    ],
    "wp_2": [
        -0.184343159198761,
        6.653314113616943
    ],
    "wp_1": [
        0.015908757224678993,
        3.1768956184387207
    ],
    "aim": [
        0.015908757224678993,
        3.1768956184387207
    ],
    "target": [
        0.43968532277975936,
        5.923332507012727
    ],
    "desired_speed": 7.759203243255615,
    "angle": 0.0031879250220728707,
    "angle_last": 0.018136856494516667,
    "angle_target": 0.04716938596480486,
    "angle_final": 0.0031879250220728707,
    "delta": 0.25,
    "agent": "only_traj",
    "steer_traj": 0.0016656126186387272,
    "throttle_traj": 0.75,
    "brake_traj": 0.0,
    "plan": [
        [
            0.015908757224678993,
            3.1768956184387207
        ],
        [
            -0.184343159198761,
            6.653314113616943
        ],
        [
            -0.5928070545196533,
            10.493578910827637
        ],
        [
            -0.05939292535185814,
            14.630455017089844
        ],
        [
            0.2133040875196457,
            18.49366569519043
        ],
        [
            0.3275294601917267,
            22.501991271972656
        ]
    ]
}