{
    "speed": 4.9374782957367325,
    "steer": -0.005702363792806864,
    "throttle": 0.75,
    "brake": 0.0,
    "wp_4": [
        -0.11984818428754807,
        14.442667961120605
    ],
    "wp_3": [
        -0.5260308980941772,
        10.513510704040527
    ],
    "wp_2": [
        -0.0683266893029213,
        6.812985420227051
    ],
    "wp_1": [
        -0.005066981073468924,
        3.2354073524475098
    ],
    "aim": [
        -0.005066981073468924,
        3.2354073524475098
    ],
    "target": [
        0.2562412861666896,
        3.1317426652730025
    ],
    "desired_speed": 7.677626705169677,
    "angle": -0.0009970077733847198,
    "angle_last": 0.009319917076928762,
    "angle_target": 0.05197288364638651,
    "angle_final": -0.0009970077733847198,
    "delta": 0.25,
    "agent": "only_traj",
    "steer_traj": -0.005702363659569305,
    "throttle_traj": 0.75,
    "brake_traj": 0.0,
    "plan": [
        [
            -0.005066981073468924,
            3.2354073524475098
        ],
        [
            -0.0683266893029213,
            6.812985420227051
        ],
        [
            -0.5260308980941772,
            10.513510704040527
        ],
        [
            -0.11984818428754807,
            14.442667961120605
        ],
        [
            -0.010756096802651882,
            18.38431739807129
        ],
        [
            0.047712117433547974,
            22.377840042114258
        ]
    ]
}