{
    "speed": 4.824834705582304,
    "steer": 0.016103345900774002,
    "throttle": 0.75,
    "brake": 0.0,
    "wp_4": [
        -0.22706742584705353,
        13.951403617858887
    ],
    "wp_3": [
        -0.3427802324295044,
        10.076175689697266
    ],
    "wp_2": [
        -0.021057438105344772,
        6.611110210418701
    ],
    "wp_1": [
        0.11524263024330139,
        3.2885663509368896
    ],
    "aim": [
        0.11524263024330139,
        3.2885663509368896
    ],
    "target": [
        -0.369584398385006,
        1.6889303518387342
    ],
    "desired_speed": 7.373148822784424,
    "angle": 0.022300236248593328,
    "angle_last": 0.006206640962246173,
    "angle_target": -0.1371480509983744,
    "angle_final": 0.022300236248593328,
    "delta": 0.25,
    "agent": "only_traj",
    "steer_traj": 0.016103346142988816,
    "throttle_traj": 0.75,
    "brake_traj": 0.0,
    "plan": [
        [
            0.11524263024330139,
            3.2885663509368896
        ],
        [
            -0.021057438105344772,
            6.611110210418701
        ],
        [
            -0.3427802324295044,
            10.076175689697266
        ],
        [
            -0.22706742584705353,
            13.951403617858887
        ],
        [
            -0.08141818642616272,
            17.8137149810791
        ],
        [
            -0.043536923825740814,
            21.69908332824707
        ]
    ]
}