{
    "speed": 1.7672594365002185e-05,
    "steer": -0.000302116823149845,
    "throttle": 0.75,
    "brake": 0.0,
    "wp_4": [
        0.015421884134411812,
        8.262449264526367
    ],
    "wp_3": [
        0.011616026051342487,
        5.363077163696289
    ],
    "wp_2": [
        -0.0010212836787104607,
        2.934514045715332
    ],
    "wp_1": [
        0.0038301153108477592,
        1.1190717220306396
    ],
    "aim": [
        -0.0010212836787104607,
        2.934514045715332
    ],
    "target": [
        -0.5183045575734483,
        52.252434537362305
    ],
    "desired_speed": 5.463603115081787,
    "angle": -0.00022155362961593874,
    "angle_last": -0.002143189407103637,
    "angle_target": -0.006314578663847459,
    "angle_final": -0.00022155362961593874,
    "delta": 0.25,
    "agent": "only_traj",
    "steer_traj": -0.0003021168175674438,
    "throttle_traj": 0.75,
    "brake_traj": 0.0,
    "plan": [
        [
            0.0038301153108477592,
            1.1190717220306396
        ],
        [
            -0.0010212836787104607,
            2.934514045715332
        ],
        [
            0.011616026051342487,
            5.363077163696289
        ],
        [
            0.015421884134411812,
            8.262449264526367
        ],
        [
            -0.010602513328194618,
            11.507868766784668
        ],
        [
            -0.021611342206597328,
            14.777915000915527
        ]
    ],
    "command": 3,
    "all_plan": [
        [
            [
                0.015777908265590668,
                1.6370941400527954
            ],
            [
                -0.023960068821907043,
                3.887045383453369
            ],
            [
                -0.02063882164657116,
                6.436927795410156
            ],
            [
                -0.1552652269601822,
                8.81899356842041
            ],
            [
                -0.24310004711151123,
                10.669404029846191
            ],
            [
                -0.2797847092151642,
                12.220405578613281
            ]
        ],
        [
            [
                0.011047473177313805,
                1.980154037475586
            ],
            [
                -0.12250224500894547,
                4.767438888549805
            ],
            [
                -0.15049861371517181,
                7.010893821716309
            ],
            [
                0.08332167565822601,
                8.919156074523926
            ],
            [
                0.6856623888015747,
                10.501344680786133
            ],
            [
                1.548995018005371,
                11.836675643920898
            ]
        ],
        [
            [
                -0.021962970495224,
                1.117079734802246
            ],
            [
                -0.038638435304164886,
                3.017667055130005
            ],
            [
                -0.031952690333127975,
                5.653310298919678
            ],
            [
                -0.009929664433002472,
                9.067557334899902
            ],
            [
                0.05787572264671326,
                13.16900634765625
            ],
            [
                0.029325421899557114,
                17.623836517333984
            ]
        ],
        [
            [
                0.0038301153108477592,
                1.1190717220306396
            ],
            [
                -0.0010212836787104607,
                2.934514045715332
            ],
            [
                0.011616026051342487,
                5.363077163696289
            ],
            [
                0.015421884134411812,
                8.262449264526367
            ],
            [
                -0.010602513328194618,
                11.507868766784668
            ],
            [
                -0.021611342206597328,
                14.777915000915527
            ]
        ],
        [
            [
                0.016323596239089966,
                0.34233179688453674
            ],
            [
                0.025173695757985115,
                1.3080291748046875
            ],
            [
                0.020700562745332718,
                2.6977639198303223
            ],
            [
                0.031913891434669495,
                4.707523822784424
            ],
            [
                -0.01180519163608551,
                7.279869079589844
            ],
            [
                0.019705168902873993,
                10.378538131713867
            ]
        ],
        [
            [
                0.05314400792121887,
                0.5425001978874207
            ],
            [
                0.09178496152162552,
                1.8308496475219727
            ],
            [
                0.14941023290157318,
                3.75907564163208
            ],
            [
                0.15933218598365784,
                6.301819801330566
            ],
            [
                0.10536401718854904,
                9.426667213439941
            ],
            [
                -0.0871344581246376,
                13.081149101257324
            ]
        ]
    ]
}