{
    "speed": 5.285183539851821,
    "steer": 0.0006063426844775677,
    "throttle": 0.75,
    "brake": 0.0,
    "wp_4": [
        -0.001140272244811058,
        13.849559783935547
    ],
    "wp_3": [
        0.003198769874870777,
        10.126078605651855
    ],
    "wp_2": [
        0.0027311937883496284,
        6.515030860900879
    ],
    "wp_1": [
        0.00348846148699522,
        3.0393147468566895
    ],
    "aim": [
        0.00348846148699522,
        3.0393147468566895
    ],
    "target": [
        0.5751323451420054,
        50.49416507051155
    ],
    "desired_speed": 7.329367446899414,
    "angle": 0.0007307265226653947,
    "angle_last": -0.0014569071774989117,
    "angle_target": 0.007250833631170102,
    "angle_final": 0.0007307265226653947,
    "delta": 0.25,
    "agent": "only_traj",
    "steer_traj": 0.0006063426621238605,
    "throttle_traj": 0.75,
    "brake_traj": 0.0,
    "plan": [
        [
            0.00348846148699522,
            3.0393147468566895
        ],
        [
            0.0027311937883496284,
            6.515030860900879
        ],
        [
            0.003198769874870777,
            10.126078605651855
        ],
        [
            -0.001140272244811058,
            13.849559783935547
        ],
        [
            -0.017831342294812202,
            17.6708984375
        ],
        [
            -0.026280265301465988,
            21.36268424987793
        ]
    ],
    "command": 3,
    "all_plan": [
        [
            [
                0.05302997678518295,
                3.263381004333496
            ],
            [
                -0.002584122121334076,
                6.5758056640625
            ],
            [
                -0.08965412527322769,
                9.911759376525879
            ],
            [
                -0.3527713716030121,
                13.101454734802246
            ],
            [
                -0.660895586013794,
                16.086986541748047
            ],
            [
                -1.04184889793396,
                18.824541091918945
            ]
        ],
        [
            [
                0.3228103518486023,
                2.8851401805877686
            ],
            [
                0.667892575263977,
                5.944938659667969
            ],
            [
                1.560476541519165,
                8.476466178894043
            ],
            [
                3.027397871017456,
                10.779008865356445
            ],
            [
                4.573925971984863,
                12.95523452758789
            ],
            [
                6.03788423538208,
                15.120962142944336
            ]
        ],
        [
            [
                0.007451414130628109,
                3.2049193382263184
            ],
            [
                -0.013248301111161709,
                6.739029884338379
            ],
            [
                -0.004955807700753212,
                10.479248046875
            ],
            [
                0.01734185218811035,
                14.478266716003418
            ],
            [
                0.04860009253025055,
                18.595813751220703
            ],
            [
                0.0759722888469696,
                22.800724029541016
            ]
        ],
        [
            [
                0.00348846148699522,
                3.0393147468566895
            ],
            [
                0.0027311937883496284,
                6.515030860900879
            ],
            [
                0.003198769874870777,
                10.126078605651855
            ],
            [
                -0.001140272244811058,
                13.849559783935547
            ],
            [
                -0.017831342294812202,
                17.6708984375
            ],
            [
                -0.026280265301465988,
                21.36268424987793
            ]
        ],
        [
            [
                -0.00869692862033844,
                2.2927908897399902
            ],
            [
                -0.08616477251052856,
                5.192131042480469
            ],
            [
                -0.17505057156085968,
                8.41879653930664
            ],
            [
                -0.2664775252342224,
                12.305745124816895
            ],
            [
                -0.3635328710079193,
                16.71427345275879
            ],
            [
                -0.39030054211616516,
                21.341739654541016
            ]
        ],
        [
            [
                0.29131537675857544,
                2.830716609954834
            ],
            [
                0.38117122650146484,
                5.690131187438965
            ],
            [
                0.5671617984771729,
                8.679887771606445
            ],
            [
                0.5826095342636108,
                12.019168853759766
            ],
            [
                0.5300936102867126,
                15.657432556152344
            ],
            [
                0.4858453869819641,
                19.51685905456543
            ]
        ]
    ]
}