{
    "speed": 6.6166765606754145,
    "steer": 0.00024240874336101115,
    "throttle": 0.75,
    "brake": 0.0,
    "wp_4": [
        0.0033291224390268326,
        13.884429931640625
    ],
    "wp_3": [
        0.007604655809700489,
        10.136691093444824
    ],
    "wp_2": [
        0.004816328175365925,
        6.494893550872803
    ],
    "wp_1": [
        0.0019990457221865654,
        3.0153746604919434
    ],
    "aim": [
        0.0019990457221865654,
        3.0153746604919434
    ],
    "target": [
        -0.5618747861891848,
        47.79889835638975
    ],
    "desired_speed": 7.405322742462158,
    "angle": 0.0004220778631715962,
    "angle_last": -0.0008986530493365361,
    "angle_target": -0.00748310393188029,
    "angle_final": 0.0004220778631715962,
    "delta": 0.25,
    "agent": "only_traj",
    "steer_traj": 0.00024240873864936997,
    "throttle_traj": 0.75,
    "brake_traj": 0.0,
    "plan": [
        [
            0.0019990457221865654,
            3.0153746604919434
        ],
        [
            0.004816328175365925,
            6.494893550872803
        ],
        [
            0.007604655809700489,
            10.136691093444824
        ],
        [
            0.0033291224390268326,
            13.884429931640625
        ],
        [
            -0.010964157059788704,
            17.7502498626709
        ],
        [
            -0.01629791036248207,
            21.52864646911621
        ]
    ],
    "command": 3,
    "all_plan": [
        [
            [
                0.0535547137260437,
                3.253178596496582
            ],
            [
                -0.011925950646400452,
                6.567663192749023
            ],
            [
                -0.10834938287734985,
                9.91761302947998
            ],
            [
                -0.3879773020744324,
                13.132807731628418
            ],
            [
                -0.7156561613082886,
                16.155818939208984
            ],
            [
                -1.1244609355926514,
                18.930519104003906
            ]
        ],
        [
            [
                0.3250860869884491,
                2.8742244243621826
            ],
            [
                0.6571504473686218,
                5.947394371032715
            ],
            [
                1.5377548933029175,
                8.516473770141602
            ],
            [
                2.977126121520996,
                10.862536430358887
            ],
            [
                4.480391502380371,
                13.095040321350098
            ],
            [
                5.892821788787842,
                15.321657180786133
            ]
        ],
        [
            [
                0.013395099900662899,
                3.196268320083618
            ],
            [
                -0.0025771697983145714,
                6.730765342712402
            ],
            [
                0.0063333939760923386,
                10.481575965881348
            ],
            [
                0.026692546904087067,
                14.494356155395508
            ],
            [
                0.05766566842794418,
                18.6322021484375
            ],
            [
                0.09332191944122314,
                22.858606338500977
            ]
        ],
        [
            [
                0.0019990457221865654,
                3.0153746604919434
            ],
            [
                0.004816328175365925,
                6.494893550872803
            ],
            [
                0.007604655809700489,
                10.136691093444824
            ],
            [
                0.0033291224390268326,
                13.884429931640625
            ],
            [
                -0.010964157059788704,
                17.7502498626709
            ],
            [
                -0.01629791036248207,
                21.52864646911621
            ]
        ],
        [
            [
                -0.00534917414188385,
                2.3121252059936523
            ],
            [
                -0.07825063914060593,
                5.234321594238281
            ],
            [
                -0.16363166272640228,
                8.484655380249023
            ],
            [
                -0.2440207302570343,
                12.397500991821289
            ],
            [
                -0.34052929282188416,
                16.816268920898438
            ],
            [
                -0.352559894323349,
                21.463716506958008
            ]
        ],
        [
            [
                0.29626530408859253,
                2.8501672744750977
            ],
            [
                0.3935313820838928,
                5.728512287139893
            ],
            [
                0.5849223136901855,
                8.727272033691406
            ],
            [
                0.6110559105873108,
                12.078446388244629
            ],
            [
                0.5651636123657227,
                15.733338356018066
            ],
            [
                0.533107578754425,
                19.611127853393555
            ]
        ]
    ]
}