{
    "speed": 7.343460454351753,
    "steer": 0.0014938217354938388,
    "throttle": 0.75,
    "brake": 0.0,
    "wp_4": [
        0.010387950576841831,
        15.346320152282715
    ],
    "wp_3": [
        0.01690901443362236,
        11.494606971740723
    ],
    "wp_2": [
        0.008277331478893757,
        7.70074462890625
    ],
    "wp_1": [
        0.0064244819805026054,
        3.8543503284454346
    ],
    "aim": [
        0.0064244819805026054,
        3.8543503284454346
    ],
    "target": [
        0.38456965060309883,
        43.53529280080379
    ],
    "desired_speed": 7.464141178131103,
    "angle": 0.001061155896512456,
    "angle_last": -0.0020003625624595927,
    "angle_target": 0.005623443877489158,
    "angle_final": 0.001061155896512456,
    "delta": 0.12068072377935035,
    "agent": "only_traj",
    "steer_traj": 0.0014938216964586835,
    "throttle_traj": 0.75,
    "brake_traj": 0.0,
    "plan": [
        [
            0.0064244819805026054,
            3.8543503284454346
        ],
        [
            0.008277331478893757,
            7.70074462890625
        ],
        [
            0.01690901443362236,
            11.494606971740723
        ],
        [
            0.010387950576841831,
            15.346320152282715
        ],
        [
            0.004294750280678272,
            19.089956283569336
        ],
        [
            -0.006466587074100971,
            22.514665603637695
        ]
    ],
    "command": 3,
    "all_plan": [
        [
            [
                0.07891532778739929,
                3.8005709648132324
            ],
            [
                0.02426934242248535,
                7.397928237915039
            ],
            [
                -0.08353874087333679,
                10.864012718200684
            ],
            [
                -0.2800561785697937,
                14.10555362701416
            ],
            [
                -0.5707181692123413,
                17.35475730895996
            ],
            [
                -0.942165195941925,
                20.37164306640625
            ]
        ],
        [
            [
                0.4533344805240631,
                3.1552109718322754
            ],
            [
                1.0923986434936523,
                6.064291954040527
            ],
            [
                2.455461263656616,
                8.490571975708008
            ],
            [
                4.488027572631836,
                10.837817192077637
            ],
            [
                6.463736534118652,
                13.115846633911133
            ],
            [
                8.15391731262207,
                15.481817245483398
            ]
        ],
        [
            [
                0.0058807870373129845,
                3.94315767288208
            ],
            [
                -0.029374487698078156,
                7.937947750091553
            ],
            [
                -0.012634199112653732,
                11.884174346923828
            ],
            [
                0.00932137481868267,
                15.839513778686523
            ],
            [
                0.03465566039085388,
                19.712562561035156
            ],
            [
                0.030560623854398727,
                23.645549774169922
            ]
        ],
        [
            [
                0.0064244819805026054,
                3.8543503284454346
            ],
            [
                0.008277331478893757,
                7.70074462890625
            ],
            [
                0.01690901443362236,
                11.494606971740723
            ],
            [
                0.010387950576841831,
                15.346320152282715
            ],
            [
                0.004294750280678272,
                19.089956283569336
            ],
            [
                -0.006466587074100971,
                22.514665603637695
            ]
        ],
        [
            [
                -0.04987481236457825,
                3.0429599285125732
            ],
            [
                -0.1583903431892395,
                6.531627178192139
            ],
            [
                -0.2956146001815796,
                10.279191017150879
            ],
            [
                -0.42987120151519775,
                14.671126365661621
            ],
            [
                -0.558102011680603,
                19.56791114807129
            ],
            [
                -0.6757033467292786,
                24.581031799316406
            ]
        ],
        [
            [
                0.3531595468521118,
                3.6487903594970703
            ],
            [
                0.4231826961040497,
                7.055486679077148
            ],
            [
                0.6403191089630127,
                10.347530364990234
            ],
            [
                0.6630334854125977,
                13.838530540466309
            ],
            [
                0.6455699801445007,
                17.505298614501953
            ],
            [
                0.6073195934295654,
                21.2791690826416
            ]
        ]
    ]
}