{
    "speed": 7.527778332151605,
    "steer": -3.834880408248864e-05,
    "throttle": 0.3032556474208832,
    "brake": 0.0,
    "wp_4": [
        0.08806845545768738,
        15.475564956665039
    ],
    "wp_3": [
        0.07713451981544495,
        11.591028213500977
    ],
    "wp_2": [
        0.04415934532880783,
        7.757012367248535
    ],
    "wp_1": [
        0.019330229610204697,
        3.8767127990722656
    ],
    "aim": [
        0.019330229610204697,
        3.8767127990722656
    ],
    "target": [
        0.0018753935925120563,
        31.750110238876303
    ],
    "desired_speed": 7.573593902587891,
    "angle": 0.003174340534723623,
    "angle_last": -0.0005024261864850187,
    "angle_target": 3.7603417172220954e-05,
    "angle_final": 3.7603417172220954e-05,
    "delta": 0.045815570436285924,
    "agent": "only_traj",
    "steer_traj": -3.834880303426561e-05,
    "throttle_traj": 0.30325563947081097,
    "brake_traj": 0.0,
    "plan": [
        [
            0.019330229610204697,
            3.8767127990722656
        ],
        [
            0.04415934532880783,
            7.757012367248535
        ],
        [
            0.07713451981544495,
            11.591028213500977
        ],
        [
            0.08806845545768738,
            15.475564956665039
        ],
        [
            0.09382778406143188,
            19.267881393432617
        ],
        [
            0.09103168547153473,
            22.810455322265625
        ]
    ],
    "command": 3,
    "all_plan": [
        [
            [
                0.08172740042209625,
                3.796804666519165
            ],
            [
                0.02654847502708435,
                7.405115127563477
            ],
            [
                -0.09340327978134155,
                10.89470100402832
            ],
            [
                -0.3128458261489868,
                14.184967994689941
            ],
            [
                -0.6470487117767334,
                17.505292892456055
            ],
            [
                -1.0656328201293945,
                20.597150802612305
            ]
        ],
        [
            [
                0.4513899087905884,
                3.1778056621551514
            ],
            [
                1.0828883647918701,
                6.136774063110352
            ],
            [
                2.437228202819824,
                8.657341957092285
            ],
            [
                4.424903869628906,
                11.111486434936523
            ],
            [
                6.338062286376953,
                13.495923042297363
            ],
            [
                7.953337669372559,
                15.976316452026367
            ]
        ],
        [
            [
                0.01666031777858734,
                3.973989486694336
            ],
            [
                -0.007976299151778221,
                7.994243144989014
            ],
            [
                0.02545466087758541,
                11.967554092407227
            ],
            [
                0.06134529411792755,
                15.959992408752441
            ],
            [
                0.10210055112838745,
                19.878568649291992
            ],
            [
                0.12778250873088837,
                23.857576370239258
            ]
        ],
        [
            [
                0.019330229610204697,
                3.8767127990722656
            ],
            [
                0.04415934532880783,
                7.757012367248535
            ],
            [
                0.07713451981544495,
                11.591028213500977
            ],
            [
                0.08806845545768738,
                15.475564956665039
            ],
            [
                0.09382778406143188,
                19.267881393432617
            ],
            [
                0.09103168547153473,
                22.810455322265625
            ]
        ],
        [
            [
                -0.055567845702171326,
                3.09177303314209
            ],
            [
                -0.15530893206596375,
                6.644970893859863
            ],
            [
                -0.276532381772995,
                10.457444190979004
            ],
            [
                -0.3838348686695099,
                14.91323471069336
            ],
            [
                -0.49500772356987,
                19.863243103027344
            ],
            [
                -0.5865577459335327,
                24.92128562927246
            ]
        ],
        [
            [
                0.3708254098892212,
                3.715341091156006
            ],
            [
                0.4575897455215454,
                7.171006202697754
            ],
            [
                0.6891528367996216,
                10.504627227783203
            ],
            [
                0.7350067496299744,
                14.010435104370117
            ],
            [
                0.7431918978691101,
                17.701812744140625
            ],
            [
                0.7389740347862244,
                21.496686935424805
            ]
        ]
    ]
}