{
    "speed": 6.604378432741889,
    "steer": 0.0020694315899163485,
    "throttle": 0.75,
    "brake": 0.0,
    "wp_4": [
        0.00744489673525095,
        15.591056823730469
    ],
    "wp_3": [
        0.016039501875638962,
        11.697955131530762
    ],
    "wp_2": [
        0.00892676878720522,
        7.823994159698486
    ],
    "wp_1": [
        0.007758955471217632,
        3.9107868671417236
    ],
    "aim": [
        0.007758955471217632,
        3.9107868671417236
    ],
    "target": [
        -0.8453630733501479,
        29.09066280042354
    ],
    "desired_speed": 7.746039676666259,
    "angle": 0.0012630259319817217,
    "angle_last": -0.0014524296090430142,
    "angle_target": -0.01849471215559621,
    "angle_final": 0.0012630259319817217,
    "delta": 0.25,
    "agent": "only_traj",
    "steer_traj": 0.0020694316231672973,
    "throttle_traj": 0.75,
    "brake_traj": 0.0,
    "plan": [
        [
            0.007758955471217632,
            3.9107868671417236
        ],
        [
            0.00892676878720522,
            7.823994159698486
        ],
        [
            0.016039501875638962,
            11.697955131530762
        ],
        [
            0.00744489673525095,
            15.591056823730469
        ],
        [
            -0.004110353998839855,
            19.47419548034668
        ],
        [
            -0.01278368104249239,
            23.275842666625977
        ]
    ],
    "command": 3,
    "all_plan": [
        [
            [
                0.05716709792613983,
                3.804457902908325
            ],
            [
                -0.0411515086889267,
                7.420077800750732
            ],
            [
                -0.17388859391212463,
                10.973601341247559
            ],
            [
                -0.40389662981033325,
                14.384801864624023
            ],
            [
                -0.7748545408248901,
                17.893341064453125
            ],
            [
                -1.2423259019851685,
                21.199966430664062
            ]
        ],
        [
            [
                0.4876263737678528,
                3.10099458694458
            ],
            [
                1.110123634338379,
                6.017311096191406
            ],
            [
                2.4614622592926025,
                8.590458869934082
            ],
            [
                4.409677028656006,
                11.15558910369873
            ],
            [
                6.19610595703125,
                13.710124015808105
            ],
            [
                7.636777877807617,
                16.389102935791016
            ]
        ],
        [
            [
                0.00861093308776617,
                4.016971111297607
            ],
            [
                -0.018156982958316803,
                8.035013198852539
            ],
            [
                -0.005983690731227398,
                11.971446990966797
            ],
            [
                -0.0006195018067955971,
                15.885822296142578
            ],
            [
                0.020006760954856873,
                19.756738662719727
            ],
            [
                0.04265066608786583,
                23.694658279418945
            ]
        ],
        [
            [
                0.007758955471217632,
                3.9107868671417236
            ],
            [
                0.00892676878720522,
                7.823994159698486
            ],
            [
                0.016039501875638962,
                11.697955131530762
            ],
            [
                0.00744489673525095,
                15.591056823730469
            ],
            [
                -0.004110353998839855,
                19.47419548034668
            ],
            [
                -0.01278368104249239,
                23.275842666625977
            ]
        ],
        [
            [
                -0.048182204365730286,
                3.2170944213867188
            ],
            [
                -0.15738974511623383,
                6.873762130737305
            ],
            [
                -0.331129252910614,
                10.78242015838623
            ],
            [
                -0.4728149175643921,
                15.325578689575195
            ],
            [
                -0.6216561198234558,
                20.326404571533203
            ],
            [
                -0.7484757304191589,
                25.453229904174805
            ]
        ],
        [
            [
                0.4047864079475403,
                3.839557409286499
            ],
            [
                0.4928648769855499,
                7.379878997802734
            ],
            [
                0.6973587274551392,
                10.77660083770752
            ],
            [
                0.7365337610244751,
                14.327874183654785
            ],
            [
                0.7314547896385193,
                18.020360946655273
            ],
            [
                0.7518694996833801,
                21.819604873657227
            ]
        ]
    ]
}