{
    "speed": 7.773121115401951,
    "steer": -0.0013625073479488492,
    "throttle": 0.0,
    "brake": 0.0,
    "wp_4": [
        0.030459892004728317,
        15.8582763671875
    ],
    "wp_3": [
        0.044009730219841,
        11.909978866577148
    ],
    "wp_2": [
        0.0323791578412056,
        7.985301494598389
    ],
    "wp_1": [
        0.019381847232580185,
        4.0120768547058105
    ],
    "aim": [
        0.019381847232580185,
        4.0120768547058105
    ],
    "target": [
        -0.060843244702724356,
        24.39733704169038
    ],
    "desired_speed": 7.775610065460205,
    "angle": 0.003075378682749216,
    "angle_last": -0.0035843593219763276,
    "angle_target": -0.0015876295116833737,
    "angle_final": -0.0015876295116833737,
    "delta": 0.0024889500582538915,
    "agent": "only_traj",
    "steer_traj": -0.001362507314022732,
    "throttle_traj": 0.0,
    "brake_traj": 0.0,
    "plan": [
        [
            0.019381847232580185,
            4.0120768547058105
        ],
        [
            0.0323791578412056,
            7.985301494598389
        ],
        [
            0.044009730219841,
            11.909978866577148
        ],
        [
            0.030459892004728317,
            15.8582763671875
        ],
        [
            0.011509284377098083,
            19.74833869934082
        ],
        [
            -0.009337874129414558,
            23.45093536376953
        ]
    ],
    "command": 3,
    "all_plan": [
        [
            [
                0.054500430822372437,
                3.895831823348999
            ],
            [
                -0.03000703454017639,
                7.579607009887695
            ],
            [
                -0.16370074450969696,
                11.15366268157959
            ],
            [
                -0.38682419061660767,
                14.566606521606445
            ],
            [
                -0.7412368059158325,
                18.05525016784668
            ],
            [
                -1.1834959983825684,
                21.327497482299805
            ]
        ],
        [
            [
                0.4989335238933563,
                3.1822831630706787
            ],
            [
                1.189433217048645,
                6.112454414367676
            ],
            [
                2.609926700592041,
                8.633359909057617
            ],
            [
                4.652132987976074,
                11.14777946472168
            ],
            [
                6.5634307861328125,
                13.655523300170898
            ],
            [
                8.14327621459961,
                16.285934448242188
            ]
        ],
        [
            [
                -0.008300469256937504,
                4.111790657043457
            ],
            [
                -0.05243378132581711,
                8.217437744140625
            ],
            [
                -0.031048323959112167,
                12.222633361816406
            ],
            [
                -0.019393162801861763,
                16.19764518737793
            ],
            [
                -0.006114172749221325,
                20.105636596679688
            ],
            [
                -0.0021111732348799706,
                24.084367752075195
            ]
        ],
        [
            [
                0.019381847232580185,
                4.0120768547058105
            ],
            [
                0.0323791578412056,
                7.985301494598389
            ],
            [
                0.044009730219841,
                11.909978866577148
            ],
            [
                0.030459892004728317,
                15.8582763671875
            ],
            [
                0.011509284377098083,
                19.74833869934082
            ],
            [
                -0.009337874129414558,
                23.45093536376953
            ]
        ],
        [
            [
                -0.05759477615356445,
                3.266559600830078
            ],
            [
                -0.18676233291625977,
                6.956599235534668
            ],
            [
                -0.36589768528938293,
                10.9135103225708
            ],
            [
                -0.5132739543914795,
                15.494518280029297
            ],
            [
                -0.672844409942627,
                20.562387466430664
            ],
            [
                -0.8220399022102356,
                25.748130798339844
            ]
        ],
        [
            [
                0.40350455045700073,
                3.8834755420684814
            ],
            [
                0.4721093773841858,
                7.483168601989746
            ],
            [
                0.6711671948432922,
                10.923314094543457
            ],
            [
                0.6917769908905029,
                14.516505241394043
            ],
            [
                0.6791180968284607,
                18.263505935668945
            ],
            [
                0.6522273421287537,
                22.115041732788086
            ]
        ]
    ]
}