{
    "speed": 8.121624018627372,
    "steer": 0.0025807067286223173,
    "throttle": 0.0,
    "brake": 0.0,
    "wp_4": [
        0.019732005894184113,
        16.094755172729492
    ],
    "wp_3": [
        0.03460068628191948,
        12.158814430236816
    ],
    "wp_2": [
        0.028321001678705215,
        8.176636695861816
    ],
    "wp_1": [
        0.014954845421016216,
        4.133905410766602
    ],
    "aim": [
        0.014954845421016216,
        4.133905410766602
    ],
    "target": [
        -0.25573735207246756,
        13.448342736381164
    ],
    "desired_speed": 7.8297584533691404,
    "angle": 0.0023030360696023296,
    "angle_last": -0.0034960222087108295,
    "angle_target": -0.012104676209863512,
    "angle_final": 0.0023030360696023296,
    "delta": 0.0,
    "agent": "only_traj",
    "steer_traj": 0.002580706740964519,
    "throttle_traj": 0.0,
    "brake_traj": 0.0,
    "plan": [
        [
            0.014954845421016216,
            4.133905410766602
        ],
        [
            0.028321001678705215,
            8.176636695861816
        ],
        [
            0.03460068628191948,
            12.158814430236816
        ],
        [
            0.019732005894184113,
            16.094755172729492
        ],
        [
            -0.0028751976788043976,
            19.9634952545166
        ],
        [
            -0.023439502343535423,
            23.7081241607666
        ]
    ],
    "command": 3,
    "all_plan": [
        [
            [
                0.0315755158662796,
                3.953251838684082
            ],
            [
                -0.084570974111557,
                7.666479587554932
            ],
            [
                -0.20589406788349152,
                11.270402908325195
            ],
            [
                -0.41478386521339417,
                14.737005233764648
            ],
            [
                -0.776225209236145,
                18.292512893676758
            ],
            [
                -1.2177066802978516,
                21.637367248535156
            ]
        ],
        [
            [
                0.5377805233001709,
                3.2194855213165283
            ],
            [
                1.2978243827819824,
                6.154419422149658
            ],
            [
                2.76715087890625,
                8.696268081665039
            ],
            [
                4.839834213256836,
                11.271135330200195
            ],
            [
                6.765138626098633,
                13.831659317016602
            ],
            [
                8.330037117004395,
                16.551599502563477
            ]
        ],
        [
            [
                -0.02611197531223297,
                4.205952167510986
            ],
            [
                -0.07372912019491196,
                8.356375694274902
            ],
            [
                -0.04697268828749657,
                12.389589309692383
            ],
            [
                -0.024277837947010994,
                16.388063430786133
            ],
            [
                -0.0018696356564760208,
                20.31867218017578
            ],
            [
                0.02291342057287693,
                24.321029663085938
            ]
        ],
        [
            [
                0.014954845421016216,
                4.133905410766602
            ],
            [
                0.028321001678705215,
                8.176636695861816
            ],
            [
                0.03460068628191948,
                12.158814430236816
            ],
            [
                0.019732005894184113,
                16.094755172729492
            ],
            [
                -0.0028751976788043976,
                19.9634952545166
            ],
            [
                -0.023439502343535423,
                23.7081241607666
            ]
        ],
        [
            [
                -0.07400928437709808,
                3.327561378479004
            ],
            [
                -0.22459407150745392,
                7.09439754486084
            ],
            [
                -0.45153701305389404,
                11.089527130126953
            ],
            [
                -0.591785728931427,
                15.738466262817383
            ],
            [
                -0.7598753571510315,
                20.8718204498291
            ],
            [
                -0.9169794917106628,
                26.11423683166504
            ]
        ],
        [
            [
                0.4356508255004883,
                3.941572904586792
            ],
            [
                0.5112812519073486,
                7.639959335327148
            ],
            [
                0.6984399557113647,
                11.116708755493164
            ],
            [
                0.7179657220840454,
                14.745315551757812
            ],
            [
                0.710477888584137,
                18.516958236694336
            ],
            [
                0.6990393996238708,
                22.397672653198242
            ]
        ]
    ]
}