{
    "speed": 6.53523669528371,
    "steer": 0.0011058367090299726,
    "throttle": 0.0,
    "brake": 1.0,
    "wp_4": [
        0.00915872398763895,
        12.311152458190918
    ],
    "wp_3": [
        0.022312607616186142,
        9.810575485229492
    ],
    "wp_2": [
        0.007320982404053211,
        6.810980796813965
    ],
    "wp_1": [
        0.0015011457726359367,
        3.51727032661438
    ],
    "aim": [
        0.0015011457726359367,
        3.51727032661438
    ],
    "target": [
        -0.7476852421383958,
        10.032385995838984
    ],
    "desired_speed": 5.124507570266724,
    "angle": 0.00027173781044053774,
    "angle_last": -0.00751824471994056,
    "angle_target": -0.04735791351286368,
    "angle_final": 0.00027173781044053774,
    "delta": 0.0,
    "agent": "only_traj",
    "steer_traj": 0.0011058366623472175,
    "throttle_traj": 0.0,
    "brake_traj": 1.0,
    "plan": [
        [
            0.0015011457726359367,
            3.51727032661438
        ],
        [
            0.007320982404053211,
            6.810980796813965
        ],
        [
            0.022312607616186142,
            9.810575485229492
        ],
        [
            0.00915872398763895,
            12.311152458190918
        ],
        [
            0.009864327497780323,
            14.478123664855957
        ],
        [
            -0.011987064965069294,
            16.328332901000977
        ]
    ],
    "command": 3,
    "all_plan": [
        [
            [
                0.028670446947216988,
                3.1694400310516357
            ],
            [
                0.007207158952951431,
                6.2273478507995605
            ],
            [
                -0.03685951977968216,
                8.892158508300781
            ],
            [
                -0.058251310139894485,
                11.09354019165039
            ],
            [
                -0.14288422465324402,
                12.956087112426758
            ],
            [
                -0.19414156675338745,
                14.60855770111084
            ]
        ],
        [
            [
                0.3491116166114807,
                3.0710744857788086
            ],
            [
                0.9198580980300903,
                5.814974784851074
            ],
            [
                2.1789870262145996,
                7.722992897033691
            ],
            [
                4.170316696166992,
                9.191801071166992
            ],
            [
                6.41940975189209,
                10.268014907836914
            ],
            [
                8.708874702453613,
                11.483627319335938
            ]
        ],
        [
            [
                0.034209176898002625,
                3.2754154205322266
            ],
            [
                0.022441307082772255,
                6.658199787139893
            ],
            [
                0.04690278321504593,
                10.003084182739258
            ],
            [
                0.08959084749221802,
                13.620360374450684
            ],
            [
                0.1864469349384308,
                17.043615341186523
            ],
            [
                0.16188310086727142,
                20.63419532775879
            ]
        ],
        [
            [
                0.0015011457726359367,
                3.51727032661438
            ],
            [
                0.007320982404053211,
                6.810980796813965
            ],
            [
                0.022312607616186142,
                9.810575485229492
            ],
            [
                0.00915872398763895,
                12.311152458190918
            ],
            [
                0.009864327497780323,
                14.478123664855957
            ],
            [
                -0.011987064965069294,
                16.328332901000977
            ]
        ],
        [
            [
                -0.1254778653383255,
                1.961355209350586
            ],
            [
                -0.26009705662727356,
                4.3762898445129395
            ],
            [
                -0.3889859914779663,
                6.944155693054199
            ],
            [
                -0.4274981915950775,
                10.247313499450684
            ],
            [
                -0.5071951746940613,
                14.213451385498047
            ],
            [
                -0.540172278881073,
                18.2706298828125
            ]
        ],
        [
            [
                0.20549276471138,
                2.2326533794403076
            ],
            [
                0.20441408455371857,
                4.742497444152832
            ],
            [
                0.2926602363586426,
                7.066678047180176
            ],
            [
                0.2997927963733673,
                9.840311050415039
            ],
            [
                0.26815974712371826,
                12.811545372009277
            ],
            [
                0.2185409963130951,
                15.932394981384277
            ]
        ]
    ]
}