{
    "speed": 1.4086203466150924,
    "steer": -0.006471320521086454,
    "throttle": 0.75,
    "brake": 0.0,
    "wp_4": [
        -0.11052750051021576,
        10.689364433288574
    ],
    "wp_3": [
        -0.05000431463122368,
        7.0602264404296875
    ],
    "wp_2": [
        -0.026412520557641983,
        3.868591785430908
    ],
    "wp_1": [
        -0.01089953351765871,
        1.4083304405212402
    ],
    "aim": [
        -0.01089953351765871,
        1.4083304405212402
    ],
    "target": [
        -1.419052464792491,
        9.633731716617827
    ],
    "desired_speed": 6.871361827850341,
    "angle": -0.004926870948837723,
    "angle_last": -0.016158206347034357,
    "angle_target": -0.09310481727002538,
    "angle_final": -0.004926870948837723,
    "delta": 0.25,
    "agent": "only_traj",
    "steer_traj": -0.006471320716683997,
    "throttle_traj": 0.75,
    "brake_traj": 0.0,
    "plan": [
        [
            -0.01089953351765871,
            1.4083304405212402
        ],
        [
            -0.026412520557641983,
            3.868591785430908
        ],
        [
            -0.05000431463122368,
            7.0602264404296875
        ],
        [
            -0.11052750051021576,
            10.689364433288574
        ],
        [
            -0.18171170353889465,
            14.621414184570312
        ],
        [
            -0.28231337666511536,
            18.58417320251465
        ]
    ],
    "command": 3,
    "all_plan": [
        [
            [
                0.04126373678445816,
                2.2264058589935303
            ],
            [
                -0.08715683966875076,
                4.985162734985352
            ],
            [
                -0.20748847723007202,
                8.040315628051758
            ],
            [
                -0.4973718523979187,
                10.942500114440918
            ],
            [
                -0.7780787348747253,
                13.372520446777344
            ],
            [
                -1.0547246932983398,
                15.48284912109375
            ]
        ],
        [
            [
                0.12443780153989792,
                2.2629878520965576
            ],
            [
                0.14016346633434296,
                5.328022003173828
            ],
            [
                0.41903138160705566,
                7.7529191970825195
            ],
            [
                1.0884641408920288,
                9.876787185668945
            ],
            [
                1.9824609756469727,
                11.779221534729004
            ],
            [
                3.0545527935028076,
                13.464354515075684
            ]
        ],
        [
            [
                -0.040808528661727905,
                1.6840437650680542
            ],
            [
                -0.07284460961818695,
                4.213370323181152
            ],
            [
                -0.11026458442211151,
                7.465388298034668
            ],
            [
                -0.13237568736076355,
                11.384038925170898
            ],
            [
                -0.1493750810623169,
                15.887935638427734
            ],
            [
                -0.22175909578800201,
                20.621421813964844
            ]
        ],
        [
            [
                -0.01089953351765871,
                1.4083304405212402
            ],
            [
                -0.026412520557641983,
                3.868591785430908
            ],
            [
                -0.05000431463122368,
                7.0602264404296875
            ],
            [
                -0.11052750051021576,
                10.689364433288574
            ],
            [
                -0.18171170353889465,
                14.621414184570312
            ],
            [
                -0.28231337666511536,
                18.58417320251465
            ]
        ],
        [
            [
                0.07691438496112823,
                1.0518397092819214
            ],
            [
                0.07932351529598236,
                2.718125343322754
            ],
            [
                -0.00029305368661880493,
                4.817636013031006
            ],
            [
                -0.04934113845229149,
                7.581034183502197
            ],
            [
                -0.1228039562702179,
                10.880048751831055
            ],
            [
                -0.1145603284239769,
                14.717843055725098
            ]
        ],
        [
            [
                0.11893005669116974,
                1.2586042881011963
            ],
            [
                0.16241292655467987,
                3.1388726234436035
            ],
            [
                0.24461433291435242,
                5.563625812530518
            ],
            [
                0.1748841404914856,
                8.60627555847168
            ],
            [
                -0.021961912512779236,
                12.222797393798828
            ],
            [
                -0.31193119287490845,
                16.34168243408203
            ]
        ]
    ]
}