{
    "speed": 3.1016798934536793,
    "steer": -0.0033590206876397133,
    "throttle": 0.75,
    "brake": 0.0,
    "wp_4": [
        -0.04491966962814331,
        12.713876724243164
    ],
    "wp_3": [
        -0.017152097076177597,
        8.935406684875488
    ],
    "wp_2": [
        -0.0060256002470850945,
        5.380976676940918
    ],
    "wp_1": [
        -0.0026228250935673714,
        2.2544901371002197
    ],
    "aim": [
        -0.0026228250935673714,
        2.2544901371002197
    ],
    "target": [
        -0.827790210199363,
        7.700708989871541
    ],
    "desired_speed": 7.348979568481445,
    "angle": -0.00074057211554613,
    "angle_last": -0.00798338060241843,
    "angle_target": -0.06817187225172797,
    "angle_final": -0.00074057211554613,
    "delta": 0.25,
    "agent": "only_traj",
    "steer_traj": -0.003359020707364069,
    "throttle_traj": 0.75,
    "brake_traj": 0.0,
    "plan": [
        [
            -0.0026228250935673714,
            2.2544901371002197
        ],
        [
            -0.0060256002470850945,
            5.380976676940918
        ],
        [
            -0.017152097076177597,
            8.935406684875488
        ],
        [
            -0.04491966962814331,
            12.713876724243164
        ],
        [
            -0.08823993802070618,
            16.70398712158203
        ],
        [
            -0.13742929697036743,
            20.62627410888672
        ]
    ],
    "command": 3,
    "all_plan": [
        [
            [
                0.04201929271221161,
                2.8465144634246826
            ],
            [
                -0.07549968361854553,
                5.962828636169434
            ],
            [
                -0.21620352566242218,
                9.229999542236328
            ],
            [
                -0.5310996174812317,
                12.351287841796875
            ],
            [
                -0.8913209438323975,
                15.106008529663086
            ],
            [
                -1.2963988780975342,
                17.56464385986328
            ]
        ],
        [
            [
                0.2335176020860672,
                2.6155693531036377
            ],
            [
                0.39336875081062317,
                5.741676330566406
            ],
            [
                0.99409019947052,
                8.272653579711914
            ],
            [
                2.089435577392578,
                10.512374877929688
            ],
            [
                3.3515114784240723,
                12.588671684265137
            ],
            [
                4.654821872711182,
                14.536935806274414
            ]
        ],
        [
            [
                -0.007197783328592777,
                2.545339584350586
            ],
            [
                -0.02483968436717987,
                5.683053970336914
            ],
            [
                -0.047534484416246414,
                9.280112266540527
            ],
            [
                -0.036791495978832245,
                13.320873260498047
            ],
            [
                -0.030729755759239197,
                17.681106567382812
            ],
            [
                -0.045503053814172745,
                22.182645797729492
            ]
        ],
        [
            [
                -0.0026228250935673714,
                2.2544901371002197
            ],
            [
                -0.0060256002470850945,
                5.380976676940918
            ],
            [
                -0.017152097076177597,
                8.935406684875488
            ],
            [
                -0.04491966962814331,
                12.713876724243164
            ],
            [
                -0.08823993802070618,
                16.70398712158203
            ],
            [
                -0.13742929697036743,
                20.62627410888672
            ]
        ],
        [
            [
                0.028110921382904053,
                1.7879210710525513
            ],
            [
                0.002862008288502693,
                4.186614036560059
            ],
            [
                -0.0644586905837059,
                6.9839019775390625
            ],
            [
                -0.12278898060321808,
                10.430124282836914
            ],
            [
                -0.1891450583934784,
                14.406625747680664
            ],
            [
                -0.17201077938079834,
                18.76289176940918
            ]
        ],
        [
            [
                0.189562126994133,
                2.160780429840088
            ],
            [
                0.2596280574798584,
                4.60685920715332
            ],
            [
                0.42018425464630127,
                7.371451377868652
            ],
            [
                0.3861899971961975,
                10.608956336975098
            ],
            [
                0.27723413705825806,
                14.295161247253418
            ],
            [
                0.11892807483673096,
                18.33526611328125
            ]
        ]
    ]
}