{
    "speed": 5.208839634926152,
    "steer": -0.0004904665984213352,
    "throttle": 0.75,
    "brake": 0.0,
    "wp_4": [
        -0.0021564066410064697,
        14.572206497192383
    ],
    "wp_3": [
        0.017482999712228775,
        10.632471084594727
    ],
    "wp_2": [
        0.013625514693558216,
        6.797908306121826
    ],
    "wp_1": [
        0.012502099387347698,
        3.1251633167266846
    ],
    "aim": [
        0.012502099387347698,
        3.1251633167266846
    ],
    "target": [
        0.13399787607444585,
        5.257514500005544
    ],
    "desired_speed": 7.764179134368897,
    "angle": 0.002546797931981007,
    "angle_last": -0.0038078582898173007,
    "angle_target": 0.016221968290708027,
    "angle_final": 0.002546797931981007,
    "delta": 0.25,
    "agent": "only_traj",
    "steer_traj": -0.0004904666221394955,
    "throttle_traj": 0.75,
    "brake_traj": 0.0,
    "plan": [
        [
            0.012502099387347698,
            3.1251633167266846
        ],
        [
            0.013625514693558216,
            6.797908306121826
        ],
        [
            0.017482999712228775,
            10.632471084594727
        ],
        [
            -0.0021564066410064697,
            14.572206497192383
        ],
        [
            -0.029849912971258163,
            18.601825714111328
        ],
        [
            -0.053378477692604065,
            22.5353946685791
        ]
    ],
    "command": 3,
    "all_plan": [
        [
            [
                0.04241526126861572,
                3.4329111576080322
            ],
            [
                -0.06611752510070801,
                6.86973762512207
            ],
            [
                -0.20817555487155914,
                10.327947616577148
            ],
            [
                -0.5408951640129089,
                13.63960075378418
            ],
            [
                -0.9492588043212891,
                16.81281852722168
            ],
            [
                -1.4582269191741943,
                19.72586441040039
            ]
        ],
        [
            [
                0.3632931113243103,
                2.91485857963562
            ],
            [
                0.7512564659118652,
                5.983831405639648
            ],
            [
                1.7504489421844482,
                8.582690238952637
            ],
            [
                3.3279662132263184,
                10.98353385925293
            ],
            [
                4.922603607177734,
                13.333702087402344
            ],
            [
                6.373080253601074,
                15.66343879699707
            ]
        ],
        [
            [
                0.01996670663356781,
                3.3937408924102783
            ],
            [
                0.003522658720612526,
                7.107723236083984
            ],
            [
                -0.005121179856359959,
                10.997520446777344
            ],
            [
                0.00783874187618494,
                15.075080871582031
            ],
            [
                0.004204615950584412,
                19.24418067932129
            ],
            [
                0.022718753665685654,
                23.47226905822754
            ]
        ],
        [
            [
                0.012502099387347698,
                3.1251633167266846
            ],
            [
                0.013625514693558216,
                6.797908306121826
            ],
            [
                0.017482999712228775,
                10.632471084594727
            ],
            [
                -0.0021564066410064697,
                14.572206497192383
            ],
            [
                -0.029849912971258163,
                18.601825714111328
            ],
            [
                -0.053378477692604065,
                22.5353946685791
            ]
        ],
        [
            [
                -0.00904814898967743,
                2.6013267040252686
            ],
            [
                -0.08137533813714981,
                5.739219665527344
            ],
            [
                -0.17090100049972534,
                9.239151000976562
            ],
            [
                -0.27335625886917114,
                13.368673324584961
            ],
            [
                -0.3818151652812958,
                17.966827392578125
            ],
            [
                -0.4039444923400879,
                22.810657501220703
            ]
        ],
        [
            [
                0.3013489246368408,
                3.129197835922241
            ],
            [
                0.3985289931297302,
                6.205854415893555
            ],
            [
                0.5973042249679565,
                9.352086067199707
            ],
            [
                0.600653350353241,
                12.795880317687988
            ],
            [
                0.5477259159088135,
                16.532052993774414
            ],
            [
                0.504054605960846,
                20.45415496826172
            ]
        ]
    ]
}