{
    "speed": 6.520045223324627,
    "steer": 0.0017443971009925008,
    "throttle": 0.75,
    "brake": 0.0,
    "wp_4": [
        0.0042596235871315,
        14.727933883666992
    ],
    "wp_3": [
        0.021330755203962326,
        10.778657913208008
    ],
    "wp_2": [
        0.013627071864902973,
        6.928738594055176
    ],
    "wp_1": [
        0.013675074093043804,
        3.2148044109344482
    ],
    "aim": [
        0.013675074093043804,
        3.2148044109344482
    ],
    "target": [
        -1.2849261564648462,
        52.6009613919811
    ],
    "desired_speed": 7.778151512145995,
    "angle": 0.0027079903963933083,
    "angle_last": -0.0026622078930338285,
    "angle_target": -0.015548133093161387,
    "angle_final": 0.0027079903963933083,
    "delta": 0.25,
    "agent": "only_traj",
    "steer_traj": 0.0017443971104549318,
    "throttle_traj": 0.75,
    "brake_traj": 0.0,
    "plan": [
        [
            0.013675074093043804,
            3.2148044109344482
        ],
        [
            0.013627071864902973,
            6.928738594055176
        ],
        [
            0.021330755203962326,
            10.778657913208008
        ],
        [
            0.0042596235871315,
            14.727933883666992
        ],
        [
            -0.018824953585863113,
            18.748451232910156
        ],
        [
            -0.035182662308216095,
            22.660037994384766
        ]
    ],
    "command": 3,
    "all_plan": [
        [
            [
                0.04671342670917511,
                3.483827590942383
            ],
            [
                -0.05681784451007843,
                6.947807312011719
            ],
            [
                -0.19602540135383606,
                10.417523384094238
            ],
            [
                -0.5168994069099426,
                13.736567497253418
            ],
            [
                -0.9246296882629395,
                16.942989349365234
            ],
            [
                -1.4304184913635254,
                19.892114639282227
            ]
        ],
        [
            [
                0.37409570813179016,
                2.9441263675689697
            ],
            [
                0.7879828214645386,
                5.994749069213867
            ],
            [
                1.8297884464263916,
                8.590900421142578
            ],
            [
                3.4570748805999756,
                11.006235122680664
            ],
            [
                5.088192939758301,
                13.377225875854492
            ],
            [
                6.551446914672852,
                15.73901653289795
            ]
        ],
        [
            [
                0.022638097405433655,
                3.472555160522461
            ],
            [
                0.006574416533112526,
                7.235193252563477
            ],
            [
                0.001844099722802639,
                11.145973205566406
            ],
            [
                0.018746450543403625,
                15.21377182006836
            ],
            [
                0.01622849702835083,
                19.354877471923828
            ],
            [
                0.03850347921252251,
                23.551931381225586
            ]
        ],
        [
            [
                0.013675074093043804,
                3.2148044109344482
            ],
            [
                0.013627071864902973,
                6.928738594055176
            ],
            [
                0.021330755203962326,
                10.778657913208008
            ],
            [
                0.0042596235871315,
                14.727933883666992
            ],
            [
                -0.018824953585863113,
                18.748451232910156
            ],
            [
                -0.035182662308216095,
                22.660037994384766
            ]
        ],
        [
            [
                -0.015454307198524475,
                2.678711414337158
            ],
            [
                -0.0914166197180748,
                5.883707046508789
            ],
            [
                -0.1817191243171692,
                9.442693710327148
            ],
            [
                -0.28475964069366455,
                13.63070011138916
            ],
            [
                -0.3929077982902527,
                18.284128189086914
            ],
            [
                -0.4215981960296631,
                23.166669845581055
            ]
        ],
        [
            [
                0.31044870615005493,
                3.2219536304473877
            ],
            [
                0.40961259603500366,
                6.354682922363281
            ],
            [
                0.6137740612030029,
                9.53428840637207
            ],
            [
                0.6209167242050171,
                12.992459297180176
            ],
            [
                0.5801787376403809,
                16.72702980041504
            ],
            [
                0.5502309203147888,
                20.628782272338867
            ]
        ]
    ]
}