{
    "speed": 8.104025489989205,
    "steer": 0.0020001151133328676,
    "throttle": 0.10951804369688034,
    "brake": 0.0,
    "wp_4": [
        0.0035526473075151443,
        14.97188663482666
    ],
    "wp_3": [
        0.01341328490525484,
        11.02700424194336
    ],
    "wp_2": [
        0.0044748010113835335,
        7.198696613311768
    ],
    "wp_1": [
        0.00815505813807249,
        3.4318714141845703
    ],
    "aim": [
        0.00815505813807249,
        3.4318714141845703
    ],
    "target": [
        -2.1024773851919827,
        48.632336017302144
    ],
    "desired_speed": 7.709080505371093,
    "angle": 0.0015127831826318547,
    "angle_last": 0.0002201319367115525,
    "angle_target": -0.027505274054542374,
    "angle_final": 0.0015127831826318547,
    "delta": 0.0,
    "agent": "only_traj",
    "steer_traj": 0.002000115124111978,
    "throttle_traj": 0.10951804468061735,
    "brake_traj": 0.0,
    "plan": [
        [
            0.00815505813807249,
            3.4318714141845703
        ],
        [
            0.0044748010113835335,
            7.198696613311768
        ],
        [
            0.01341328490525484,
            11.02700424194336
        ],
        [
            0.0035526473075151443,
            14.97188663482666
        ],
        [
            -0.005926484242081642,
            18.93845558166504
        ],
        [
            -0.004624407738447189,
            22.70453643798828
        ]
    ],
    "command": 3,
    "all_plan": [
        [
            [
                0.05497996509075165,
                3.6043946743011475
            ],
            [
                -0.027067482471466064,
                7.113367080688477
            ],
            [
                -0.1580381542444229,
                10.588205337524414
            ],
            [
                -0.44017279148101807,
                13.8801851272583
            ],
            [
                -0.8208396434783936,
                17.115642547607422
            ],
            [
                -1.2807353734970093,
                20.10066032409668
            ]
        ],
        [
            [
                0.3913663327693939,
                3.0085861682891846
            ],
            [
                0.878947913646698,
                5.993924140930176
            ],
            [
                2.0339903831481934,
                8.529375076293945
            ],
            [
                3.805046796798706,
                10.933539390563965
            ],
            [
                5.557893753051758,
                13.288588523864746
            ],
            [
                7.099790096282959,
                15.651006698608398
            ]
        ],
        [
            [
                0.014611243270337582,
                3.646968364715576
            ],
            [
                -0.0016657626256346703,
                7.501348495483398
            ],
            [
                0.00738832913339138,
                11.436481475830078
            ],
            [
                0.028378009796142578,
                15.464548110961914
            ],
            [
                0.03922435641288757,
                19.520978927612305
            ],
            [
                0.06693227589130402,
                23.62195587158203
            ]
        ],
        [
            [
                0.00815505813807249,
                3.4318714141845703
            ],
            [
                0.0044748010113835335,
                7.198696613311768
            ],
            [
                0.01341328490525484,
                11.02700424194336
            ],
            [
                0.0035526473075151443,
                14.97188663482666
            ],
            [
                -0.005926484242081642,
                18.93845558166504
            ],
            [
                -0.004624407738447189,
                22.70453643798828
            ]
        ],
        [
            [
                -0.02644507586956024,
                2.8275113105773926
            ],
            [
                -0.10812749713659286,
                6.151151657104492
            ],
            [
                -0.19625523686408997,
                9.810744285583496
            ],
            [
                -0.3006059229373932,
                14.096254348754883
            ],
            [
                -0.40927034616470337,
                18.856918334960938
            ],
            [
                -0.45894157886505127,
                23.794296264648438
            ]
        ],
        [
            [
                0.3140692114830017,
                3.404695987701416
            ],
            [
                0.4169897437095642,
                6.627074241638184
            ],
            [
                0.6360598206520081,
                9.867243766784668
            ],
            [
                0.6361757516860962,
                13.350605010986328
            ],
            [
                0.6053630113601685,
                17.062036514282227
            ],
            [
                0.5890392065048218,
                20.902196884155273
            ]
        ]
    ]
}