{
    "speed": 6.530553184348202,
    "steer": 0.00018327626457903534,
    "throttle": 0.0,
    "brake": 1.0,
    "wp_4": [
        -0.08440200984477997,
        10.956006050109863
    ],
    "wp_3": [
        -0.05288779363036156,
        8.182546615600586
    ],
    "wp_2": [
        -0.02742566540837288,
        5.309391975402832
    ],
    "wp_1": [
        -0.0050925882533192635,
        2.4914631843566895
    ],
    "aim": [
        -0.0050925882533192635,
        2.4914631843566895
    ],
    "target": [
        -1.2657224327485856,
        40.073518984606224
    ],
    "desired_speed": 5.254455757141113,
    "angle": -0.0013012547554133989,
    "angle_last": -0.011643603087637485,
    "angle_target": -0.02010095829516663,
    "angle_final": -0.0013012547554133989,
    "delta": 0.0,
    "agent": "only_traj",
    "steer_traj": 0.00018327626715212322,
    "throttle_traj": 0.0,
    "brake_traj": 1.0,
    "plan": [
        [
            -0.0050925882533192635,
            2.4914631843566895
        ],
        [
            -0.02742566540837288,
            5.309391975402832
        ],
        [
            -0.05288779363036156,
            8.182546615600586
        ],
        [
            -0.08440200984477997,
            10.956006050109863
        ],
        [
            -0.12505339086055756,
            13.560147285461426
        ],
        [
            -0.16285187005996704,
            15.626559257507324
        ]
    ],
    "command": 3,
    "all_plan": [
        [
            [
                -0.0415014773607254,
                2.7070205211639404
            ],
            [
                -0.1157006025314331,
                5.5510640144348145
            ],
            [
                -0.2470943182706833,
                8.185079574584961
            ],
            [
                -0.3728112280368805,
                10.363607406616211
            ],
            [
                -0.49416351318359375,
                11.97085189819336
            ],
            [
                -0.5080054402351379,
                13.21890926361084
            ]
        ],
        [
            [
                0.14481769502162933,
                2.7378311157226562
            ],
            [
                0.3651212453842163,
                5.548104286193848
            ],
            [
                1.0499143600463867,
                7.502902507781982
            ],
            [
                2.472428321838379,
                8.816444396972656
            ],
            [
                4.416013717651367,
                9.66043758392334
            ],
            [
                6.662178039550781,
                10.423704147338867
            ]
        ],
        [
            [
                -0.02536967396736145,
                2.344480514526367
            ],
            [
                -0.018345599994063377,
                5.251404762268066
            ],
            [
                -0.039516277611255646,
                8.462352752685547
            ],
            [
                -0.055935658514499664,
                12.187251091003418
            ],
            [
                -0.0502348318696022,
                16.09130096435547
            ],
            [
                -0.13890314102172852,
                20.154258728027344
            ]
        ],
        [
            [
                -0.0050925882533192635,
                2.4914631843566895
            ],
            [
                -0.02742566540837288,
                5.309391975402832
            ],
            [
                -0.05288779363036156,
                8.182546615600586
            ],
            [
                -0.08440200984477997,
                10.956006050109863
            ],
            [
                -0.12505339086055756,
                13.560147285461426
            ],
            [
                -0.16285187005996704,
                15.626559257507324
            ]
        ],
        [
            [
                -0.08406798541545868,
                1.1778029203414917
            ],
            [
                -0.16623827815055847,
                2.837110996246338
            ],
            [
                -0.22683581709861755,
                4.8180036544799805
            ],
            [
                -0.26392415165901184,
                7.539125919342041
            ],
            [
                -0.30225396156311035,
                10.922998428344727
            ],
            [
                -0.30063024163246155,
                14.551834106445312
            ]
        ],
        [
            [
                0.11390413343906403,
                1.345224380493164
            ],
            [
                0.08930256962776184,
                3.1783809661865234
            ],
            [
                0.1384190022945404,
                5.253117561340332
            ],
            [
                0.06546863913536072,
                7.943860054016113
            ],
            [
                -0.007369883358478546,
                10.96731948852539
            ],
            [
                -0.20395633578300476,
                14.303622245788574
            ]
        ]
    ]
}