{
    "speed": -0.01146471023519121,
    "steer": -0.0066977874375879765,
    "throttle": 0.0,
    "brake": 1.0,
    "wp_4": [
        -0.0002766126999631524,
        0.004917576909065247
    ],
    "wp_3": [
        -0.0006439524004235864,
        0.004082055762410164
    ],
    "wp_2": [
        -0.0004996992647647858,
        0.002558378502726555
    ],
    "wp_1": [
        -0.0005391044542193413,
        0.001660441979765892
    ],
    "aim": [
        -0.00012808211613446474,
        0.005642019212245941
    ],
    "target": [
        -2.0905591210227117,
        40.08804869668129
    ],
    "desired_speed": 0.0017360864905640483,
    "angle": -0.014449672471651057,
    "angle_last": 0.0066806560906450575,
    "angle_target": -0.03316915664768934,
    "angle_final": -0.014449672471651057,
    "delta": 0.013200796725755259,
    "agent": "only_traj",
    "steer_traj": -0.006697787444230797,
    "throttle_traj": 0.0,
    "brake_traj": 1.0,
    "plan": [
        [
            -0.0005391044542193413,
            0.001660441979765892
        ],
        [
            -0.0004996992647647858,
            0.002558378502726555
        ],
        [
            -0.0006439524004235864,
            0.004082055762410164
        ],
        [
            -0.0002766126999631524,
            0.004917576909065247
        ],
        [
            -0.00012808211613446474,
            0.005642019212245941
        ],
        [
            -0.00012536731082946062,
            0.005900710821151733
        ]
    ],
    "command": 3,
    "all_plan": [
        [
            [
                -0.0008463561534881592,
                -0.007798745762556791
            ],
            [
                -0.0008127326145768166,
                -0.010368448682129383
            ],
            [
                -0.0007633168715983629,
                -0.013486468233168125
            ],
            [
                -0.0017406598199158907,
                -0.012244141660630703
            ],
            [
                -0.0017833348829299212,
                -0.00964414980262518
            ],
            [
                -0.0021366432774811983,
                -0.006732276640832424
            ]
        ],
        [
            [
                0.0009545907378196716,
                -0.007821665145456791
            ],
            [
                0.0030552130192518234,
                -0.012975962832570076
            ],
            [
                0.0022459374740719795,
                -0.014896607026457787
            ],
            [
                0.0021427711471915245,
                -0.013546017929911613
            ],
            [
                0.0027622347697615623,
                -0.010054545477032661
            ],
            [
                0.0053244708105921745,
                0.0035479385405778885
            ]
        ],
        [
            [
                0.0009049305226653814,
                0.001985706388950348
            ],
            [
                0.0016550456639379263,
                0.0043093618005514145
            ],
            [
                0.002478840760886669,
                0.009303981438279152
            ],
            [
                0.0026983479037880898,
                0.01807277835905552
            ],
            [
                0.003389340825378895,
                0.03119243122637272
            ],
            [
                0.004289691336452961,
                0.05218203365802765
            ]
        ],
        [
            [
                -0.0005391044542193413,
                0.001660441979765892
            ],
            [
                -0.0004996992647647858,
                0.002558378502726555
            ],
            [
                -0.0006439524004235864,
                0.004082055762410164
            ],
            [
                -0.0002766126999631524,
                0.004917576909065247
            ],
            [
                -0.00012808211613446474,
                0.005642019212245941
            ],
            [
                -0.00012536731082946062,
                0.005900710821151733
            ]
        ],
        [
            [
                -0.005574533715844154,
                0.05015716701745987
            ],
            [
                -0.01573045924305916,
                0.08751920610666275
            ],
            [
                -0.029144341126084328,
                0.1870853751897812
            ],
            [
                -0.06165646016597748,
                0.3027098476886749
            ],
            [
                -0.10841761529445648,
                0.4335135817527771
            ],
            [
                -0.16055558621883392,
                0.5960044860839844
            ]
        ],
        [
            [
                0.0008980128914117813,
                0.0830412358045578
            ],
            [
                0.0036728358827531338,
                0.1785011887550354
            ],
            [
                0.006118777673691511,
                0.30393123626708984
            ],
            [
                0.025426315143704414,
                0.41714203357696533
            ],
            [
                0.02731487527489662,
                0.49881213903427124
            ],
            [
                0.02599276602268219,
                0.562241792678833
            ]
        ]
    ]
}