{
    "speed": 0.40523120050743605,
    "steer": -0.010588650591671467,
    "throttle": 0.75,
    "brake": 0.0,
    "wp_4": [
        -0.06852427870035172,
        5.234399795532227
    ],
    "wp_3": [
        -0.022658172994852066,
        3.2826004028320312
    ],
    "wp_2": [
        -0.007778751663863659,
        1.8687056303024292
    ],
    "wp_1": [
        0.012323937378823757,
        0.8766261339187622
    ],
    "aim": [
        -0.022658172994852066,
        3.2826004028320312
    ],
    "target": [
        -2.197891250222777,
        40.04497721131258
    ],
    "desired_speed": 3.8927663564682007,
    "angle": -0.004394192084567506,
    "angle_last": -0.019502570528635712,
    "angle_target": -0.03490621402450389,
    "angle_final": -0.004394192084567506,
    "delta": 0.25,
    "agent": "only_traj",
    "steer_traj": -0.010588650697472776,
    "throttle_traj": 0.75,
    "brake_traj": 0.0,
    "plan": [
        [
            0.012323937378823757,
            0.8766261339187622
        ],
        [
            -0.007778751663863659,
            1.8687056303024292
        ],
        [
            -0.022658172994852066,
            3.2826004028320312
        ],
        [
            -0.06852427870035172,
            5.234399795532227
        ],
        [
            -0.14505338668823242,
            7.717405319213867
        ],
        [
            -0.2335471361875534,
            10.605186462402344
        ]
    ],
    "command": 3,
    "all_plan": [
        [
            [
                -0.07118317484855652,
                0.8831538558006287
            ],
            [
                -0.11679942905902863,
                2.3182597160339355
            ],
            [
                -0.1175568550825119,
                4.101056098937988
            ],
            [
                -0.24045807123184204,
                5.82089900970459
            ],
            [
                -0.31042760610580444,
                7.330916881561279
            ],
            [
                -0.3449014723300934,
                8.811942100524902
            ]
        ],
        [
            [
                0.0967872366309166,
                1.302799105644226
            ],
            [
                0.09658458083868027,
                3.388925552368164
            ],
            [
                0.1442296802997589,
                5.193014144897461
            ],
            [
                0.28890907764434814,
                6.837799072265625
            ],
            [
                0.5806915163993835,
                8.345902442932129
            ],
            [
                0.9888197183609009,
                9.88454532623291
            ]
        ],
        [
            [
                -0.06664788722991943,
                0.7095117568969727
            ],
            [
                -0.1307326853275299,
                1.9148683547973633
            ],
            [
                -0.14785191416740417,
                3.6343066692352295
            ],
            [
                -0.16926422715187073,
                6.1084747314453125
            ],
            [
                -0.1605505496263504,
                9.287633895874023
            ],
            [
                -0.2077285796403885,
                12.928633689880371
            ]
        ],
        [
            [
                0.012323937378823757,
                0.8766261339187622
            ],
            [
                -0.007778751663863659,
                1.8687056303024292
            ],
            [
                -0.022658172994852066,
                3.2826004028320312
            ],
            [
                -0.06852427870035172,
                5.234399795532227
            ],
            [
                -0.14505338668823242,
                7.717405319213867
            ],
            [
                -0.2335471361875534,
                10.605186462402344
            ]
        ],
        [
            [
                -0.004870578646659851,
                0.20929402112960815
            ],
            [
                -0.07252656668424606,
                0.768572211265564
            ],
            [
                -0.14038512110710144,
                1.6022603511810303
            ],
            [
                -0.20549242198467255,
                2.8813705444335938
            ],
            [
                -0.32939788699150085,
                4.680578708648682
            ],
            [
                -0.4169358015060425,
                6.881852149963379
            ]
        ],
        [
            [
                0.06820662319660187,
                0.2540631890296936
            ],
            [
                0.07092723995447159,
                1.1407591104507446
            ],
            [
                0.03327745199203491,
                2.5750131607055664
            ],
            [
                -0.012679368257522583,
                4.508020401000977
            ],
            [
                -0.10103518515825272,
                6.9946136474609375
            ],
            [
                -0.2507297694683075,
                9.91149616241455
            ]
        ]
    ]
}