{
    "speed": 1.5502125490798795,
    "steer": -0.014391491189599037,
    "throttle": 0.75,
    "brake": 0.0,
    "wp_4": [
        -0.014306112192571163,
        9.674043655395508
    ],
    "wp_3": [
        -0.002211790531873703,
        6.601551055908203
    ],
    "wp_2": [
        -0.017960701137781143,
        3.8261194229125977
    ],
    "wp_1": [
        -0.001904432661831379,
        1.538685917854309
    ],
    "aim": [
        -0.017960701137781143,
        3.8261194229125977
    ],
    "target": [
        -1.8617415510003803,
        39.57959794978276
    ],
    "desired_speed": 5.832373332977295,
    "angle": -0.0029883873713973264,
    "angle_last": -0.00546425505453617,
    "angle_target": -0.029923207305293856,
    "angle_final": -0.0029883873713973264,
    "delta": 0.25,
    "agent": "only_traj",
    "steer_traj": -0.014391490852792545,
    "throttle_traj": 0.75,
    "brake_traj": 0.0,
    "plan": [
        [
            -0.001904432661831379,
            1.538685917854309
        ],
        [
            -0.017960701137781143,
            3.8261194229125977
        ],
        [
            -0.002211790531873703,
            6.601551055908203
        ],
        [
            -0.014306112192571163,
            9.674043655395508
        ],
        [
            -0.05522720143198967,
            12.978353500366211
        ],
        [
            -0.08218608051538467,
            16.119125366210938
        ]
    ],
    "command": 3,
    "all_plan": [
        [
            [
                0.00930311344563961,
                2.1090457439422607
            ],
            [
                -0.06257127970457077,
                4.667252063751221
            ],
            [
                -0.11679971218109131,
                7.399110317230225
            ],
            [
                -0.27000361680984497,
                9.923003196716309
            ],
            [
                -0.38902348279953003,
                11.857654571533203
            ],
            [
                -0.45909392833709717,
                13.444321632385254
            ]
        ],
        [
            [
                0.05090632289648056,
                2.2750895023345947
            ],
            [
                -0.050153814256191254,
                5.1980485916137695
            ],
            [
                0.06854384392499924,
                7.471271514892578
            ],
            [
                0.6032678484916687,
                9.319581031799316
            ],
            [
                1.600341558456421,
                10.78006362915039
            ],
            [
                2.8756890296936035,
                11.986467361450195
            ]
        ],
        [
            [
                -0.021727971732616425,
                1.574991226196289
            ],
            [
                -0.02655303291976452,
                3.8908908367156982
            ],
            [
                -0.024641066789627075,
                6.837494373321533
            ],
            [
                -0.001404639333486557,
                10.499396324157715
            ],
            [
                0.059151824563741684,
                14.684271812438965
            ],
            [
                0.023976214230060577,
                19.109031677246094
            ]
        ],
        [
            [
                -0.001904432661831379,
                1.538685917854309
            ],
            [
                -0.017960701137781143,
                3.8261194229125977
            ],
            [
                -0.002211790531873703,
                6.601551055908203
            ],
            [
                -0.014306112192571163,
                9.674043655395508
            ],
            [
                -0.05522720143198967,
                12.978353500366211
            ],
            [
                -0.08218608051538467,
                16.119125366210938
            ]
        ],
        [
            [
                0.004964947700500488,
                0.6356871128082275
            ],
            [
                0.016502054408192635,
                1.9268769025802612
            ],
            [
                -0.007198430597782135,
                3.647780418395996
            ],
            [
                -0.006714183837175369,
                6.027050018310547
            ],
            [
                -0.05814284458756447,
                9.021575927734375
            ],
            [
                -0.032464344054460526,
                12.465339660644531
            ]
        ],
        [
            [
                0.08205373585224152,
                0.8782115578651428
            ],
            [
                0.0978659838438034,
                2.4081614017486572
            ],
            [
                0.20376473665237427,
                4.4950714111328125
            ],
            [
                0.2010539472103119,
                7.210793972015381
            ],
            [
                0.11964892596006393,
                10.452005386352539
            ],
            [
                -0.07654548436403275,
                14.200661659240723
            ]
        ]
    ]
}