{
    "speed": 3.3208304123177728,
    "steer": -0.009162201546132565,
    "throttle": 0.75,
    "brake": 0.0,
    "wp_4": [
        -0.024702681228518486,
        11.527105331420898
    ],
    "wp_3": [
        -0.012078891508281231,
        8.25920295715332
    ],
    "wp_2": [
        -0.013980287127196789,
        5.115076065063477
    ],
    "wp_1": [
        -0.00394721794873476,
        2.244886636734009
    ],
    "aim": [
        -0.00394721794873476,
        2.244886636734009
    ],
    "target": [
        -1.9761836422403776,
        37.297205618277246
    ],
    "desired_speed": 6.157923603057861,
    "angle": -0.001119344050518726,
    "angle_last": -0.002061530701026596,
    "angle_target": -0.03369963609755119,
    "angle_final": -0.001119344050518726,
    "delta": 0.25,
    "agent": "only_traj",
    "steer_traj": -0.009162201236067282,
    "throttle_traj": 0.75,
    "brake_traj": 0.0,
    "plan": [
        [
            -0.00394721794873476,
            2.244886636734009
        ],
        [
            -0.013980287127196789,
            5.115076065063477
        ],
        [
            -0.012078891508281231,
            8.25920295715332
        ],
        [
            -0.024702681228518486,
            11.527105331420898
        ],
        [
            -0.04260619729757309,
            14.80774211883545
        ],
        [
            -0.05177666246891022,
            17.639589309692383
        ]
    ],
    "command": 3,
    "all_plan": [
        [
            [
                0.012209577485918999,
                2.7426962852478027
            ],
            [
                -0.036710307002067566,
                5.662721633911133
            ],
            [
                -0.13317644596099854,
                8.55091667175293
            ],
            [
                -0.3132680654525757,
                11.121296882629395
            ],
            [
                -0.4750624895095825,
                13.142500877380371
            ],
            [
                -0.5890427827835083,
                14.805438995361328
            ]
        ],
        [
            [
                0.14024285972118378,
                2.6991162300109863
            ],
            [
                0.2592431306838989,
                5.686124801635742
            ],
            [
                0.7944021224975586,
                7.892050743103027
            ],
            [
                1.9469897747039795,
                9.624545097351074
            ],
            [
                3.578364372253418,
                10.949173927307129
            ],
            [
                5.41987943649292,
                12.0894193649292
            ]
        ],
        [
            [
                -0.03989902138710022,
                2.3061180114746094
            ],
            [
                -0.039189793169498444,
                5.236448287963867
            ],
            [
                -0.04116363450884819,
                8.606538772583008
            ],
            [
                -0.008555110543966293,
                12.50772762298584
            ],
            [
                0.056717220693826675,
                16.694496154785156
            ],
            [
                0.03796444833278656,
                21.002267837524414
            ]
        ],
        [
            [
                -0.00394721794873476,
                2.244886636734009
            ],
            [
                -0.013980287127196789,
                5.115076065063477
            ],
            [
                -0.012078891508281231,
                8.25920295715332
            ],
            [
                -0.024702681228518486,
                11.527105331420898
            ],
            [
                -0.04260619729757309,
                14.80774211883545
            ],
            [
                -0.05177666246891022,
                17.639589309692383
            ]
        ],
        [
            [
                -0.02178153395652771,
                1.265455722808838
            ],
            [
                -0.044519856572151184,
                3.1144981384277344
            ],
            [
                -0.0689949244260788,
                5.356513977050781
            ],
            [
                -0.11440722644329071,
                8.295462608337402
            ],
            [
                -0.13404494524002075,
                11.893372535705566
            ],
            [
                -0.09944221377372742,
                15.790908813476562
            ]
        ],
        [
            [
                0.11654709279537201,
                1.5548179149627686
            ],
            [
                0.13629013299942017,
                3.5434165000915527
            ],
            [
                0.2738383114337921,
                5.89823055267334
            ],
            [
                0.23989862203598022,
                8.826462745666504
            ],
            [
                0.15867432951927185,
                12.139902114868164
            ],
            [
                -0.03370210528373718,
                15.821578025817871
            ]
        ]
    ]
}