{
    "speed": 5.267912156531912,
    "steer": -0.0039040849078446627,
    "throttle": 0.75,
    "brake": 0.0,
    "wp_4": [
        -0.05620157718658447,
        13.245048522949219
    ],
    "wp_3": [
        -0.026493217796087265,
        9.747326850891113
    ],
    "wp_2": [
        -0.021824050694704056,
        6.320767402648926
    ],
    "wp_1": [
        -0.00592950452119112,
        2.9896867275238037
    ],
    "aim": [
        -0.00592950452119112,
        2.9896867275238037
    ],
    "target": [
        -1.114049935800151,
        36.10067122645474
    ],
    "desired_speed": 6.219810104370117,
    "angle": -0.0012626262411074378,
    "angle_last": -0.001400975517295585,
    "angle_target": -0.019639557558827073,
    "angle_final": -0.0012626262411074378,
    "delta": 0.25,
    "agent": "only_traj",
    "steer_traj": -0.003904084902485483,
    "throttle_traj": 0.75,
    "brake_traj": 0.0,
    "plan": [
        [
            -0.00592950452119112,
            2.9896867275238037
        ],
        [
            -0.021824050694704056,
            6.320767402648926
        ],
        [
            -0.026493217796087265,
            9.747326850891113
        ],
        [
            -0.05620157718658447,
            13.245048522949219
        ],
        [
            -0.07181279361248016,
            16.322099685668945
        ],
        [
            -0.07669157534837723,
            18.538999557495117
        ]
    ],
    "command": 3,
    "all_plan": [
        [
            [
                -0.003372451290488243,
                3.3599154949188232
            ],
            [
                -0.04977644234895706,
                6.639010429382324
            ],
            [
                -0.2109425961971283,
                9.59994125366211
            ],
            [
                -0.40330421924591064,
                12.02817153930664
            ],
            [
                -0.5764743685722351,
                14.002740859985352
            ],
            [
                -0.679142951965332,
                15.618619918823242
            ]
        ],
        [
            [
                0.2568743824958801,
                3.1312663555145264
            ],
            [
                0.771640956401825,
                6.0261454582214355
            ],
            [
                1.9158189296722412,
                7.978082656860352
            ],
            [
                3.9083251953125,
                9.434755325317383
            ],
            [
                6.332331657409668,
                10.504755020141602
            ],
            [
                8.90601634979248,
                11.481241226196289
            ]
        ],
        [
            [
                -0.028675347566604614,
                3.0237059593200684
            ],
            [
                -0.046257905662059784,
                6.596756935119629
            ],
            [
                -0.062395598739385605,
                10.387938499450684
            ],
            [
                -0.07170990854501724,
                14.489124298095703
            ],
            [
                -0.04412161558866501,
                18.626070022583008
            ],
            [
                -0.08351306617259979,
                22.806663513183594
            ]
        ],
        [
            [
                -0.00592950452119112,
                2.9896867275238037
            ],
            [
                -0.021824050694704056,
                6.320767402648926
            ],
            [
                -0.026493217796087265,
                9.747326850891113
            ],
            [
                -0.05620157718658447,
                13.245048522949219
            ],
            [
                -0.07181279361248016,
                16.322099685668945
            ],
            [
                -0.07669157534837723,
                18.538999557495117
            ]
        ],
        [
            [
                -0.04831691086292267,
                1.9413461685180664
            ],
            [
                -0.1427801102399826,
                4.290036678314209
            ],
            [
                -0.1989831030368805,
                7.0262556076049805
            ],
            [
                -0.31833943724632263,
                10.47889518737793
            ],
            [
                -0.3551939129829407,
                14.56974983215332
            ],
            [
                -0.3469775915145874,
                18.854705810546875
            ]
        ],
        [
            [
                0.0928252786397934,
                2.188405752182007
            ],
            [
                0.0687599778175354,
                4.641021728515625
            ],
            [
                0.16387468576431274,
                7.243060111999512
            ],
            [
                0.05772789567708969,
                10.325136184692383
            ],
            [
                -0.07045023888349533,
                13.686166763305664
            ],
            [
                -0.3547637164592743,
                17.261428833007812
            ]
        ]
    ]
}