{
    "speed": 5.7803474866680915,
    "steer": -0.0008234210545197129,
    "throttle": 0.0,
    "brake": 1.0,
    "wp_4": [
        0.008277537301182747,
        9.185463905334473
    ],
    "wp_3": [
        0.011950437910854816,
        6.884452819824219
    ],
    "wp_2": [
        0.003400084562599659,
        4.464867115020752
    ],
    "wp_1": [
        -6.779748946428299e-05,
        2.0899980068206787
    ],
    "aim": [
        -6.779748946428299e-05,
        2.0899980068206787
    ],
    "target": [
        -1.2608977299815447,
        29.382033139082925
    ],
    "desired_speed": 4.410956382751465,
    "angle": -2.059428603600801e-05,
    "angle_last": -0.0014008237353140293,
    "angle_target": -0.027303087113703144,
    "angle_final": -2.059428603600801e-05,
    "delta": 0.0,
    "agent": "only_traj",
    "steer_traj": -0.0008234210457478248,
    "throttle_traj": 0.0,
    "brake_traj": 1.0,
    "plan": [
        [
            -6.779748946428299e-05,
            2.0899980068206787
        ],
        [
            0.003400084562599659,
            4.464867115020752
        ],
        [
            0.011950437910854816,
            6.884452819824219
        ],
        [
            0.008277537301182747,
            9.185463905334473
        ],
        [
            -0.007022762671113014,
            11.358695983886719
        ],
        [
            -0.010892391204833984,
            13.117310523986816
        ]
    ],
    "command": 3,
    "all_plan": [
        [
            [
                -0.06063021719455719,
                2.233079195022583
            ],
            [
                -0.11569388210773468,
                4.647016525268555
            ],
            [
                -0.19270727038383484,
                6.89175271987915
            ],
            [
                -0.25488170981407166,
                8.724574089050293
            ],
            [
                -0.3320481777191162,
                9.994227409362793
            ],
            [
                -0.28677019476890564,
                10.94796085357666
            ]
        ],
        [
            [
                0.04851185530424118,
                2.408247232437134
            ],
            [
                0.14686524868011475,
                4.9604597091674805
            ],
            [
                0.6361066699028015,
                6.771095275878906
            ],
            [
                1.7194232940673828,
                7.967822074890137
            ],
            [
                3.374208450317383,
                8.663680076599121
            ],
            [
                5.29958438873291,
                9.2916259765625
            ]
        ],
        [
            [
                -0.01061797235161066,
                1.8954366445541382
            ],
            [
                0.028079085052013397,
                4.308708667755127
            ],
            [
                0.01341297198086977,
                7.045310974121094
            ],
            [
                0.01684487983584404,
                10.347641944885254
            ],
            [
                0.05492624640464783,
                13.854131698608398
            ],
            [
                0.0070199184119701385,
                17.55983543395996
            ]
        ],
        [
            [
                -6.779748946428299e-05,
                2.0899980068206787
            ],
            [
                0.003400084562599659,
                4.464867115020752
            ],
            [
                0.011950437910854816,
                6.884452819824219
            ],
            [
                0.008277537301182747,
                9.185463905334473
            ],
            [
                -0.007022762671113014,
                11.358695983886719
            ],
            [
                -0.010892391204833984,
                13.117310523986816
            ]
        ],
        [
            [
                -0.09358123689889908,
                0.7966760396957397
            ],
            [
                -0.16524477303028107,
                2.0653181076049805
            ],
            [
                -0.18654997646808624,
                3.5979814529418945
            ],
            [
                -0.1670188009738922,
                5.837180137634277
            ],
            [
                -0.1483163833618164,
                8.689659118652344
            ],
            [
                -0.12336388230323792,
                11.78735065460205
            ]
        ],
        [
            [
                0.07422475516796112,
                0.9359727501869202
            ],
            [
                0.07800465822219849,
                2.3725788593292236
            ],
            [
                0.13588938117027283,
                4.0987958908081055
            ],
            [
                0.08925827592611313,
                6.40056037902832
            ],
            [
                0.07099393010139465,
                9.042024612426758
            ],
            [
                -0.06787160038948059,
                11.993353843688965
            ]
        ]
    ]
}