{
    "speed": 5.168495365049558,
    "steer": -0.0007676937966607511,
    "throttle": 0.75,
    "brake": 0.0,
    "wp_4": [
        -0.05013395845890045,
        13.242144584655762
    ],
    "wp_3": [
        -0.0297573022544384,
        9.510069847106934
    ],
    "wp_2": [
        -0.010492536239326,
        5.937618255615234
    ],
    "wp_1": [
        -0.0032100575044751167,
        2.6502888202667236
    ],
    "aim": [
        -0.0032100575044751167,
        2.6502888202667236
    ],
    "target": [
        -1.416678309766014,
        27.13698730148833
    ],
    "desired_speed": 7.36436653137207,
    "angle": -0.0007710802938388535,
    "angle_last": -0.004667551433349572,
    "angle_target": -0.033204402469644435,
    "angle_final": -0.0007710802938388535,
    "delta": 0.25,
    "agent": "only_traj",
    "steer_traj": -0.0007676938169009063,
    "throttle_traj": 0.75,
    "brake_traj": 0.0,
    "plan": [
        [
            -0.0032100575044751167,
            2.6502888202667236
        ],
        [
            -0.010492536239326,
            5.937618255615234
        ],
        [
            -0.0297573022544384,
            9.510069847106934
        ],
        [
            -0.05013395845890045,
            13.242144584655762
        ],
        [
            -0.0854378491640091,
            17.15522003173828
        ],
        [
            -0.11407355219125748,
            21.06082534790039
        ]
    ],
    "command": 3,
    "all_plan": [
        [
            [
                0.03953005373477936,
                3.0115180015563965
            ],
            [
                -0.05464540421962738,
                6.20393180847168
            ],
            [
                -0.15800341963768005,
                9.498608589172363
            ],
            [
                -0.44151780009269714,
                12.680465698242188
            ],
            [
                -0.7820850014686584,
                15.641533851623535
            ],
            [
                -1.197026014328003,
                18.340002059936523
            ]
        ],
        [
            [
                0.30201709270477295,
                2.7040107250213623
            ],
            [
                0.5647547245025635,
                5.774789810180664
            ],
            [
                1.3164490461349487,
                8.32887077331543
            ],
            [
                2.5793557167053223,
                10.641195297241211
            ],
            [
                3.9141199588775635,
                12.841978073120117
            ],
            [
                5.193011283874512,
                15.026435852050781
            ]
        ],
        [
            [
                0.005097328685224056,
                2.8813891410827637
            ],
            [
                -0.01551648136228323,
                6.198197364807129
            ],
            [
                -0.019881660118699074,
                9.843734741210938
            ],
            [
                -0.02514079213142395,
                13.816802024841309
            ],
            [
                -0.019369207322597504,
                18.018430709838867
            ],
            [
                0.004026670008897781,
                22.338720321655273
            ]
        ],
        [
            [
                -0.0032100575044751167,
                2.6502888202667236
            ],
            [
                -0.010492536239326,
                5.937618255615234
            ],
            [
                -0.0297573022544384,
                9.510069847106934
            ],
            [
                -0.05013395845890045,
                13.242144584655762
            ],
            [
                -0.0854378491640091,
                17.15522003173828
            ],
            [
                -0.11407355219125748,
                21.06082534790039
            ]
        ],
        [
            [
                0.024736225605010986,
                2.0792346000671387
            ],
            [
                -0.04893849045038223,
                4.76385498046875
            ],
            [
                -0.1451520323753357,
                7.796438217163086
            ],
            [
                -0.22673945128917694,
                11.494489669799805
            ],
            [
                -0.3196873962879181,
                15.67929458618164
            ],
            [
                -0.32834458351135254,
                20.162715911865234
            ]
        ],
        [
            [
                0.2763855457305908,
                2.5505049228668213
            ],
            [
                0.35828641057014465,
                5.241369247436523
            ],
            [
                0.5132195949554443,
                8.127462387084961
            ],
            [
                0.5110357403755188,
                11.410179138183594
            ],
            [
                0.43439701199531555,
                15.056492805480957
            ],
            [
                0.34970971941947937,
                18.98016929626465
            ]
        ]
    ]
}