{
    "speed": 6.555822851274559,
    "steer": 0.0007221127161756158,
    "throttle": 0.0,
    "brake": 1.0,
    "wp_4": [
        0.007855603471398354,
        12.904217720031738
    ],
    "wp_3": [
        0.011557248421013355,
        10.233333587646484
    ],
    "wp_2": [
        0.00606838334351778,
        7.025886535644531
    ],
    "wp_1": [
        0.005642506293952465,
        3.576758623123169
    ],
    "aim": [
        0.005642506293952465,
        3.576758623123169
    ],
    "target": [
        -1.2859204240044648,
        15.518688078022837
    ],
    "desired_speed": 5.229131841659546,
    "angle": 0.0010043135444197941,
    "angle_last": 0.0011703630322418821,
    "angle_target": -0.05263179357037888,
    "angle_final": 0.0010043135444197941,
    "delta": 0.0,
    "agent": "only_traj",
    "steer_traj": 0.0007221127366865832,
    "throttle_traj": 0.0,
    "brake_traj": 1.0,
    "plan": [
        [
            0.005642506293952465,
            3.576758623123169
        ],
        [
            0.00606838334351778,
            7.025886535644531
        ],
        [
            0.011557248421013355,
            10.233333587646484
        ],
        [
            0.007855603471398354,
            12.904217720031738
        ],
        [
            0.022920234128832817,
            15.032793998718262
        ],
        [
            0.02589242532849312,
            16.649524688720703
        ]
    ],
    "command": 3,
    "all_plan": [
        [
            [
                0.036675117909908295,
                3.3631694316864014
            ],
            [
                0.028719836845993996,
                6.567743301391602
            ],
            [
                -0.0022923536598682404,
                9.287613868713379
            ],
            [
                0.018125012516975403,
                11.41812515258789
            ],
            [
                -0.029922977089881897,
                13.1878662109375
            ],
            [
                -0.024232568219304085,
                14.689851760864258
            ]
        ],
        [
            [
                0.33193260431289673,
                3.2507176399230957
            ],
            [
                0.9860702157020569,
                6.056874752044678
            ],
            [
                2.402637481689453,
                7.906634330749512
            ],
            [
                4.6546630859375,
                9.24703598022461
            ],
            [
                7.207646369934082,
                10.173711776733398
            ],
            [
                9.80822467803955,
                11.212973594665527
            ]
        ],
        [
            [
                0.039539024233818054,
                3.40797758102417
            ],
            [
                0.0383196696639061,
                6.987421035766602
            ],
            [
                0.0725371390581131,
                10.550285339355469
            ],
            [
                0.1111527755856514,
                14.33163833618164
            ],
            [
                0.18719618022441864,
                17.89897918701172
            ],
            [
                0.1558397114276886,
                21.60235595703125
            ]
        ],
        [
            [
                0.005642506293952465,
                3.576758623123169
            ],
            [
                0.00606838334351778,
                7.025886535644531
            ],
            [
                0.011557248421013355,
                10.233333587646484
            ],
            [
                0.007855603471398354,
                12.904217720031738
            ],
            [
                0.022920234128832817,
                15.032793998718262
            ],
            [
                0.02589242532849312,
                16.649524688720703
            ]
        ],
        [
            [
                -0.10905453562736511,
                2.0533533096313477
            ],
            [
                -0.23687133193016052,
                4.539057731628418
            ],
            [
                -0.333609402179718,
                7.190070629119873
            ],
            [
                -0.37755346298217773,
                10.630327224731445
            ],
            [
                -0.4007234275341034,
                14.738607406616211
            ],
            [
                -0.40374326705932617,
                18.939926147460938
            ]
        ],
        [
            [
                0.16108733415603638,
                2.3049685955047607
            ],
            [
                0.1468866765499115,
                4.9045820236206055
            ],
            [
                0.21773162484169006,
                7.294611930847168
            ],
            [
                0.19999513030052185,
                10.118778228759766
            ],
            [
                0.1519867181777954,
                13.161534309387207
            ],
            [
                0.0714363157749176,
                16.323610305786133
            ]
        ]
    ]
}