{
    "speed": 1.547607661351021,
    "steer": -0.0009042563615366817,
    "throttle": 0.75,
    "brake": 0.0,
    "wp_4": [
        -0.021088747307658195,
        9.413446426391602
    ],
    "wp_3": [
        -0.006659458391368389,
        6.985156059265137
    ],
    "wp_2": [
        -0.006619560532271862,
        4.472107887268066
    ],
    "wp_1": [
        -0.0047376202419400215,
        2.061427354812622
    ],
    "aim": [
        -0.0047376202419400215,
        2.061427354812622
    ],
    "target": [
        -1.9086005535001216,
        14.522518376460845
    ],
    "desired_speed": 4.60855884552002,
    "angle": -0.001463054347751923,
    "angle_last": -0.0042960650334916564,
    "angle_target": -0.08319004393662795,
    "angle_final": -0.001463054347751923,
    "delta": 0.25,
    "agent": "only_traj",
    "steer_traj": -0.0009042563345749259,
    "throttle_traj": 0.75,
    "brake_traj": 0.0,
    "plan": [
        [
            -0.0047376202419400215,
            2.061427354812622
        ],
        [
            -0.006619560532271862,
            4.472107887268066
        ],
        [
            -0.006659458391368389,
            6.985156059265137
        ],
        [
            -0.021088747307658195,
            9.413446426391602
        ],
        [
            -0.04500650614500046,
            11.72769546508789
        ],
        [
            -0.05752411484718323,
            13.58261489868164
        ]
    ],
    "command": 3,
    "all_plan": [
        [
            [
                -0.06675993651151657,
                2.27036452293396
            ],
            [
                -0.13840055465698242,
                4.762141227722168
            ],
            [
                -0.2402666062116623,
                7.087547302246094
            ],
            [
                -0.32935160398483276,
                9.002059936523438
            ],
            [
                -0.42013537883758545,
                10.322224617004395
            ],
            [
                -0.3886736035346985,
                11.290027618408203
            ]
        ],
        [
            [
                0.046492479741573334,
                2.4344475269317627
            ],
            [
                0.13721352815628052,
                5.045810699462891
            ],
            [
                0.6049681305885315,
                6.898682594299316
            ],
            [
                1.6790096759796143,
                8.11557674407959
            ],
            [
                3.350231170654297,
                8.82811450958252
            ],
            [
                5.336313724517822,
                9.43937873840332
            ]
        ],
        [
            [
                -0.01797904074192047,
                1.889015555381775
            ],
            [
                0.01733843982219696,
                4.341331958770752
            ],
            [
                -0.0008706487715244293,
                7.1599531173706055
            ],
            [
                -0.004887351766228676,
                10.568291664123535
            ],
            [
                0.01987185887992382,
                14.209296226501465
            ],
            [
                -0.04304288327693939,
                18.052520751953125
            ]
        ],
        [
            [
                -0.0047376202419400215,
                2.061427354812622
            ],
            [
                -0.006619560532271862,
                4.472107887268066
            ],
            [
                -0.006659458391368389,
                6.985156059265137
            ],
            [
                -0.021088747307658195,
                9.413446426391602
            ],
            [
                -0.04500650614500046,
                11.72769546508789
            ],
            [
                -0.05752411484718323,
                13.58261489868164
            ]
        ],
        [
            [
                -0.0938887894153595,
                0.7914302349090576
            ],
            [
                -0.1624014675617218,
                2.0649144649505615
            ],
            [
                -0.19117987155914307,
                3.627102851867676
            ],
            [
                -0.17194341123104095,
                5.904439449310303
            ],
            [
                -0.1636016070842743,
                8.802322387695312
            ],
            [
                -0.14049020409584045,
                11.968740463256836
            ]
        ],
        [
            [
                0.07747510075569153,
                0.9179427027702332
            ],
            [
                0.06759539991617203,
                2.372793674468994
            ],
            [
                0.11969894170761108,
                4.144936561584473
            ],
            [
                0.060076914727687836,
                6.518320560455322
            ],
            [
                0.02955739200115204,
                9.253046035766602
            ],
            [
                -0.1433425396680832,
                12.322957992553711
            ]
        ]
    ]
}