{
    "speed": 5.213317080862267,
    "steer": 0.0006143181235529482,
    "throttle": 0.75,
    "brake": 0.0,
    "wp_4": [
        -0.011202512308955193,
        13.523811340332031
    ],
    "wp_3": [
        -0.0021997345611453056,
        9.948201179504395
    ],
    "wp_2": [
        -0.0007059602066874504,
        6.464874267578125
    ],
    "wp_1": [
        0.0029046935960650444,
        3.0481975078582764
    ],
    "aim": [
        0.0029046935960650444,
        3.0481975078582764
    ],
    "target": [
        -1.6958410734141396,
        11.091995389892833
    ],
    "desired_speed": 6.679121017456055,
    "angle": 0.0006066447527434963,
    "angle_last": -0.0010045968724625117,
    "angle_target": -0.0965840722248566,
    "angle_final": 0.0006066447527434963,
    "delta": 0.25,
    "agent": "only_traj",
    "steer_traj": 0.0006143181220230111,
    "throttle_traj": 0.75,
    "brake_traj": 0.0,
    "plan": [
        [
            0.0029046935960650444,
            3.0481975078582764
        ],
        [
            -0.0007059602066874504,
            6.464874267578125
        ],
        [
            -0.0021997345611453056,
            9.948201179504395
        ],
        [
            -0.011202512308955193,
            13.523811340332031
        ],
        [
            -0.01738339103758335,
            16.938671112060547
        ],
        [
            -0.021813582628965378,
            19.7459774017334
        ]
    ],
    "command": 3,
    "all_plan": [
        [
            [
                0.05393967777490616,
                3.3410751819610596
            ],
            [
                0.01937473565340042,
                6.636924743652344
            ],
            [
                -0.09242615848779678,
                9.76230525970459
            ],
            [
                -0.2988456189632416,
                12.523295402526855
            ],
            [
                -0.5007842779159546,
                14.935741424560547
            ],
            [
                -0.7032065391540527,
                17.041738510131836
            ]
        ],
        [
            [
                0.2827209234237671,
                3.0381431579589844
            ],
            [
                0.7184996604919434,
                6.021686553955078
            ],
            [
                1.7324073314666748,
                8.218964576721191
            ],
            [
                3.486349105834961,
                10.039213180541992
            ],
            [
                5.544619560241699,
                11.572434425354004
            ],
            [
                7.653689861297607,
                13.027840614318848
            ]
        ],
        [
            [
                -0.025129690766334534,
                3.1262216567993164
            ],
            [
                -0.038443438708782196,
                6.67446231842041
            ],
            [
                -0.0398249588906765,
                10.438047409057617
            ],
            [
                -0.0033201687037944794,
                14.478835105895996
            ],
            [
                0.04788077250123024,
                18.594425201416016
            ],
            [
                0.03546343743801117,
                22.767589569091797
            ]
        ],
        [
            [
                0.0029046935960650444,
                3.0481975078582764
            ],
            [
                -0.0007059602066874504,
                6.464874267578125
            ],
            [
                -0.0021997345611453056,
                9.948201179504395
            ],
            [
                -0.011202512308955193,
                13.523811340332031
            ],
            [
                -0.01738339103758335,
                16.938671112060547
            ],
            [
                -0.021813582628965378,
                19.7459774017334
            ]
        ],
        [
            [
                -0.039676859974861145,
                2.061694860458374
            ],
            [
                -0.11730843782424927,
                4.626420974731445
            ],
            [
                -0.1658739149570465,
                7.548495769500732
            ],
            [
                -0.2734489440917969,
                11.16934871673584
            ],
            [
                -0.3301568627357483,
                15.402690887451172
            ],
            [
                -0.3425464630126953,
                19.826431274414062
            ]
        ],
        [
            [
                0.18722987174987793,
                2.470034599304199
            ],
            [
                0.2181323766708374,
                5.096657752990723
            ],
            [
                0.37467169761657715,
                7.869545936584473
            ],
            [
                0.3378376364707947,
                11.071731567382812
            ],
            [
                0.25883767008781433,
                14.538568496704102
            ],
            [
                0.10071003437042236,
                18.23642349243164
            ]
        ]
    ]
}