{
    "speed": 7.47822603369412,
    "steer": -0.000565780617762357,
    "throttle": 0.0,
    "brake": 1.0,
    "wp_4": [
        -0.01851937733590603,
        14.623827934265137
    ],
    "wp_3": [
        -0.0064993081614375114,
        11.238090515136719
    ],
    "wp_2": [
        -0.007322060875594616,
        7.586879253387451
    ],
    "wp_1": [
        -0.0033358456566929817,
        3.8437764644622803
    ],
    "aim": [
        -0.0033358456566929817,
        3.8437764644622803
    ],
    "target": [
        -1.8454316519027085,
        5.076363018030236
    ],
    "desired_speed": 6.046158742904663,
    "angle": -0.0005524383494076676,
    "angle_last": -0.0016112694527411998,
    "angle_target": -0.22197708069536962,
    "angle_final": -0.0005524383494076676,
    "delta": 0.0,
    "agent": "only_traj",
    "steer_traj": -0.0005657806184306356,
    "throttle_traj": 0.0,
    "brake_traj": 1.0,
    "plan": [
        [
            -0.0033358456566929817,
            3.8437764644622803
        ],
        [
            -0.007322060875594616,
            7.586879253387451
        ],
        [
            -0.0064993081614375114,
            11.238090515136719
        ],
        [
            -0.01851937733590603,
            14.623827934265137
        ],
        [
            -0.016122909262776375,
            17.218692779541016
        ],
        [
            -0.020527977496385574,
            18.959142684936523
        ]
    ],
    "command": 3,
    "all_plan": [
        [
            [
                0.039862409234046936,
                3.8258557319641113
            ],
            [
                0.026386843994259834,
                7.342299461364746
            ],
            [
                -0.05007588863372803,
                10.304587364196777
            ],
            [
                -0.09058494865894318,
                12.632734298706055
            ],
            [
                -0.18963508307933807,
                14.74476146697998
            ],
            [
                -0.2512943744659424,
                16.536277770996094
            ]
        ],
        [
            [
                0.44374051690101624,
                3.4235317707061768
            ],
            [
                1.363027811050415,
                6.138681888580322
            ],
            [
                3.129300117492676,
                7.9093017578125
            ],
            [
                5.740731239318848,
                9.335087776184082
            ],
            [
                8.631268501281738,
                10.448705673217773
            ],
            [
                11.408224105834961,
                11.673563003540039
            ]
        ],
        [
            [
                0.025388240814208984,
                3.8404769897460938
            ],
            [
                -0.01358015090227127,
                7.88435173034668
            ],
            [
                -0.001690099947154522,
                11.859664916992188
            ],
            [
                0.02543555200099945,
                15.847654342651367
            ],
            [
                0.06609755009412766,
                19.556163787841797
            ],
            [
                0.022574756294488907,
                23.31450843811035
            ]
        ],
        [
            [
                -0.0033358456566929817,
                3.8437764644622803
            ],
            [
                -0.007322060875594616,
                7.586879253387451
            ],
            [
                -0.0064993081614375114,
                11.238090515136719
            ],
            [
                -0.01851937733590603,
                14.623827934265137
            ],
            [
                -0.016122909262776375,
                17.218692779541016
            ],
            [
                -0.020527977496385574,
                18.959142684936523
            ]
        ],
        [
            [
                -0.06499598920345306,
                2.6215014457702637
            ],
            [
                -0.19080565869808197,
                5.595100402832031
            ],
            [
                -0.3261090815067291,
                8.755098342895508
            ],
            [
                -0.4668077826499939,
                12.702678680419922
            ],
            [
                -0.5115813612937927,
                17.23428726196289
            ],
            [
                -0.5828563570976257,
                21.866470336914062
            ]
        ],
        [
            [
                0.15981297194957733,
                2.906589984893799
            ],
            [
                0.10828547179698944,
                5.961897850036621
            ],
            [
                0.2198992371559143,
                8.771415710449219
            ],
            [
                0.1378641128540039,
                11.860662460327148
            ],
            [
                0.010015591979026794,
                15.18918228149414
            ],
            [
                -0.24709348380565643,
                18.561216354370117
            ]
        ]
    ]
}