{
    "speed": 6.200418738845449,
    "steer": -0.5216924548149109,
    "throttle": 0.75,
    "brake": 0.0,
    "wp_4": [
        0.6185893416404724,
        14.538106918334961
    ],
    "wp_3": [
        0.40586310625076294,
        10.710524559020996
    ],
    "wp_2": [
        0.2077706754207611,
        6.981940746307373
    ],
    "wp_1": [
        0.04756731912493706,
        3.3469831943511963
    ],
    "aim": [
        0.04756731912493706,
        3.3469831943511963
    ],
    "target": [
        -1.7420472246604612,
        1.4791170647790444
    ],
    "desired_speed": 7.591368865966796,
    "angle": 0.009047013074091365,
    "angle_last": 0.04309292579291848,
    "angle_target": -0.5518496573782231,
    "angle_final": -0.5518496573782231,
    "delta": 0.25,
    "agent": "only_traj",
    "steer_traj": -0.5216924400548091,
    "throttle_traj": 0.75,
    "brake_traj": 0.0,
    "plan": [
        [
            0.04756731912493706,
            3.3469831943511963
        ],
        [
            0.2077706754207611,
            6.981940746307373
        ],
        [
            0.40586310625076294,
            10.710524559020996
        ],
        [
            0.6185893416404724,
            14.538106918334961
        ],
        [
            0.8723087310791016,
            18.43548011779785
        ],
        [
            1.133865475654602,
            22.29360580444336
        ]
    ],
    "command": 3,
    "all_plan": [
        [
            [
                0.044473305344581604,
                3.4169349670410156
            ],
            [
                -0.09051693975925446,
                6.75081729888916
            ],
            [
                -0.35920488834381104,
                10.0639066696167
            ],
            [
                -0.8638923168182373,
                13.192293167114258
            ],
            [
                -1.5276062488555908,
                16.29595184326172
            ],
            [
                -2.2937188148498535,
                19.174060821533203
            ]
        ],
        [
            [
                0.3290269672870636,
                3.060546636581421
            ],
            [
                0.7797974944114685,
                6.212607383728027
            ],
            [
                1.8137986660003662,
                9.1108980178833
            ],
            [
                3.264155387878418,
                11.949995994567871
            ],
            [
                4.627083778381348,
                14.73119831085205
            ],
            [
                5.7177324295043945,
                17.555618286132812
            ]
        ],
        [
            [
                0.12232466042041779,
                3.555941104888916
            ],
            [
                0.2630006670951843,
                7.310302734375
            ],
            [
                0.43024298548698425,
                11.165399551391602
            ],
            [
                0.6423054933547974,
                15.186236381530762
            ],
            [
                0.8608977198600769,
                19.225296020507812
            ],
            [
                1.1621536016464233,
                23.30851936340332
            ]
        ],
        [
            [
                0.04756731912493706,
                3.3469831943511963
            ],
            [
                0.2077706754207611,
                6.981940746307373
            ],
            [
                0.40586310625076294,
                10.710524559020996
            ],
            [
                0.6185893416404724,
                14.538106918334961
            ],
            [
                0.8723087310791016,
                18.43548011779785
            ],
            [
                1.133865475654602,
                22.29360580444336
            ]
        ],
        [
            [
                -0.02729193866252899,
                2.863408088684082
            ],
            [
                0.05420832335948944,
                6.2887492179870605
            ],
            [
                0.22546176612377167,
                10.009849548339844
            ],
            [
                0.45875853300094604,
                14.354528427124023
            ],
            [
                0.6652290225028992,
                19.012407302856445
            ],
            [
                0.9475480914115906,
                23.78443145751953
            ]
        ],
        [
            [
                0.21032147109508514,
                3.4823496341705322
            ],
            [
                0.4492650032043457,
                6.7263970375061035
            ],
            [
                0.8560630083084106,
                9.882647514343262
            ],
            [
                1.0509543418884277,
                13.146854400634766
            ],
            [
                1.3247416019439697,
                16.67417335510254
            ],
            [
                1.6472216844558716,
                20.272184371948242
            ]
        ]
    ]
}