{
    "speed": 6.189066020048303,
    "steer": -0.46146395802497864,
    "throttle": 0.75,
    "brake": 0.0,
    "wp_4": [
        0.9804221987724304,
        13.894882202148438
    ],
    "wp_3": [
        0.6175403594970703,
        10.162506103515625
    ],
    "wp_2": [
        0.3137553632259369,
        6.540076732635498
    ],
    "wp_1": [
        0.08333208411931992,
        3.0836007595062256
    ],
    "aim": [
        0.08333208411931992,
        3.0836007595062256
    ],
    "target": [
        -1.4960497728477644,
        1.2868808977288027
    ],
    "desired_speed": 7.431102466583251,
    "angle": 0.017199982213363253,
    "angle_last": 0.07466889032588743,
    "angle_target": -0.5477594131567011,
    "angle_final": -0.5477594131567011,
    "delta": 0.25,
    "agent": "only_traj",
    "steer_traj": -0.46146396682379137,
    "throttle_traj": 0.75,
    "brake_traj": 0.0,
    "plan": [
        [
            0.08333208411931992,
            3.0836007595062256
        ],
        [
            0.3137553632259369,
            6.540076732635498
        ],
        [
            0.6175403594970703,
            10.162506103515625
        ],
        [
            0.9804221987724304,
            13.894882202148438
        ],
        [
            1.4185160398483276,
            17.725223541259766
        ],
        [
            1.8717584609985352,
            21.571786880493164
        ]
    ],
    "command": 3,
    "all_plan": [
        [
            [
                0.022155271843075752,
                3.227530002593994
            ],
            [
                -0.16255448758602142,
                6.415146827697754
            ],
            [
                -0.5479986667633057,
                9.55819034576416
            ],
            [
                -1.2234406471252441,
                12.510622024536133
            ],
            [
                -2.091548442840576,
                15.355931282043457
            ],
            [
                -3.0405497550964355,
                17.980546951293945
            ]
        ],
        [
            [
                0.26739510893821716,
                2.997828245162964
            ],
            [
                0.6790993213653564,
                6.240357875823975
            ],
            [
                1.6062977313995361,
                9.269532203674316
            ],
            [
                2.814305305480957,
                12.230263710021973
            ],
            [
                3.9946842193603516,
                15.128194808959961
            ],
            [
                4.916668891906738,
                18.067485809326172
            ]
        ],
        [
            [
                0.16624905169010162,
                3.32767391204834
            ],
            [
                0.41409075260162354,
                6.949662208557129
            ],
            [
                0.7100937366485596,
                10.733769416809082
            ],
            [
                1.027026891708374,
                14.74516487121582
            ],
            [
                1.3797252178192139,
                18.80652618408203
            ],
            [
                1.8114174604415894,
                22.919431686401367
            ]
        ],
        [
            [
                0.08333208411931992,
                3.0836007595062256
            ],
            [
                0.3137553632259369,
                6.540076732635498
            ],
            [
                0.6175403594970703,
                10.162506103515625
            ],
            [
                0.9804221987724304,
                13.894882202148438
            ],
            [
                1.4185160398483276,
                17.725223541259766
            ],
            [
                1.8717584609985352,
                21.571786880493164
            ]
        ],
        [
            [
                -0.02205689251422882,
                2.7087244987487793
            ],
            [
                0.18015311658382416,
                6.033197402954102
            ],
            [
                0.521793007850647,
                9.660897254943848
            ],
            [
                0.9587563276290894,
                13.876336097717285
            ],
            [
                1.3778563737869263,
                18.31340217590332
            ],
            [
                1.8548007011413574,
                22.853317260742188
            ]
        ],
        [
            [
                0.09713078290224075,
                3.2897331714630127
            ],
            [
                0.40342995524406433,
                6.378003120422363
            ],
            [
                0.9328552484512329,
                9.397119522094727
            ],
            [
                1.2093366384506226,
                12.492534637451172
            ],
            [
                1.6522225141525269,
                15.908445358276367
            ],
            [
                2.130364418029785,
                19.323410034179688
            ]
        ]
    ]
}