{
    "speed": 1.5094195794311955,
    "steer": -0.003019139403477311,
    "throttle": 0.75,
    "brake": 0.0,
    "wp_4": [
        0.01313767023384571,
        10.243377685546875
    ],
    "wp_3": [
        0.015608732588589191,
        6.987406253814697
    ],
    "wp_2": [
        0.00741772074252367,
        4.083757400512695
    ],
    "wp_1": [
        0.006832669489085674,
        1.69058096408844
    ],
    "aim": [
        0.006832669489085674,
        1.69058096408844
    ],
    "target": [
        -0.1901616895956445,
        52.28705066327187
    ],
    "desired_speed": 6.308232593536376,
    "angle": 0.0025729803237993895,
    "angle_last": -0.00019711673058544867,
    "angle_target": -0.00231529903216577,
    "angle_final": -0.00231529903216577,
    "delta": 0.25,
    "agent": "only_traj",
    "steer_traj": -0.0030191394576400713,
    "throttle_traj": 0.75,
    "brake_traj": 0.0,
    "plan": [
        [
            0.006832669489085674,
            1.69058096408844
        ],
        [
            0.00741772074252367,
            4.083757400512695
        ],
        [
            0.015608732588589191,
            6.987406253814697
        ],
        [
            0.01313767023384571,
            10.243377685546875
        ],
        [
            0.002643158659338951,
            13.812738418579102
        ],
        [
            0.0015134811401367188,
            17.46113395690918
        ]
    ],
    "command": 3,
    "all_plan": [
        [
            [
                0.045506611466407776,
                2.1670377254486084
            ],
            [
                -0.007125750184059143,
                4.8042120933532715
            ],
            [
                -0.04526996240019798,
                7.671783924102783
            ],
            [
                -0.21958255767822266,
                10.407556533813477
            ],
            [
                -0.39689701795578003,
                12.726227760314941
            ],
            [
                -0.5658318996429443,
                14.745196342468262
            ]
        ],
        [
            [
                0.10555403679609299,
                2.32244610786438
            ],
            [
                0.08705486357212067,
                5.336126327514648
            ],
            [
                0.31934988498687744,
                7.77081298828125
            ],
            [
                0.9151058197021484,
                9.898427963256836
            ],
            [
                1.780947208404541,
                11.758109092712402
            ],
            [
                2.7903833389282227,
                13.48777961730957
            ]
        ],
        [
            [
                -0.016302622854709625,
                1.7723774909973145
            ],
            [
                -0.02501952461898327,
                4.234880447387695
            ],
            [
                -0.025270819664001465,
                7.3166093826293945
            ],
            [
                -0.0068381186574697495,
                11.045381546020508
            ],
            [
                0.05246826261281967,
                15.316238403320312
            ],
            [
                0.0709274411201477,
                19.845706939697266
            ]
        ],
        [
            [
                0.006832669489085674,
                1.69058096408844
            ],
            [
                0.00741772074252367,
                4.083757400512695
            ],
            [
                0.015608732588589191,
                6.987406253814697
            ],
            [
                0.01313767023384571,
                10.243377685546875
            ],
            [
                0.002643158659338951,
                13.812738418579102
            ],
            [
                0.0015134811401367188,
                17.46113395690918
            ]
        ],
        [
            [
                0.03461480140686035,
                0.9719913005828857
            ],
            [
                0.02385113574564457,
                2.6075644493103027
            ],
            [
                -0.0032332204282283783,
                4.629055023193359
            ],
            [
                0.008354514837265015,
                7.3159894943237305
            ],
            [
                -0.03294852375984192,
                10.556225776672363
            ],
            [
                0.01737981289625168,
                14.23008918762207
            ]
        ],
        [
            [
                0.15571044385433197,
                1.29765784740448
            ],
            [
                0.22638151049613953,
                3.145051956176758
            ],
            [
                0.3438735604286194,
                5.434748649597168
            ],
            [
                0.37841731309890747,
                8.305984497070312
            ],
            [
                0.3201892673969269,
                11.703225135803223
            ],
            [
                0.19156530499458313,
                15.538633346557617
            ]
        ]
    ]
}