{
    "speed": 3.1976330587994446,
    "steer": 0.00020234929979778826,
    "throttle": 0.75,
    "brake": 0.0,
    "wp_4": [
        0.017537565901875496,
        12.486196517944336
    ],
    "wp_3": [
        0.013741766102612019,
        8.875524520874023
    ],
    "wp_2": [
        0.0065387459471821785,
        5.4720258712768555
    ],
    "wp_1": [
        6.500165909528732e-05,
        2.4128496646881104
    ],
    "aim": [
        6.500165909528732e-05,
        2.4128496646881104
    ],
    "target": [
        0.48312701688569404,
        52.35114991031578
    ],
    "desired_speed": 7.086185932159423,
    "angle": 1.712353638061796e-05,
    "angle_last": 0.001923125769768065,
    "angle_target": 0.005874932660632031,
    "angle_final": 1.712353638061796e-05,
    "delta": 0.25,
    "agent": "only_traj",
    "steer_traj": 0.00020234930516083998,
    "throttle_traj": 0.75,
    "brake_traj": 0.0,
    "plan": [
        [
            6.500165909528732e-05,
            2.4128496646881104
        ],
        [
            0.0065387459471821785,
            5.4720258712768555
        ],
        [
            0.013741766102612019,
            8.875524520874023
        ],
        [
            0.017537565901875496,
            12.486196517944336
        ],
        [
            0.013467257842421532,
            16.309284210205078
        ],
        [
            0.025004014372825623,
            20.128278732299805
        ]
    ],
    "command": 3,
    "all_plan": [
        [
            [
                0.05469960719347,
                2.804420232772827
            ],
            [
                -0.010646902024745941,
                5.862295150756836
            ],
            [
                -0.09423790127038956,
                9.048295974731445
            ],
            [
                -0.3419012129306793,
                12.10279369354248
            ],
            [
                -0.6270949840545654,
                14.856417655944824
            ],
            [
                -0.9601768851280212,
                17.324722290039062
            ]
        ],
        [
            [
                0.23256239295005798,
                2.6643176078796387
            ],
            [
                0.3932288885116577,
                5.780129432678223
            ],
            [
                0.9761585593223572,
                8.345173835754395
            ],
            [
                2.041606903076172,
                10.639583587646484
            ],
            [
                3.2710013389587402,
                12.7484712600708
            ],
            [
                4.502232074737549,
                14.805320739746094
            ]
        ],
        [
            [
                0.005136399529874325,
                2.587055206298828
            ],
            [
                0.0009134048596024513,
                5.69565486907959
            ],
            [
                0.009896805509924889,
                9.21873664855957
            ],
            [
                0.034116558730602264,
                13.183220863342285
            ],
            [
                0.08229727298021317,
                17.45885467529297
            ],
            [
                0.12128056585788727,
                21.89101219177246
            ]
        ],
        [
            [
                6.500165909528732e-05,
                2.4128496646881104
            ],
            [
                0.0065387459471821785,
                5.4720258712768555
            ],
            [
                0.013741766102612019,
                8.875524520874023
            ],
            [
                0.017537565901875496,
                12.486196517944336
            ],
            [
                0.013467257842421532,
                16.309284210205078
            ],
            [
                0.025004014372825623,
                20.128278732299805
            ]
        ],
        [
            [
                0.018024370074272156,
                1.7580429315567017
            ],
            [
                -0.02173030376434326,
                4.161926746368408
            ],
            [
                -0.06734825670719147,
                6.924973964691162
            ],
            [
                -0.09329766035079956,
                10.362751960754395
            ],
            [
                -0.13662691414356232,
                14.326763153076172
            ],
            [
                -0.0913379117846489,
                18.614051818847656
            ]
        ],
        [
            [
                0.2301315814256668,
                2.1991703510284424
            ],
            [
                0.3205888569355011,
                4.659313201904297
            ],
            [
                0.4940204322338104,
                7.383062362670898
            ],
            [
                0.5336732864379883,
                10.564090728759766
            ],
            [
                0.4840061068534851,
                14.15483283996582
            ],
            [
                0.4146273136138916,
                18.070945739746094
            ]
        ]
    ]
}