{
    "speed": 7.840681451993539,
    "steer": 0.0008413963369093835,
    "throttle": 0.09457110613584518,
    "brake": 0.0,
    "wp_4": [
        0.03437490016222,
        15.689680099487305
    ],
    "wp_3": [
        0.031387846916913986,
        11.703213691711426
    ],
    "wp_2": [
        0.013666306622326374,
        7.800036430358887
    ],
    "wp_1": [
        0.0040349168702960014,
        3.8885483741760254
    ],
    "aim": [
        0.0040349168702960014,
        3.8885483741760254
    ],
    "target": [
        -1.2416908984177455,
        39.99557475838635
    ],
    "desired_speed": 7.796328544616699,
    "angle": 0.000660603247186597,
    "angle_last": 0.00026020237984229397,
    "angle_target": -0.019757964792424053,
    "angle_final": 0.000660603247186597,
    "delta": 0.0,
    "agent": "only_traj",
    "steer_traj": 0.0008413963351147572,
    "throttle_traj": 0.09457110308633151,
    "brake_traj": 0.0,
    "plan": [
        [
            0.0040349168702960014,
            3.8885483741760254
        ],
        [
            0.013666306622326374,
            7.800036430358887
        ],
        [
            0.031387846916913986,
            11.703213691711426
        ],
        [
            0.03437490016222,
            15.689680099487305
        ],
        [
            0.03504354879260063,
            19.63042449951172
        ],
        [
            0.03657563775777817,
            23.379316329956055
        ]
    ],
    "command": 3,
    "all_plan": [
        [
            [
                0.055086418986320496,
                3.844287157058716
            ],
            [
                -0.03634081780910492,
                7.471052169799805
            ],
            [
                -0.1867738962173462,
                11.018165588378906
            ],
            [
                -0.4365692138671875,
                14.379083633422852
            ],
            [
                -0.801902174949646,
                17.819561004638672
            ],
            [
                -1.2562391757965088,
                21.037548065185547
            ]
        ],
        [
            [
                0.4665253460407257,
                3.138561964035034
            ],
            [
                1.0830014944076538,
                6.064562797546387
            ],
            [
                2.444544792175293,
                8.602730751037598
            ],
            [
                4.423152446746826,
                11.122211456298828
            ],
            [
                6.286711692810059,
                13.61385726928711
            ],
            [
                7.828350067138672,
                16.201766967773438
            ]
        ],
        [
            [
                0.00538098718971014,
                4.017065048217773
            ],
            [
                -0.01881878823041916,
                8.069252014160156
            ],
            [
                0.000652167946100235,
                12.056011199951172
            ],
            [
                0.0114410649985075,
                16.032960891723633
            ],
            [
                0.033741772174835205,
                19.97610855102539
            ],
            [
                0.047082286328077316,
                23.958417892456055
            ]
        ],
        [
            [
                0.0040349168702960014,
                3.8885483741760254
            ],
            [
                0.013666306622326374,
                7.800036430358887
            ],
            [
                0.031387846916913986,
                11.703213691711426
            ],
            [
                0.03437490016222,
                15.689680099487305
            ],
            [
                0.03504354879260063,
                19.63042449951172
            ],
            [
                0.03657563775777817,
                23.379316329956055
            ]
        ],
        [
            [
                -0.03915984928607941,
                3.2108001708984375
            ],
            [
                -0.1349714696407318,
                6.847209930419922
            ],
            [
                -0.26028117537498474,
                10.76264476776123
            ],
            [
                -0.37684670090675354,
                15.31315803527832
            ],
            [
                -0.5020537972450256,
                20.331010818481445
            ],
            [
                -0.6036229133605957,
                25.45844841003418
            ]
        ],
        [
            [
                0.36921560764312744,
                3.8223071098327637
            ],
            [
                0.4515094459056854,
                7.329962730407715
            ],
            [
                0.6823111772537231,
                10.735265731811523
            ],
            [
                0.7196165919303894,
                14.292593002319336
            ],
            [
                0.7146797180175781,
                18.014860153198242
            ],
            [
                0.714830756187439,
                21.836652755737305
            ]
        ]
    ]
}