{
    "speed": 7.815720286047387,
    "steer": 0.0012722203973680735,
    "throttle": 0.06493783742189407,
    "brake": 0.0,
    "wp_4": [
        0.03262043744325638,
        16.250837326049805
    ],
    "wp_3": [
        0.03883255645632744,
        12.228998184204102
    ],
    "wp_2": [
        0.02846458926796913,
        8.209970474243164
    ],
    "wp_1": [
        0.00913130771368742,
        4.155978202819824
    ],
    "aim": [
        0.00913130771368742,
        4.155978202819824
    ],
    "target": [
        -0.5643457556289343,
        36.63299214476438
    ],
    "desired_speed": 7.8512987136840815,
    "angle": 0.0013987190234926415,
    "angle_last": -0.00132637467336089,
    "angle_target": -0.009806604042160145,
    "angle_final": 0.0013987190234926415,
    "delta": 0.035578427636694165,
    "agent": "only_traj",
    "steer_traj": 0.0012722204226893635,
    "throttle_traj": 0.06493783833228761,
    "brake_traj": 0.0,
    "plan": [
        [
            0.00913130771368742,
            4.155978202819824
        ],
        [
            0.02846458926796913,
            8.209970474243164
        ],
        [
            0.03883255645632744,
            12.228998184204102
        ],
        [
            0.03262043744325638,
            16.250837326049805
        ],
        [
            0.021164443343877792,
            20.145925521850586
        ],
        [
            0.013584339991211891,
            23.784135818481445
        ]
    ],
    "command": 3,
    "all_plan": [
        [
            [
                0.02652241475880146,
                4.0229902267456055
            ],
            [
                -0.07340022921562195,
                7.771581649780273
            ],
            [
                -0.19559742510318756,
                11.37293815612793
            ],
            [
                -0.39589089155197144,
                14.781951904296875
            ],
            [
                -0.7402955293655396,
                18.27381134033203
            ],
            [
                -1.146353006362915,
                21.535015106201172
            ]
        ],
        [
            [
                0.5419344902038574,
                3.260646104812622
            ],
            [
                1.3349559307098389,
                6.185826778411865
            ],
            [
                2.8403449058532715,
                8.656972885131836
            ],
            [
                4.9704389572143555,
                11.170146942138672
            ],
            [
                7.006504058837891,
                13.662576675415039
            ],
            [
                8.692089080810547,
                16.286222457885742
            ]
        ],
        [
            [
                -0.03498084843158722,
                4.232904434204102
            ],
            [
                -0.0880403146147728,
                8.421809196472168
            ],
            [
                -0.059715356677770615,
                12.50710678100586
            ],
            [
                -0.036360278725624084,
                16.536357879638672
            ],
            [
                -0.023402288556098938,
                20.50124740600586
            ],
            [
                -0.0052942074835300446,
                24.52564811706543
            ]
        ],
        [
            [
                0.00913130771368742,
                4.155978202819824
            ],
            [
                0.02846458926796913,
                8.209970474243164
            ],
            [
                0.03883255645632744,
                12.228998184204102
            ],
            [
                0.03262043744325638,
                16.250837326049805
            ],
            [
                0.021164443343877792,
                20.145925521850586
            ],
            [
                0.013584339991211891,
                23.784135818481445
            ]
        ],
        [
            [
                -0.06480233371257782,
                3.342406749725342
            ],
            [
                -0.2065618485212326,
                7.101442337036133
            ],
            [
                -0.40244051814079285,
                11.114799499511719
            ],
            [
                -0.5437405109405518,
                15.782757759094238
            ],
            [
                -0.6928539276123047,
                20.94614028930664
            ],
            [
                -0.8568810820579529,
                26.19828224182129
            ]
        ],
        [
            [
                0.4063947796821594,
                3.9445786476135254
            ],
            [
                0.4546605050563812,
                7.637783050537109
            ],
            [
                0.6585350036621094,
                11.135560989379883
            ],
            [
                0.6710655689239502,
                14.769587516784668
            ],
            [
                0.6496492028236389,
                18.5543155670166
            ],
            [
                0.6049758195877075,
                22.444896697998047
            ]
        ]
    ]
}