{
    "speed": 7.264032537518805,
    "steer": 0.0026099849492311478,
    "throttle": 0.0,
    "brake": 0.0,
    "wp_4": [
        -0.022045381367206573,
        15.47482967376709
    ],
    "wp_3": [
        0.005907786078751087,
        11.663087844848633
    ],
    "wp_2": [
        0.01465230155736208,
        7.854452133178711
    ],
    "wp_1": [
        0.011904622428119183,
        3.959042549133301
    ],
    "aim": [
        0.011904622428119183,
        3.959042549133301
    ],
    "target": [
        -0.8639251587574253,
        20.521946128549402
    ],
    "desired_speed": 7.251936149597169,
    "angle": 0.0019142465238470485,
    "angle_last": -0.007686039700550541,
    "angle_target": -0.02678436436683649,
    "angle_final": 0.0019142465238470485,
    "delta": 0.0,
    "agent": "only_traj",
    "steer_traj": 0.002609984942302071,
    "throttle_traj": 0.0,
    "brake_traj": 0.0,
    "plan": [
        [
            0.011904622428119183,
            3.959042549133301
        ],
        [
            0.01465230155736208,
            7.854452133178711
        ],
        [
            0.005907786078751087,
            11.663087844848633
        ],
        [
            -0.022045381367206573,
            15.47482967376709
        ],
        [
            -0.04612194374203682,
            19.02690887451172
        ],
        [
            -0.08308656513690948,
            22.088464736938477
        ]
    ],
    "command": 3,
    "all_plan": [
        [
            [
                0.0927899032831192,
                3.8733444213867188
            ],
            [
                0.046367183327674866,
                7.5107221603393555
            ],
            [
                -0.05208346247673035,
                10.902124404907227
            ],
            [
                -0.22702167928218842,
                14.006628036499023
            ],
            [
                -0.48121464252471924,
                17.068506240844727
            ],
            [
                -0.8133168816566467,
                19.875320434570312
            ]
        ],
        [
            [
                0.4957619309425354,
                3.251108407974243
            ],
            [
                1.277388572692871,
                6.098204135894775
            ],
            [
                2.7882940769195557,
                8.332168579101562
            ],
            [
                5.018116474151611,
                10.462225914001465
            ],
            [
                7.253443717956543,
                12.495878219604492
            ],
            [
                9.252697944641113,
                14.660728454589844
            ]
        ],
        [
            [
                -0.020812034606933594,
                4.001491069793701
            ],
            [
                -0.07540646940469742,
                8.087055206298828
            ],
            [
                -0.07034558802843094,
                12.07879638671875
            ],
            [
                -0.050817057490348816,
                16.069446563720703
            ],
            [
                -0.03240330517292023,
                19.918806076049805
            ],
            [
                -0.06706714630126953,
                23.815271377563477
            ]
        ],
        [
            [
                0.011904622428119183,
                3.959042549133301
            ],
            [
                0.01465230155736208,
                7.854452133178711
            ],
            [
                0.005907786078751087,
                11.663087844848633
            ],
            [
                -0.022045381367206573,
                15.47482967376709
            ],
            [
                -0.04612194374203682,
                19.02690887451172
            ],
            [
                -0.08308656513690948,
                22.088464736938477
            ]
        ],
        [
            [
                -0.05536322295665741,
                3.042766571044922
            ],
            [
                -0.1908075362443924,
                6.470563888549805
            ],
            [
                -0.3631635308265686,
                10.152629852294922
            ],
            [
                -0.5377851128578186,
                14.492030143737793
            ],
            [
                -0.684345006942749,
                19.387025833129883
            ],
            [
                -0.8446111679077148,
                24.389976501464844
            ]
        ],
        [
            [
                0.3356591463088989,
                3.561969518661499
            ],
            [
                0.35945791006088257,
                6.980074882507324
            ],
            [
                0.5361573100090027,
                10.228322982788086
            ],
            [
                0.5279173254966736,
                13.675765991210938
            ],
            [
                0.4643916189670563,
                17.325441360473633
            ],
            [
                0.33497411012649536,
                21.077964782714844
            ]
        ]
    ]
}