{
    "speed": 7.213768897987946,
    "steer": 0.001464472501538694,
    "throttle": 0.75,
    "brake": 0.0,
    "wp_4": [
        -0.017624368891119957,
        15.761570930480957
    ],
    "wp_3": [
        -0.0020041046664118767,
        11.826464653015137
    ],
    "wp_2": [
        0.0002798037603497505,
        7.926791191101074
    ],
    "wp_1": [
        0.002173091284930706,
        3.9830405712127686
    ],
    "aim": [
        0.002173091284930706,
        3.9830405712127686
    ],
    "target": [
        -0.688845843012326,
        17.60758462470533
    ],
    "desired_speed": 7.75023832321167,
    "angle": 0.00034732523725534547,
    "angle_last": -0.0030094850668335883,
    "angle_target": -0.024893213222050476,
    "angle_final": 0.00034732523725534547,
    "delta": 0.25,
    "agent": "only_traj",
    "steer_traj": 0.001464472477569359,
    "throttle_traj": 0.75,
    "brake_traj": 0.0,
    "plan": [
        [
            0.002173091284930706,
            3.9830405712127686
        ],
        [
            0.0002798037603497505,
            7.926791191101074
        ],
        [
            -0.0020041046664118767,
            11.826464653015137
        ],
        [
            -0.017624368891119957,
            15.761570930480957
        ],
        [
            -0.039144352078437805,
            19.65243148803711
        ],
        [
            -0.05666445195674896,
            23.358503341674805
        ]
    ],
    "command": 3,
    "all_plan": [
        [
            [
                0.051495566964149475,
                3.8831729888916016
            ],
            [
                -0.03920617699623108,
                7.549834251403809
            ],
            [
                -0.17631977796554565,
                11.119413375854492
            ],
            [
                -0.3945246934890747,
                14.518207550048828
            ],
            [
                -0.7384830713272095,
                17.99382972717285
            ],
            [
                -1.163964033126831,
                21.25691795349121
            ]
        ],
        [
            [
                0.5015301704406738,
                3.15508770942688
            ],
            [
                1.1760876178741455,
                6.063483238220215
            ],
            [
                2.5816361904144287,
                8.565343856811523
            ],
            [
                4.611541748046875,
                11.060724258422852
            ],
            [
                6.506098747253418,
                13.53843879699707
            ],
            [
                8.076953887939453,
                16.13681983947754
            ]
        ],
        [
            [
                -0.00682441983371973,
                4.084446430206299
            ],
            [
                -0.053961582481861115,
                8.159357070922852
            ],
            [
                -0.04206658527255058,
                12.140600204467773
            ],
            [
                -0.03351892530918121,
                16.08875274658203
            ],
            [
                -0.025970563292503357,
                19.976158142089844
            ],
            [
                -0.03601217642426491,
                23.928207397460938
            ]
        ],
        [
            [
                0.002173091284930706,
                3.9830405712127686
            ],
            [
                0.0002798037603497505,
                7.926791191101074
            ],
            [
                -0.0020041046664118767,
                11.826464653015137
            ],
            [
                -0.017624368891119957,
                15.761570930480957
            ],
            [
                -0.039144352078437805,
                19.65243148803711
            ],
            [
                -0.05666445195674896,
                23.358503341674805
            ]
        ],
        [
            [
                -0.05206993222236633,
                3.239011764526367
            ],
            [
                -0.1752220094203949,
                6.90458345413208
            ],
            [
                -0.3562980890274048,
                10.82982063293457
            ],
            [
                -0.5043618083000183,
                15.384461402893066
            ],
            [
                -0.6667848825454712,
                20.424232482910156
            ],
            [
                -0.8160635828971863,
                25.581401824951172
            ]
        ],
        [
            [
                0.3925401568412781,
                3.8499600887298584
            ],
            [
                0.45671525597572327,
                7.412357330322266
            ],
            [
                0.6562400460243225,
                10.831631660461426
            ],
            [
                0.6740542650222778,
                14.412759780883789
            ],
            [
                0.6544443964958191,
                18.146263122558594
            ],
            [
                0.6323248147964478,
                21.98470115661621
            ]
        ]
    ]
}