{
    "speed": 0.19971097545562688,
    "steer": 0.003338384907692671,
    "throttle": 0.75,
    "brake": 0.0,
    "wp_4": [
        -0.047717392444610596,
        6.314303398132324
    ],
    "wp_3": [
        0.0002744840458035469,
        3.412532329559326
    ],
    "wp_2": [
        0.004115116782486439,
        1.3690621852874756
    ],
    "wp_1": [
        0.006041127257049084,
        0.3141137361526489
    ],
    "aim": [
        0.0002744840458035469,
        3.412532329559326
    ],
    "target": [
        -1.4808981009455027,
        9.21501646569961
    ],
    "desired_speed": 5.320484352111817,
    "angle": 5.11985912399038e-05,
    "angle_last": -0.015930761047672933,
    "angle_target": -0.10144056728526842,
    "angle_final": 5.11985912399038e-05,
    "delta": 0.25,
    "agent": "only_traj",
    "steer_traj": 0.0033383847994904905,
    "throttle_traj": 0.75,
    "brake_traj": 0.0,
    "plan": [
        [
            0.006041127257049084,
            0.3141137361526489
        ],
        [
            0.004115116782486439,
            1.3690621852874756
        ],
        [
            0.0002744840458035469,
            3.412532329559326
        ],
        [
            -0.047717392444610596,
            6.314303398132324
        ],
        [
            -0.10725927352905273,
            9.83920669555664
        ],
        [
            -0.20172055065631866,
            13.613237380981445
        ]
    ],
    "command": 3,
    "all_plan": [
        [
            [
                -0.03128785640001297,
                0.9353941679000854
            ],
            [
                -0.0828079879283905,
                2.8107986450195312
            ],
            [
                -0.06826112419366837,
                5.141037940979004
            ],
            [
                -0.2793589234352112,
                7.327130317687988
            ],
            [
                -0.3918082118034363,
                9.1404447555542
            ],
            [
                -0.46478915214538574,
                10.8018159866333
            ]
        ],
        [
            [
                0.052874915301799774,
                1.4527263641357422
            ],
            [
                0.0017112605273723602,
                4.07893180847168
            ],
            [
                -0.079530268907547,
                6.262888431549072
            ],
            [
                -0.039707720279693604,
                8.262675285339355
            ],
            [
                0.15353047847747803,
                10.07957649230957
            ],
            [
                0.6037447452545166,
                11.773534774780273
            ]
        ],
        [
            [
                -0.021202102303504944,
                0.4294697046279907
            ],
            [
                -0.07397285848855972,
                1.7650434970855713
            ],
            [
                -0.10494841635227203,
                4.033670902252197
            ],
            [
                -0.12643800675868988,
                7.2789764404296875
            ],
            [
                -0.12387584894895554,
                11.531468391418457
            ],
            [
                -0.19817408919334412,
                16.334918975830078
            ]
        ],
        [
            [
                0.006041127257049084,
                0.3141137361526489
            ],
            [
                0.004115116782486439,
                1.3690621852874756
            ],
            [
                0.0002744840458035469,
                3.412532329559326
            ],
            [
                -0.047717392444610596,
                6.314303398132324
            ],
            [
                -0.10725927352905273,
                9.83920669555664
            ],
            [
                -0.20172055065631866,
                13.613237380981445
            ]
        ],
        [
            [
                0.0822252482175827,
                0.05640113353729248
            ],
            [
                0.05445887893438339,
                0.5467323064804077
            ],
            [
                0.016487695276737213,
                1.4338672161102295
            ],
            [
                -0.02371487393975258,
                2.925910472869873
            ],
            [
                -0.0988832414150238,
                4.958952903747559
            ],
            [
                -0.1452426314353943,
                7.68242883682251
            ]
        ],
        [
            [
                0.0010840296745300293,
                -0.015292864292860031
            ],
            [
                -0.015763916075229645,
                0.9809417724609375
            ],
            [
                -0.08010737597942352,
                2.7997655868530273
            ],
            [
                -0.20172688364982605,
                5.264426231384277
            ],
            [
                -0.37918949127197266,
                8.513511657714844
            ],
            [
                -0.7491015195846558,
                12.385251998901367
            ]
        ]
    ]
}