{
    "speed": 7.306605069333686,
    "steer": 0.0027772255707532167,
    "throttle": 0.0,
    "brake": 0.0,
    "wp_4": [
        0.005712131038308144,
        13.895875930786133
    ],
    "wp_3": [
        0.008405548520386219,
        10.150394439697266
    ],
    "wp_2": [
        0.007869605906307697,
        6.532390594482422
    ],
    "wp_1": [
        0.01036893855780363,
        3.0378410816192627
    ],
    "aim": [
        0.01036893855780363,
        3.0378410816192627
    ],
    "target": [
        -1.9472730346986107,
        44.66121390772921
    ],
    "desired_speed": 7.224576091766357,
    "angle": 0.002172958911408976,
    "angle_last": -0.001622349537394776,
    "angle_target": -0.027739681578111894,
    "angle_final": 0.002172958911408976,
    "delta": 0.0,
    "agent": "only_traj",
    "steer_traj": 0.0027772255887544865,
    "throttle_traj": 0.0,
    "brake_traj": 0.0,
    "plan": [
        [
            0.01036893855780363,
            3.0378410816192627
        ],
        [
            0.007869605906307697,
            6.532390594482422
        ],
        [
            0.008405548520386219,
            10.150394439697266
        ],
        [
            0.005712131038308144,
            13.895875930786133
        ],
        [
            -0.00695418007671833,
            17.665340423583984
        ],
        [
            -0.015705060213804245,
            21.099246978759766
        ]
    ],
    "command": 3,
    "all_plan": [
        [
            [
                0.058672234416007996,
                3.3314156532287598
            ],
            [
                0.005894526839256287,
                6.668999671936035
            ],
            [
                -0.10220029950141907,
                9.968084335327148
            ],
            [
                -0.36061155796051025,
                13.048087120056152
            ],
            [
                -0.6420677900314331,
                15.847055435180664
            ],
            [
                -0.9806532859802246,
                18.37910270690918
            ]
        ],
        [
            [
                0.29785242676734924,
                2.9437077045440674
            ],
            [
                0.6726335883140564,
                6.002038478851318
            ],
            [
                1.6071717739105225,
                8.427029609680176
            ],
            [
                3.1770358085632324,
                10.577842712402344
            ],
            [
                4.913599014282227,
                12.548707008361816
            ],
            [
                6.622681617736816,
                14.454672813415527
            ]
        ],
        [
            [
                -0.008281693793833256,
                3.208404779434204
            ],
            [
                -0.026264168322086334,
                6.7753400802612305
            ],
            [
                -0.013478199951350689,
                10.570304870605469
            ],
            [
                0.025697406381368637,
                14.61514949798584
            ],
            [
                0.06406514346599579,
                18.761510848999023
            ],
            [
                0.07350236177444458,
                22.983381271362305
            ]
        ],
        [
            [
                0.01036893855780363,
                3.0378410816192627
            ],
            [
                0.007869605906307697,
                6.532390594482422
            ],
            [
                0.008405548520386219,
                10.150394439697266
            ],
            [
                0.005712131038308144,
                13.895875930786133
            ],
            [
                -0.00695418007671833,
                17.665340423583984
            ],
            [
                -0.015705060213804245,
                21.099246978759766
            ]
        ],
        [
            [
                -0.016712576150894165,
                2.2422666549682617
            ],
            [
                -0.0845242291688919,
                5.052597999572754
            ],
            [
                -0.13758790493011475,
                8.214034080505371
            ],
            [
                -0.22954702377319336,
                12.038070678710938
            ],
            [
                -0.30331045389175415,
                16.422014236450195
            ],
            [
                -0.3213771879673004,
                21.0257568359375
            ]
        ],
        [
            [
                0.24828369915485382,
                2.7438838481903076
            ],
            [
                0.32046934962272644,
                5.549840927124023
            ],
            [
                0.512604832649231,
                8.502652168273926
            ],
            [
                0.5152586698532104,
                11.82067584991455
            ],
            [
                0.46355924010276794,
                15.450069427490234
            ],
            [
                0.3782961070537567,
                19.297704696655273
            ]
        ]
    ]
}