{
    "speed": -0.002984756150997347,
    "steer": -0.03819030523300171,
    "throttle": 0.0,
    "brake": 1.0,
    "wp_4": [
        -0.00178900093305856,
        0.021213434636592865
    ],
    "wp_3": [
        -0.001509161782450974,
        0.01784459874033928
    ],
    "wp_2": [
        -0.0007973043248057365,
        0.010563325136899948
    ],
    "wp_1": [
        -0.001437111757695675,
        0.005995128303766251
    ],
    "aim": [
        -0.001789185800589621,
        0.027979888021945953
    ],
    "target": [
        -2.1518121719003926,
        39.90416681644805
    ],
    "desired_speed": 0.011475166026502849,
    "angle": -0.04065354144042342,
    "angle_last": -0.061226754239418826,
    "angle_target": -0.034296184773464994,
    "angle_final": -0.034296184773464994,
    "delta": 0.014459922177500195,
    "agent": "only_traj",
    "steer_traj": -0.03819030593968504,
    "throttle_traj": 0.0,
    "brake_traj": 1.0,
    "plan": [
        [
            -0.001437111757695675,
            0.005995128303766251
        ],
        [
            -0.0007973043248057365,
            0.010563325136899948
        ],
        [
            -0.001509161782450974,
            0.01784459874033928
        ],
        [
            -0.00178900093305856,
            0.021213434636592865
        ],
        [
            -0.001789185800589621,
            0.027979888021945953
        ],
        [
            -0.002424138132482767,
            0.034561581909656525
        ]
    ],
    "command": 3,
    "all_plan": [
        [
            [
                0.00029020383954048157,
                -0.005755617283284664
            ],
            [
                0.0008979039266705513,
                -0.0056665693409740925
            ],
            [
                0.00017232936806976795,
                -0.007719603832811117
            ],
            [
                -0.0004939592909067869,
                -0.0019739135168492794
            ],
            [
                -0.0020952734630554914,
                0.005237833131104708
            ],
            [
                -0.005445388145744801,
                0.011690586805343628
            ]
        ],
        [
            [
                0.0014418158680200577,
                -0.0073824720457196236
            ],
            [
                0.004729467444121838,
                -0.009784648194909096
            ],
            [
                0.0020924462005496025,
                -0.004595229402184486
            ],
            [
                0.003360864706337452,
                0.003662480041384697
            ],
            [
                0.0060114506632089615,
                0.01381070725619793
            ],
            [
                0.010336806997656822,
                0.03861423581838608
            ]
        ],
        [
            [
                0.001094762934371829,
                0.0026118094101548195
            ],
            [
                0.0018391895573586226,
                0.007137785665690899
            ],
            [
                0.002863109577447176,
                0.01753591001033783
            ],
            [
                0.004038418177515268,
                0.03411416336894035
            ],
            [
                0.005447708535939455,
                0.05901547148823738
            ],
            [
                0.007066240068525076,
                0.09142148494720459
            ]
        ],
        [
            [
                -0.001437111757695675,
                0.005995128303766251
            ],
            [
                -0.0007973043248057365,
                0.010563325136899948
            ],
            [
                -0.001509161782450974,
                0.01784459874033928
            ],
            [
                -0.00178900093305856,
                0.021213434636592865
            ],
            [
                -0.001789185800589621,
                0.027979888021945953
            ],
            [
                -0.002424138132482767,
                0.034561581909656525
            ]
        ],
        [
            [
                -0.0029575712978839874,
                0.03957110270857811
            ],
            [
                -0.009148525074124336,
                0.07452818006277084
            ],
            [
                -0.01955094002187252,
                0.16386789083480835
            ],
            [
                -0.04874992370605469,
                0.27152812480926514
            ],
            [
                -0.08991451561450958,
                0.3906180262565613
            ],
            [
                -0.1372956931591034,
                0.5407465696334839
            ]
        ],
        [
            [
                -0.0009787771850824356,
                0.07819271087646484
            ],
            [
                0.0006188154220581055,
                0.16393804550170898
            ],
            [
                0.006044099107384682,
                0.2775386571884155
            ],
            [
                0.024592438712716103,
                0.3828073740005493
            ],
            [
                0.024143654853105545,
                0.4605836272239685
            ],
            [
                0.02284305915236473,
                0.5228235125541687
            ]
        ]
    ]
}