{
    "speed": 6.757255058590454,
    "steer": -0.00033512371010147035,
    "throttle": 0.7196541428565979,
    "brake": 0.0,
    "wp_4": [
        -0.030589677393436432,
        13.87365436553955
    ],
    "wp_3": [
        -0.014108958654105663,
        10.19263744354248
    ],
    "wp_2": [
        -0.004053290002048016,
        6.639868259429932
    ],
    "wp_1": [
        0.004781494848430157,
        3.137599229812622
    ],
    "aim": [
        0.004781494848430157,
        3.137599229812622
    ],
    "target": [
        -0.9145951692632147,
        33.75839176176738
    ],
    "desired_speed": 6.898257827758789,
    "angle": 0.0009701625985697306,
    "angle_last": -0.00372726205761115,
    "angle_target": -0.017243326602751505,
    "angle_final": 0.0009701625985697306,
    "delta": 0.14100276916833465,
    "agent": "only_traj",
    "steer_traj": -0.00033512370720322794,
    "throttle_traj": 0.719654149624612,
    "brake_traj": 0.0,
    "plan": [
        [
            0.004781494848430157,
            3.137599229812622
        ],
        [
            -0.004053290002048016,
            6.639868259429932
        ],
        [
            -0.014108958654105663,
            10.19263744354248
        ],
        [
            -0.030589677393436432,
            13.87365436553955
        ],
        [
            -0.049660567194223404,
            17.42029571533203
        ],
        [
            -0.06700735539197922,
            20.383079528808594
        ]
    ],
    "command": 3,
    "all_plan": [
        [
            [
                0.05801159143447876,
                3.4219751358032227
            ],
            [
                0.013996690511703491,
                6.776605129241943
            ],
            [
                -0.10266898572444916,
                9.970508575439453
            ],
            [
                -0.33450090885162354,
                12.833379745483398
            ],
            [
                -0.567699670791626,
                15.396522521972656
            ],
            [
                -0.817361056804657,
                17.662792205810547
            ]
        ],
        [
            [
                0.31453442573547363,
                3.041290044784546
            ],
            [
                0.7959222793579102,
                6.003592491149902
            ],
            [
                1.8749969005584717,
                8.215839385986328
            ],
            [
                3.675736427307129,
                10.114433288574219
            ],
            [
                5.72517204284668,
                11.773499488830566
            ],
            [
                7.793252944946289,
                13.364495277404785
            ]
        ],
        [
            [
                -0.034667059779167175,
                3.24503493309021
            ],
            [
                -0.060668326914310455,
                6.889281749725342
            ],
            [
                -0.06488478928804398,
                10.707426071166992
            ],
            [
                -0.03572259843349457,
                14.75582504272461
            ],
            [
                -0.00030434131622314453,
                18.862503051757812
            ],
            [
                -0.017390955239534378,
                23.015445709228516
            ]
        ],
        [
            [
                0.004781494848430157,
                3.137599229812622
            ],
            [
                -0.004053290002048016,
                6.639868259429932
            ],
            [
                -0.014108958654105663,
                10.19263744354248
            ],
            [
                -0.030589677393436432,
                13.87365436553955
            ],
            [
                -0.049660567194223404,
                17.42029571533203
            ],
            [
                -0.06700735539197922,
                20.383079528808594
            ]
        ],
        [
            [
                -0.036827877163887024,
                2.2268664836883545
            ],
            [
                -0.12364518642425537,
                4.936789035797119
            ],
            [
                -0.19154959917068481,
                8.013137817382812
            ],
            [
                -0.32249727845191956,
                11.763374328613281
            ],
            [
                -0.4032028019428253,
                16.1068172454834
            ],
            [
                -0.44631657004356384,
                20.63731575012207
            ]
        ],
        [
            [
                0.20395950973033905,
                2.6540567874908447
            ],
            [
                0.2382059395313263,
                5.403963088989258
            ],
            [
                0.39966657757759094,
                8.285808563232422
            ],
            [
                0.3524077832698822,
                11.552383422851562
            ],
            [
                0.2646428346633911,
                15.085662841796875
            ],
            [
                0.09960614144802094,
                18.829336166381836
            ]
        ]
    ]
}