{
    "speed": 3.045782047861737,
    "steer": -0.0007189105963334441,
    "throttle": 0.75,
    "brake": 0.0,
    "wp_4": [
        -0.04631432145833969,
        9.005717277526855
    ],
    "wp_3": [
        -0.02257407084107399,
        6.112979412078857
    ],
    "wp_2": [
        -0.0072873784229159355,
        3.6072866916656494
    ],
    "wp_1": [
        0.005608017556369305,
        1.5319738388061523
    ],
    "aim": [
        -0.0072873784229159355,
        3.6072866916656494
    ],
    "target": [
        -2.229106761061688,
        28.211678830920913
    ],
    "desired_speed": 5.662831783294678,
    "angle": -0.001286076557257815,
    "angle_last": -0.00991806963031993,
    "angle_target": -0.050197340451211964,
    "angle_final": -0.001286076557257815,
    "delta": 0.25,
    "agent": "only_traj",
    "steer_traj": -0.0007189106137101673,
    "throttle_traj": 0.75,
    "brake_traj": 0.0,
    "plan": [
        [
            0.005608017556369305,
            1.5319738388061523
        ],
        [
            -0.0072873784229159355,
            3.6072866916656494
        ],
        [
            -0.02257407084107399,
            6.112979412078857
        ],
        [
            -0.04631432145833969,
            9.005717277526855
        ],
        [
            -0.1002669483423233,
            12.257665634155273
        ],
        [
            -0.1537134051322937,
            15.688005447387695
        ]
    ],
    "command": 3,
    "all_plan": [
        [
            [
                0.011070985347032547,
                1.8676660060882568
            ],
            [
                -0.054728273302316666,
                4.2407026290893555
            ],
            [
                -0.05801375210285187,
                6.875811576843262
            ],
            [
                -0.19844405353069305,
                9.39537525177002
            ],
            [
                -0.3336183726787567,
                11.509344100952148
            ],
            [
                -0.42545220255851746,
                13.377169609069824
            ]
        ],
        [
            [
                0.09950538724660873,
                2.1170644760131836
            ],
            [
                0.0652543306350708,
                4.937859535217285
            ],
            [
                0.22669360041618347,
                7.2275848388671875
            ],
            [
                0.6896865963935852,
                9.196243286132812
            ],
            [
                1.415175437927246,
                10.909122467041016
            ],
            [
                2.3166747093200684,
                12.50986099243164
            ]
        ],
        [
            [
                -0.03885388374328613,
                1.5037915706634521
            ],
            [
                -0.0808318480849266,
                3.6610209941864014
            ],
            [
                -0.0775567963719368,
                6.41103458404541
            ],
            [
                -0.08876941353082657,
                9.849349975585938
            ],
            [
                -0.06415246427059174,
                13.879362106323242
            ],
            [
                -0.0879659503698349,
                18.209354400634766
            ]
        ],
        [
            [
                0.005608017556369305,
                1.5319738388061523
            ],
            [
                -0.0072873784229159355,
                3.6072866916656494
            ],
            [
                -0.02257407084107399,
                6.112979412078857
            ],
            [
                -0.04631432145833969,
                9.005717277526855
            ],
            [
                -0.1002669483423233,
                12.257665634155273
            ],
            [
                -0.1537134051322937,
                15.688005447387695
            ]
        ],
        [
            [
                0.029906511306762695,
                0.6894652843475342
            ],
            [
                -0.010464832186698914,
                1.9936957359313965
            ],
            [
                -0.08174777776002884,
                3.6809945106506348
            ],
            [
                -0.1116814836859703,
                5.982345104217529
            ],
            [
                -0.21324896812438965,
                8.856258392333984
            ],
            [
                -0.23229828476905823,
                12.162761688232422
            ]
        ],
        [
            [
                0.15068967640399933,
                0.9553099274635315
            ],
            [
                0.18576639890670776,
                2.5173449516296387
            ],
            [
                0.2416687309741974,
                4.5644636154174805
            ],
            [
                0.2404390424489975,
                7.222157955169678
            ],
            [
                0.16222018003463745,
                10.418357849121094
            ],
            [
                0.0034811794757843018,
                14.0582914352417
            ]
        ]
    ]
}