{
    "speed": 6.563659624812442,
    "steer": -0.0006267172866500914,
    "throttle": 0.75,
    "brake": 0.0,
    "wp_4": [
        -0.030484862625598907,
        14.595399856567383
    ],
    "wp_3": [
        -0.012588473968207836,
        10.732404708862305
    ],
    "wp_2": [
        -0.00979080330580473,
        6.96457576751709
    ],
    "wp_1": [
        -0.0014089839532971382,
        3.2928972244262695
    ],
    "aim": [
        -0.0014089839532971382,
        3.2928972244262695
    ],
    "target": [
        -1.4256651091520836,
        24.504626866334412
    ],
    "desired_speed": 7.652510070800782,
    "angle": -0.00027240059343714476,
    "angle_last": -0.0018217910611591484,
    "angle_target": -0.036996467682120227,
    "angle_final": -0.00027240059343714476,
    "delta": 0.25,
    "agent": "only_traj",
    "steer_traj": -0.000626717289475766,
    "throttle_traj": 0.75,
    "brake_traj": 0.0,
    "plan": [
        [
            -0.0014089839532971382,
            3.2928972244262695
        ],
        [
            -0.00979080330580473,
            6.96457576751709
        ],
        [
            -0.012588473968207836,
            10.732404708862305
        ],
        [
            -0.030484862625598907,
            14.595399856567383
        ],
        [
            -0.05496722832322121,
            18.541173934936523
        ],
        [
            -0.06607898324728012,
            22.424028396606445
        ]
    ],
    "command": 3,
    "all_plan": [
        [
            [
                0.046963512897491455,
                3.4601223468780518
            ],
            [
                -0.04441380500793457,
                6.897381782531738
            ],
            [
                -0.15664400160312653,
                10.347021102905273
            ],
            [
                -0.4466894865036011,
                13.663154602050781
            ],
            [
                -0.8240981101989746,
                16.927474975585938
            ],
            [
                -1.2969143390655518,
                19.952455520629883
            ]
        ],
        [
            [
                0.3929853141307831,
                2.927776575088501
            ],
            [
                0.8279562592506409,
                5.917125701904297
            ],
            [
                1.8932652473449707,
                8.49485969543457
            ],
            [
                3.5380187034606934,
                10.926568984985352
            ],
            [
                5.131054878234863,
                13.320557594299316
            ],
            [
                6.520442008972168,
                15.75088119506836
            ]
        ],
        [
            [
                0.023188650608062744,
                3.5038340091705322
            ],
            [
                0.0012793634086847305,
                7.242094039916992
            ],
            [
                -0.004050307907164097,
                11.091154098510742
            ],
            [
                0.001461000181734562,
                15.077585220336914
            ],
            [
                0.005604743957519531,
                19.120628356933594
            ],
            [
                0.04199929162859917,
                23.220394134521484
            ]
        ],
        [
            [
                -0.0014089839532971382,
                3.2928972244262695
            ],
            [
                -0.00979080330580473,
                6.96457576751709
            ],
            [
                -0.012588473968207836,
                10.732404708862305
            ],
            [
                -0.030484862625598907,
                14.595399856567383
            ],
            [
                -0.05496722832322121,
                18.541173934936523
            ],
            [
                -0.06607898324728012,
                22.424028396606445
            ]
        ],
        [
            [
                -0.009752258658409119,
                2.7016232013702393
            ],
            [
                -0.0932101458311081,
                5.938323020935059
            ],
            [
                -0.2096521258354187,
                9.493749618530273
            ],
            [
                -0.32687246799468994,
                13.69338607788086
            ],
            [
                -0.4482792913913727,
                18.34120750427246
            ],
            [
                -0.5029884576797485,
                23.187204360961914
            ]
        ],
        [
            [
                0.3357601761817932,
                3.2770230770111084
            ],
            [
                0.4502670466899872,
                6.42026424407959
            ],
            [
                0.6392772197723389,
                9.597436904907227
            ],
            [
                0.6423199772834778,
                13.041131019592285
            ],
            [
                0.6009771823883057,
                16.725364685058594
            ],
            [
                0.5892704129219055,
                20.566835403442383
            ]
        ]
    ]
}