{
    "speed": 7.813946818458399,
    "steer": -7.181137334555387e-05,
    "throttle": 0.1016773134469986,
    "brake": 0.0,
    "wp_4": [
        -0.012979632243514061,
        15.14829158782959
    ],
    "wp_3": [
        -0.0006461470620706677,
        11.294474601745605
    ],
    "wp_2": [
        -0.0019197119399905205,
        7.490882873535156
    ],
    "wp_1": [
        0.0015794290229678154,
        3.6780600547790527
    ],
    "aim": [
        0.0015794290229678154,
        3.6780600547790527
    ],
    "target": [
        -1.149755261942187,
        19.59905077832696
    ],
    "desired_speed": 7.659782886505127,
    "angle": 0.000273407412237652,
    "angle_last": -0.0018019076215753337,
    "angle_target": -0.03730379639094707,
    "angle_final": 0.000273407412237652,
    "delta": 0.0,
    "agent": "only_traj",
    "steer_traj": -7.181137696277382e-05,
    "throttle_traj": 0.10167731093322026,
    "brake_traj": 0.0,
    "plan": [
        [
            0.0015794290229678154,
            3.6780600547790527
        ],
        [
            -0.0019197119399905205,
            7.490882873535156
        ],
        [
            -0.0006461470620706677,
            11.294474601745605
        ],
        [
            -0.012979632243514061,
            15.14829158782959
        ],
        [
            -0.03220556676387787,
            19.023639678955078
        ],
        [
            -0.04297208786010742,
            22.82743263244629
        ]
    ],
    "command": 3,
    "all_plan": [
        [
            [
                0.05476678907871246,
                3.653503894805908
            ],
            [
                -0.03243163228034973,
                7.188722610473633
            ],
            [
                -0.145499587059021,
                10.689485549926758
            ],
            [
                -0.38798391819000244,
                14.057225227355957
            ],
            [
                -0.757112443447113,
                17.476301193237305
            ],
            [
                -1.2244123220443726,
                20.687986373901367
            ]
        ],
        [
            [
                0.45180970430374146,
                3.026413917541504
            ],
            [
                1.0074397325515747,
                5.957348823547363
            ],
            [
                2.257110595703125,
                8.526453018188477
            ],
            [
                4.094392776489258,
                11.03215217590332
            ],
            [
                5.7992448806762695,
                13.515045166015625
            ],
            [
                7.212838172912598,
                16.099885940551758
            ]
        ],
        [
            [
                0.02477291226387024,
                3.8210763931274414
            ],
            [
                -0.001011757180094719,
                7.721458435058594
            ],
            [
                0.00041925814002752304,
                11.607470512390137
            ],
            [
                0.0037300074473023415,
                15.539488792419434
            ],
            [
                0.014609463512897491,
                19.45879364013672
            ],
            [
                0.05064846947789192,
                23.437732696533203
            ]
        ],
        [
            [
                0.0015794290229678154,
                3.6780600547790527
            ],
            [
                -0.0019197119399905205,
                7.490882873535156
            ],
            [
                -0.0006461470620706677,
                11.294474601745605
            ],
            [
                -0.012979632243514061,
                15.14829158782959
            ],
            [
                -0.03220556676387787,
                19.023639678955078
            ],
            [
                -0.04297208786010742,
                22.82743263244629
            ]
        ],
        [
            [
                -0.030136600136756897,
                3.004725217819214
            ],
            [
                -0.13382816314697266,
                6.488004684448242
            ],
            [
                -0.28925567865371704,
                10.254481315612793
            ],
            [
                -0.42866724729537964,
                14.661148071289062
            ],
            [
                -0.5722764730453491,
                19.516746520996094
            ],
            [
                -0.6800195574760437,
                24.51571273803711
            ]
        ],
        [
            [
                0.389337420463562,
                3.627817392349243
            ],
            [
                0.4955737590789795,
                7.0016584396362305
            ],
            [
                0.6867061257362366,
                10.30673885345459
            ],
            [
                0.6983261108398438,
                13.806296348571777
            ],
            [
                0.676761269569397,
                17.48566246032715
            ],
            [
                0.6928515434265137,
                21.280637741088867
            ]
        ]
    ]
}