{
    "speed": 3.3490000896308407,
    "steer": -0.0006513003027066588,
    "throttle": 0.75,
    "brake": 0.0,
    "wp_4": [
        0.005225474014878273,
        13.047346115112305
    ],
    "wp_3": [
        0.001890820451080799,
        9.401973724365234
    ],
    "wp_2": [
        -0.003681282512843609,
        5.913826942443848
    ],
    "wp_1": [
        -0.0035810815170407295,
        2.6632535457611084
    ],
    "aim": [
        -0.0035810815170407295,
        2.6632535457611084
    ],
    "target": [
        -1.77600666640599,
        13.83263356538753
    ],
    "desired_speed": 6.9731059074401855,
    "angle": -0.0008560023125193454,
    "angle_last": 0.0005011562755621883,
    "angle_target": -0.0812924706510209,
    "angle_final": -0.0008560023125193454,
    "delta": 0.25,
    "agent": "only_traj",
    "steer_traj": -0.0006513002786635036,
    "throttle_traj": 0.75,
    "brake_traj": 0.0,
    "plan": [
        [
            -0.0035810815170407295,
            2.6632535457611084
        ],
        [
            -0.003681282512843609,
            5.913826942443848
        ],
        [
            0.001890820451080799,
            9.401973724365234
        ],
        [
            0.005225474014878273,
            13.047346115112305
        ],
        [
            -0.0008097309619188309,
            16.74957275390625
        ],
        [
            0.0018245764076709747,
            20.096006393432617
        ]
    ],
    "command": 3,
    "all_plan": [
        [
            [
                0.05105986446142197,
                3.091242790222168
            ],
            [
                0.006236240267753601,
                6.274094581604004
            ],
            [
                -0.09289354085922241,
                9.461905479431152
            ],
            [
                -0.32857972383499146,
                12.41806411743164
            ],
            [
                -0.5581735372543335,
                14.97799015045166
            ],
            [
                -0.8195301294326782,
                17.24181365966797
            ]
        ],
        [
            [
                0.2327733188867569,
                2.8380188941955566
            ],
            [
                0.4654284119606018,
                5.926455497741699
            ],
            [
                1.1943318843841553,
                8.31552505493164
            ],
            [
                2.5418148040771484,
                10.375900268554688
            ],
            [
                4.164536476135254,
                12.173197746276855
            ],
            [
                5.837081432342529,
                13.839296340942383
            ]
        ],
        [
            [
                -0.017684966325759888,
                2.8299481868743896
            ],
            [
                -0.02884284220635891,
                6.136651515960693
            ],
            [
                -0.019270963966846466,
                9.792183876037598
            ],
            [
                0.029534146189689636,
                13.820362091064453
            ],
            [
                0.08884334564208984,
                18.040367126464844
            ],
            [
                0.09971924126148224,
                22.351051330566406
            ]
        ],
        [
            [
                -0.0035810815170407295,
                2.6632535457611084
            ],
            [
                -0.003681282512843609,
                5.913826942443848
            ],
            [
                0.001890820451080799,
                9.401973724365234
            ],
            [
                0.005225474014878273,
                13.047346115112305
            ],
            [
                -0.0008097309619188309,
                16.74957275390625
            ],
            [
                0.0018245764076709747,
                20.096006393432617
            ]
        ],
        [
            [
                -0.0015335679054260254,
                1.853390097618103
            ],
            [
                -0.04357323795557022,
                4.313401699066162
            ],
            [
                -0.06749831140041351,
                7.145041465759277
            ],
            [
                -0.12505461275577545,
                10.65452766418457
            ],
            [
                -0.1619245558977127,
                14.768223762512207
            ],
            [
                -0.14063787460327148,
                19.140453338623047
            ]
        ],
        [
            [
                0.18703629076480865,
                2.296823263168335
            ],
            [
                0.2397003471851349,
                4.795217514038086
            ],
            [
                0.4328532814979553,
                7.554435729980469
            ],
            [
                0.4406115710735321,
                10.763848304748535
            ],
            [
                0.37305179238319397,
                14.324248313903809
            ],
            [
                0.24881881475448608,
                18.17767333984375
            ]
        ]
    ]
}