{
    "speed": 6.76853097063698,
    "steer": 0.00031081013730727136,
    "throttle": 0.75,
    "brake": 0.0,
    "wp_4": [
        -0.03572496026754379,
        14.325745582580566
    ],
    "wp_3": [
        -0.018861282616853714,
        10.582921981811523
    ],
    "wp_2": [
        -0.004554624669253826,
        6.956555366516113
    ],
    "wp_1": [
        0.004488262347877026,
        3.3427813053131104
    ],
    "aim": [
        0.004488262347877026,
        3.3427813053131104
    ],
    "target": [
        -1.2702336379722778,
        7.975104332209744
    ],
    "desired_speed": 7.083216953277589,
    "angle": 0.0008548082925872929,
    "angle_last": -0.004394192084567506,
    "angle_target": -0.10055291147475365,
    "angle_final": 0.0008548082925872929,
    "delta": 0.25,
    "agent": "only_traj",
    "steer_traj": 0.00031081012851703215,
    "throttle_traj": 0.75,
    "brake_traj": 0.0,
    "plan": [
        [
            0.004488262347877026,
            3.3427813053131104
        ],
        [
            -0.004554624669253826,
            6.956555366516113
        ],
        [
            -0.018861282616853714,
            10.582921981811523
        ],
        [
            -0.03572496026754379,
            14.325745582580566
        ],
        [
            -0.058845583349466324,
            17.950340270996094
        ],
        [
            -0.08024533838033676,
            21.05059814453125
        ]
    ],
    "command": 3,
    "all_plan": [
        [
            [
                0.0741848275065422,
                3.529860734939575
            ],
            [
                0.04073498398065567,
                6.967698097229004
            ],
            [
                -0.0566563680768013,
                10.257562637329102
            ],
            [
                -0.28288593888282776,
                13.245580673217773
            ],
            [
                -0.5248184204101562,
                16.02332878112793
            ],
            [
                -0.8106855154037476,
                18.531089782714844
            ]
        ],
        [
            [
                0.3562890589237213,
                3.0711443424224854
            ],
            [
                0.8915027379989624,
                6.013232231140137
            ],
            [
                2.063398838043213,
                8.272576332092285
            ],
            [
                3.9470720291137695,
                10.288562774658203
            ],
            [
                5.976642608642578,
                12.131664276123047
            ],
            [
                7.938137531280518,
                13.950824737548828
            ]
        ],
        [
            [
                -0.024913445115089417,
                3.4563004970550537
            ],
            [
                -0.05867328494787216,
                7.217352867126465
            ],
            [
                -0.0609227679669857,
                11.083142280578613
            ],
            [
                -0.030974315479397774,
                15.106178283691406
            ],
            [
                -0.008373724296689034,
                19.13774871826172
            ],
            [
                -0.02898583374917507,
                23.225116729736328
            ]
        ],
        [
            [
                0.004488262347877026,
                3.3427813053131104
            ],
            [
                -0.004554624669253826,
                6.956555366516113
            ],
            [
                -0.018861282616853714,
                10.582921981811523
            ],
            [
                -0.03572496026754379,
                14.325745582580566
            ],
            [
                -0.058845583349466324,
                17.950340270996094
            ],
            [
                -0.08024533838033676,
                21.05059814453125
            ]
        ],
        [
            [
                -0.038507744669914246,
                2.461592197418213
            ],
            [
                -0.13928718864917755,
                5.401733875274658
            ],
            [
                -0.2287755161523819,
                8.679038047790527
            ],
            [
                -0.3731577396392822,
                12.618831634521484
            ],
            [
                -0.4792648255825043,
                17.130512237548828
            ],
            [
                -0.5566275119781494,
                21.803861618041992
            ]
        ],
        [
            [
                0.24507595598697662,
                2.9502902030944824
            ],
            [
                0.29418662190437317,
                5.902688026428223
            ],
            [
                0.46473586559295654,
                8.915570259094238
            ],
            [
                0.42708903551101685,
                12.25715446472168
            ],
            [
                0.35335618257522583,
                15.85770034790039
            ],
            [
                0.21963360905647278,
                19.62285041809082
            ]
        ]
    ]
}