{
    "speed": -8.29161382547407e-06,
    "steer": -0.0025598593056201935,
    "throttle": 0.75,
    "brake": 0.0,
    "wp_4": [
        -0.03167542815208435,
        7.001014709472656
    ],
    "wp_3": [
        0.004813437350094318,
        3.794999122619629
    ],
    "wp_2": [
        0.005887714214622974,
        1.493171215057373
    ],
    "wp_1": [
        0.0022517768666148186,
        0.292144775390625
    ],
    "aim": [
        0.005887714214622974,
        1.493171215057373
    ],
    "target": [
        -0.17446415271157845,
        54.75919001116621
    ],
    "desired_speed": 5.815818786621094,
    "angle": 0.00251021847442605,
    "angle_last": -0.010572022297853262,
    "angle_target": -0.0020282796980636898,
    "angle_final": -0.0020282796980636898,
    "delta": 0.25,
    "agent": "only_traj",
    "steer_traj": -0.002559859372432538,
    "throttle_traj": 0.75,
    "brake_traj": 0.0,
    "plan": [
        [
            0.0022517768666148186,
            0.292144775390625
        ],
        [
            0.005887714214622974,
            1.493171215057373
        ],
        [
            0.004813437350094318,
            3.794999122619629
        ],
        [
            -0.03167542815208435,
            7.001014709472656
        ],
        [
            -0.07346805930137634,
            10.831871032714844
        ],
        [
            -0.1398806869983673,
            14.83069896697998
        ]
    ],
    "command": 3,
    "all_plan": [
        [
            [
                -0.018437815830111504,
                1.0882396697998047
            ],
            [
                -0.06176263093948364,
                3.1957013607025146
            ],
            [
                -0.03639773279428482,
                5.757720947265625
            ],
            [
                -0.26734253764152527,
                8.132238388061523
            ],
            [
                -0.3611323833465576,
                10.049304008483887
            ],
            [
                -0.42743581533432007,
                11.768333435058594
            ]
        ],
        [
            [
                0.01778521202504635,
                1.6182724237442017
            ],
            [
                -0.05898766219615936,
                4.492791652679443
            ],
            [
                -0.167702317237854,
                6.837226867675781
            ],
            [
                -0.11665387451648712,
                8.961539268493652
            ],
            [
                0.12395051121711731,
                10.85446548461914
            ],
            [
                0.6690020561218262,
                12.556222915649414
            ]
        ],
        [
            [
                -0.015670746564865112,
                0.47061946988105774
            ],
            [
                -0.06163499504327774,
                1.9547138214111328
            ],
            [
                -0.08446280658245087,
                4.457304954528809
            ],
            [
                -0.08946973830461502,
                7.9959917068481445
            ],
            [
                -0.07620815187692642,
                12.58950424194336
            ],
            [
                -0.15297970175743103,
                17.7293758392334
            ]
        ],
        [
            [
                0.0022517768666148186,
                0.292144775390625
            ],
            [
                0.005887714214622974,
                1.493171215057373
            ],
            [
                0.004813437350094318,
                3.794999122619629
            ],
            [
                -0.03167542815208435,
                7.001014709472656
            ],
            [
                -0.07346805930137634,
                10.831871032714844
            ],
            [
                -0.1398806869983673,
                14.83069896697998
            ]
        ],
        [
            [
                0.0954422652721405,
                0.05903849005699158
            ],
            [
                0.0762600377202034,
                0.6183806657791138
            ],
            [
                0.051862895488739014,
                1.6055800914764404
            ],
            [
                0.021774422377347946,
                3.2613065242767334
            ],
            [
                -0.021205853670835495,
                5.476046562194824
            ],
            [
                -0.021909210830926895,
                8.434993743896484
            ]
        ],
        [
            [
                -0.018269650638103485,
                -0.007618974894285202
            ],
            [
                -0.01810494065284729,
                1.0762217044830322
            ],
            [
                -0.07222192734479904,
                3.041797637939453
            ],
            [
                -0.19410425424575806,
                5.713290214538574
            ],
            [
                -0.3703066110610962,
                9.226629257202148
            ],
            [
                -0.770492434501648,
                13.394815444946289
            ]
        ]
    ]
}