{
    "speed": 5.167826121649561,
    "steer": -0.00021471382933668792,
    "throttle": 0.75,
    "brake": 0.0,
    "wp_4": [
        0.013764219358563423,
        13.913253784179688
    ],
    "wp_3": [
        0.012720306403934956,
        10.109292984008789
    ],
    "wp_2": [
        0.007754278369247913,
        6.437613487243652
    ],
    "wp_1": [
        0.00122175645083189,
        2.9572131633758545
    ],
    "aim": [
        0.00122175645083189,
        2.9572131633758545
    ],
    "target": [
        -1.2585888198495971,
        49.39073967882799
    ],
    "desired_speed": 7.452352714538574,
    "angle": 0.000263010346501077,
    "angle_last": -0.00023012931157384363,
    "angle_target": -0.016219015399721575,
    "angle_final": 0.000263010346501077,
    "delta": 0.25,
    "agent": "only_traj",
    "steer_traj": -0.00021471382418402734,
    "throttle_traj": 0.75,
    "brake_traj": 0.0,
    "plan": [
        [
            0.00122175645083189,
            2.9572131633758545
        ],
        [
            0.007754278369247913,
            6.437613487243652
        ],
        [
            0.012720306403934956,
            10.109292984008789
        ],
        [
            0.013764219358563423,
            13.913253784179688
        ],
        [
            0.0021799709647893906,
            17.823673248291016
        ],
        [
            0.0008192546665668488,
            21.58806800842285
        ]
    ],
    "command": 3,
    "all_plan": [
        [
            [
                0.05455571413040161,
                3.2598729133605957
            ],
            [
                -0.007126152515411377,
                6.590003967285156
            ],
            [
                -0.11213798820972443,
                9.954776763916016
            ],
            [
                -0.3961368799209595,
                13.166865348815918
            ],
            [
                -0.7177828550338745,
                16.14153289794922
            ],
            [
                -1.1150745153427124,
                18.857858657836914
            ]
        ],
        [
            [
                0.3039056062698364,
                2.8909337520599365
            ],
            [
                0.6140949726104736,
                6.002224445343018
            ],
            [
                1.4712647199630737,
                8.565526008605957
            ],
            [
                2.9002938270568848,
                10.896027565002441
            ],
            [
                4.429906368255615,
                13.086780548095703
            ],
            [
                5.891745090484619,
                15.236001968383789
            ]
        ],
        [
            [
                0.012811957858502865,
                3.1600565910339355
            ],
            [
                -0.0032500317320227623,
                6.697195529937744
            ],
            [
                0.008085964247584343,
                10.478679656982422
            ],
            [
                0.040994152426719666,
                14.532976150512695
            ],
            [
                0.07189291715621948,
                18.726219177246094
            ],
            [
                0.10049302875995636,
                23.012516021728516
            ]
        ],
        [
            [
                0.00122175645083189,
                2.9572131633758545
            ],
            [
                0.007754278369247913,
                6.437613487243652
            ],
            [
                0.012720306403934956,
                10.109292984008789
            ],
            [
                0.013764219358563423,
                13.913253784179688
            ],
            [
                0.0021799709647893906,
                17.823673248291016
            ],
            [
                0.0008192546665668488,
                21.58806800842285
            ]
        ],
        [
            [
                -0.0029760748147964478,
                2.2717154026031494
            ],
            [
                -0.06565248966217041,
                5.158729553222656
            ],
            [
                -0.13136672973632812,
                8.386037826538086
            ],
            [
                -0.20313581824302673,
                12.27613639831543
            ],
            [
                -0.28383010625839233,
                16.693958282470703
            ],
            [
                -0.27786892652511597,
                21.350996017456055
            ]
        ],
        [
            [
                0.26567816734313965,
                2.8006412982940674
            ],
            [
                0.3562759459018707,
                5.649230003356934
            ],
            [
                0.5576775074005127,
                8.647054672241211
            ],
            [
                0.5804686546325684,
                12.010866165161133
            ],
            [
                0.5356878042221069,
                15.697208404541016
            ],
            [
                0.4824923872947693,
                19.61907386779785
            ]
        ]
    ]
}