{
    "speed": 6.495440802205864,
    "steer": -0.0005295051960274577,
    "throttle": 0.75,
    "brake": 0.0,
    "wp_4": [
        -0.0025701727718114853,
        13.564068794250488
    ],
    "wp_3": [
        0.001139325089752674,
        9.936480522155762
    ],
    "wp_2": [
        0.003937398083508015,
        6.401008605957031
    ],
    "wp_1": [
        0.0020520640537142754,
        2.990037679672241
    ],
    "aim": [
        0.0020520640537142754,
        2.990037679672241
    ],
    "target": [
        -0.13357626831829839,
        46.493971819063134
    ],
    "desired_speed": 7.173031902313232,
    "angle": 0.0004368766063732905,
    "angle_last": -0.002100159215332557,
    "angle_target": -0.0018289910764388718,
    "angle_final": 0.0004368766063732905,
    "delta": 0.25,
    "agent": "only_traj",
    "steer_traj": -0.0005295051991574824,
    "throttle_traj": 0.75,
    "brake_traj": 0.0,
    "plan": [
        [
            0.0020520640537142754,
            2.990037679672241
        ],
        [
            0.003937398083508015,
            6.401008605957031
        ],
        [
            0.001139325089752674,
            9.936480522155762
        ],
        [
            -0.0025701727718114853,
            13.564068794250488
        ],
        [
            -0.021092014387249947,
            17.30013656616211
        ],
        [
            -0.03304213657975197,
            20.922548294067383
        ]
    ],
    "command": 3,
    "all_plan": [
        [
            [
                0.051285520195961,
                3.195540189743042
            ],
            [
                -0.016148142516613007,
                6.441491603851318
            ],
            [
                -0.11357764154672623,
                9.708036422729492
            ],
            [
                -0.38218554854393005,
                12.836603164672852
            ],
            [
                -0.6889938116073608,
                15.730688095092773
            ],
            [
                -1.05496084690094,
                18.38668441772461
            ]
        ],
        [
            [
                0.3174634873867035,
                2.8547627925872803
            ],
            [
                0.6410797834396362,
                5.890679359436035
            ],
            [
                1.495698094367981,
                8.390554428100586
            ],
            [
                2.92193603515625,
                10.642406463623047
            ],
            [
                4.448239326477051,
                12.750364303588867
            ],
            [
                5.9191999435424805,
                14.850737571716309
            ]
        ],
        [
            [
                -0.000495419604703784,
                3.130277633666992
            ],
            [
                -0.018796978518366814,
                6.598836898803711
            ],
            [
                -0.009287775494158268,
                10.275243759155273
            ],
            [
                0.014424779452383518,
                14.236534118652344
            ],
            [
                0.05210313946008682,
                18.314319610595703
            ],
            [
                0.07286830246448517,
                22.48459243774414
            ]
        ],
        [
            [
                0.0020520640537142754,
                2.990037679672241
            ],
            [
                0.003937398083508015,
                6.401008605957031
            ],
            [
                0.001139325089752674,
                9.936480522155762
            ],
            [
                -0.0025701727718114853,
                13.564068794250488
            ],
            [
                -0.021092014387249947,
                17.30013656616211
            ],
            [
                -0.03304213657975197,
                20.922548294067383
            ]
        ],
        [
            [
                -0.0049285441637039185,
                2.2023653984069824
            ],
            [
                -0.07713278383016586,
                5.010664939880371
            ],
            [
                -0.15982018411159515,
                8.151861190795898
            ],
            [
                -0.236450657248497,
                11.941171646118164
            ],
            [
                -0.3341832160949707,
                16.255260467529297
            ],
            [
                -0.35380616784095764,
                20.792583465576172
            ]
        ],
        [
            [
                0.2908743619918823,
                2.7194559574127197
            ],
            [
                0.3730699419975281,
                5.490420341491699
            ],
            [
                0.555650532245636,
                8.400760650634766
            ],
            [
                0.5822458863258362,
                11.679327011108398
            ],
            [
                0.5336965322494507,
                15.259125709533691
            ],
            [
                0.4932253062725067,
                19.06843376159668
            ]
        ]
    ]
}