{
    "speed": 4.637496471167472,
    "steer": -0.0024219120386987925,
    "throttle": 0.36836549639701843,
    "brake": 0.0,
    "wp_4": [
        -0.03861822932958603,
        8.343551635742188
    ],
    "wp_3": [
        -0.013995829038321972,
        5.846464157104492
    ],
    "wp_2": [
        -0.010449404828250408,
        3.4735231399536133
    ],
    "wp_1": [
        -0.004781370051205158,
        1.4539772272109985
    ],
    "aim": [
        -0.010449404828250408,
        3.4735231399536133
    ],
    "target": [
        0.5177440149415604,
        39.7611131958634
    ],
    "desired_speed": 4.6858906745910645,
    "angle": -0.0019151369798159892,
    "angle_last": -0.008574419638596866,
    "angle_target": 0.008289190705367497,
    "angle_final": -0.0019151369798159892,
    "delta": 0.048394203423592685,
    "agent": "only_traj",
    "steer_traj": -0.0024219119699541458,
    "throttle_traj": 0.36836549909646843,
    "brake_traj": 0.0,
    "plan": [
        [
            -0.004781370051205158,
            1.4539772272109985
        ],
        [
            -0.010449404828250408,
            3.4735231399536133
        ],
        [
            -0.013995829038321972,
            5.846464157104492
        ],
        [
            -0.03861822932958603,
            8.343551635742188
        ],
        [
            -0.0722181499004364,
            10.931655883789062
        ],
        [
            -0.10234255343675613,
            13.168150901794434
        ]
    ],
    "command": 3,
    "all_plan": [
        [
            [
                -0.05774478614330292,
                1.8572546243667603
            ],
            [
                -0.14304256439208984,
                4.11542272567749
            ],
            [
                -0.22542864084243774,
                6.39841365814209
            ],
            [
                -0.3490092158317566,
                8.396533012390137
            ],
            [
                -0.4561721384525299,
                9.78516674041748
            ],
            [
                -0.4529784321784973,
                10.816516876220703
            ]
        ],
        [
            [
                -0.015962699428200722,
                2.075601816177368
            ],
            [
                -0.08319541066884995,
                4.5955963134765625
            ],
            [
                0.05282200127840042,
                6.511981010437012
            ],
            [
                0.6181073188781738,
                7.897789001464844
            ],
            [
                1.7563529014587402,
                8.837689399719238
            ],
            [
                3.2502360343933105,
                9.55206298828125
            ]
        ],
        [
            [
                -0.029706239700317383,
                1.3702806234359741
            ],
            [
                -0.013253023847937584,
                3.3937759399414062
            ],
            [
                -0.030864695087075233,
                5.947884559631348
            ],
            [
                -0.03356388583779335,
                9.206197738647461
            ],
            [
                0.005097758024930954,
                12.87643814086914
            ],
            [
                -0.056488148868083954,
                16.770061492919922
            ]
        ],
        [
            [
                -0.004781370051205158,
                1.4539772272109985
            ],
            [
                -0.010449404828250408,
                3.4735231399536133
            ],
            [
                -0.013995829038321972,
                5.846464157104492
            ],
            [
                -0.03861822932958603,
                8.343551635742188
            ],
            [
                -0.0722181499004364,
                10.931655883789062
            ],
            [
                -0.10234255343675613,
                13.168150901794434
            ]
        ],
        [
            [
                -0.05106315016746521,
                0.44820472598075867
            ],
            [
                -0.08346597850322723,
                1.4245597124099731
            ],
            [
                -0.11508264392614365,
                2.743126153945923
            ],
            [
                -0.09973391890525818,
                4.700528621673584
            ],
            [
                -0.11154966056346893,
                7.223857879638672
            ],
            [
                -0.10081741958856583,
                10.130486488342285
            ]
        ],
        [
            [
                0.06680761277675629,
                0.5683972835540771
            ],
            [
                0.04072331637144089,
                1.7582870721817017
            ],
            [
                0.09698157012462616,
                3.448974847793579
            ],
            [
                0.04010222852230072,
                5.720219612121582
            ],
            [
                0.0008833780884742737,
                8.445155143737793
            ],
            [
                -0.20826959609985352,
                11.622900009155273
            ]
        ]
    ]
}