{
    "speed": 2.84144051236916,
    "steer": -0.0036419574171304703,
    "throttle": 0.75,
    "brake": 0.0,
    "wp_4": [
        -0.08674440532922745,
        9.622488021850586
    ],
    "wp_3": [
        -0.04343158379197121,
        6.8428053855896
    ],
    "wp_2": [
        -0.023459579795598984,
        4.1405110359191895
    ],
    "wp_1": [
        -0.008834992535412312,
        1.7741972208023071
    ],
    "aim": [
        -0.008834992535412312,
        1.7741972208023071
    ],
    "target": [
        -0.6266275884507388,
        38.134951887265416
    ],
    "desired_speed": 5.212061786651611,
    "angle": -0.0031701462943104436,
    "angle_last": -0.015489454936299331,
    "angle_target": -0.010459895579921205,
    "angle_final": -0.0031701462943104436,
    "delta": 0.25,
    "agent": "only_traj",
    "steer_traj": -0.0036419573563598283,
    "throttle_traj": 0.75,
    "brake_traj": 0.0,
    "plan": [
        [
            -0.008834992535412312,
            1.7741972208023071
        ],
        [
            -0.023459579795598984,
            4.1405110359191895
        ],
        [
            -0.04343158379197121,
            6.8428053855896
        ],
        [
            -0.08674440532922745,
            9.622488021850586
        ],
        [
            -0.14641745388507843,
            12.443727493286133
        ],
        [
            -0.2038211226463318,
            14.802565574645996
        ]
    ],
    "command": 3,
    "all_plan": [
        [
            [
                -0.05256684124469757,
                2.215649366378784
            ],
            [
                -0.14735886454582214,
                4.793705940246582
            ],
            [
                -0.270102858543396,
                7.351206302642822
            ],
            [
                -0.4287189543247223,
                9.562932968139648
            ],
            [
                -0.5614387392997742,
                11.119982719421387
            ],
            [
                -0.5787570476531982,
                12.278915405273438
            ]
        ],
        [
            [
                0.04005866497755051,
                2.363615036010742
            ],
            [
                0.048449885100126266,
                5.092840194702148
            ],
            [
                0.3390425443649292,
                7.107485294342041
            ],
            [
                1.1782722473144531,
                8.53091812133789
            ],
            [
                2.596951484680176,
                9.48165225982666
            ],
            [
                4.413076400756836,
                10.2131986618042
            ]
        ],
        [
            [
                -0.04248947650194168,
                1.703794002532959
            ],
            [
                -0.03088248334825039,
                4.106379508972168
            ],
            [
                -0.0593489333987236,
                7.023052215576172
            ],
            [
                -0.07610150426626205,
                10.604641914367676
            ],
            [
                -0.06105451285839081,
                14.57213020324707
            ],
            [
                -0.1515280157327652,
                18.747051239013672
            ]
        ],
        [
            [
                -0.008834992535412312,
                1.7741972208023071
            ],
            [
                -0.023459579795598984,
                4.1405110359191895
            ],
            [
                -0.04343158379197121,
                6.8428053855896
            ],
            [
                -0.08674440532922745,
                9.622488021850586
            ],
            [
                -0.14641745388507843,
                12.443727493286133
            ],
            [
                -0.2038211226463318,
                14.802565574645996
            ]
        ],
        [
            [
                -0.06411857903003693,
                0.6801608800888062
            ],
            [
                -0.1017366424202919,
                1.907001256942749
            ],
            [
                -0.1643034666776657,
                3.504157543182373
            ],
            [
                -0.17489682137966156,
                5.793064117431641
            ],
            [
                -0.2102157473564148,
                8.713103294372559
            ],
            [
                -0.21427737176418304,
                12.0110502243042
            ]
        ],
        [
            [
                0.08933648467063904,
                0.8000787496566772
            ],
            [
                0.05342688411474228,
                2.2304229736328125
            ],
            [
                0.10469944775104523,
                4.136130332946777
            ],
            [
                0.012232601642608643,
                6.6792755126953125
            ],
            [
                -0.07417718321084976,
                9.679471015930176
            ],
            [
                -0.326870858669281,
                13.126927375793457
            ]
        ]
    ]
}