{
    "speed": 4.856444957027929,
    "steer": -0.004292936995625496,
    "throttle": 0.75,
    "brake": 0.0,
    "wp_4": [
        -0.11680206656455994,
        13.73304557800293
    ],
    "wp_3": [
        -0.07723262906074524,
        9.930853843688965
    ],
    "wp_2": [
        -0.03409728780388832,
        6.302935600280762
    ],
    "wp_1": [
        -0.01532640028744936,
        2.8657116889953613
    ],
    "aim": [
        -0.01532640028744936,
        2.8657116889953613
    ],
    "target": [
        -1.106767740251334,
        37.203916584269216
    ],
    "desired_speed": 7.280200099945069,
    "angle": -0.0034047253468049926,
    "angle_last": -0.011872717988796024,
    "angle_target": -0.018933019728974123,
    "angle_final": -0.0034047253468049926,
    "delta": 0.25,
    "agent": "only_traj",
    "steer_traj": -0.004292936994329435,
    "throttle_traj": 0.75,
    "brake_traj": 0.0,
    "plan": [
        [
            -0.01532640028744936,
            2.8657116889953613
        ],
        [
            -0.03409728780388832,
            6.302935600280762
        ],
        [
            -0.07723262906074524,
            9.930853843688965
        ],
        [
            -0.11680206656455994,
            13.73304557800293
        ],
        [
            -0.1890559196472168,
            17.58308219909668
        ],
        [
            -0.253989040851593,
            21.064414978027344
        ]
    ],
    "command": 3,
    "all_plan": [
        [
            [
                0.0353541374206543,
                3.285649061203003
            ],
            [
                -0.04805992543697357,
                6.612992763519287
            ],
            [
                -0.19229713082313538,
                9.95201587677002
            ],
            [
                -0.4824305474758148,
                13.048422813415527
            ],
            [
                -0.7615871429443359,
                15.792659759521484
            ],
            [
                -1.085361123085022,
                18.24789047241211
            ]
        ],
        [
            [
                0.3007814586162567,
                2.9023754596710205
            ],
            [
                0.6383880972862244,
                5.969354629516602
            ],
            [
                1.51932692527771,
                8.331056594848633
            ],
            [
                3.065378189086914,
                10.382683753967285
            ],
            [
                4.808427333831787,
                12.216574668884277
            ],
            [
                6.605349540710449,
                13.946928977966309
            ]
        ],
        [
            [
                -0.037909433245658875,
                3.0564522743225098
            ],
            [
                -0.08273226767778397,
                6.587645530700684
            ],
            [
                -0.10711951553821564,
                10.378673553466797
            ],
            [
                -0.0997675359249115,
                14.473382949829102
            ],
            [
                -0.10779234766960144,
                18.71978759765625
            ],
            [
                -0.176141157746315,
                23.025697708129883
            ]
        ],
        [
            [
                -0.01532640028744936,
                2.8657116889953613
            ],
            [
                -0.03409728780388832,
                6.302935600280762
            ],
            [
                -0.07723262906074524,
                9.930853843688965
            ],
            [
                -0.11680206656455994,
                13.73304557800293
            ],
            [
                -0.1890559196472168,
                17.58308219909668
            ],
            [
                -0.253989040851593,
                21.064414978027344
            ]
        ],
        [
            [
                -0.0065294355154037476,
                2.111910104751587
            ],
            [
                -0.07615098357200623,
                4.771481513977051
            ],
            [
                -0.17525973916053772,
                7.817658424377441
            ],
            [
                -0.2999735176563263,
                11.517997741699219
            ],
            [
                -0.4018731117248535,
                15.827733993530273
            ],
            [
                -0.4521852433681488,
                20.38365936279297
            ]
        ],
        [
            [
                0.20244631171226501,
                2.5453364849090576
            ],
            [
                0.22883166372776031,
                5.215330123901367
            ],
            [
                0.37751102447509766,
                8.128371238708496
            ],
            [
                0.3260340392589569,
                11.470754623413086
            ],
            [
                0.18549475073814392,
                15.142346382141113
            ],
            [
                -0.013615041971206665,
                19.09544563293457
            ]
        ]
    ]
}