{
    "speed": 7.339751165498352,
    "steer": -0.003347839927300811,
    "throttle": 0.0,
    "brake": 0.0,
    "wp_4": [
        -0.10108744353055954,
        15.470531463623047
    ],
    "wp_3": [
        -0.05542953684926033,
        11.34423828125
    ],
    "wp_2": [
        -0.03313429281115532,
        7.504464149475098
    ],
    "wp_1": [
        -0.012808282859623432,
        3.68924617767334
    ],
    "aim": [
        -0.012808282859623432,
        3.68924617767334
    ],
    "target": [
        -0.31358989318906927,
        23.569268991394512
    ],
    "desired_speed": 7.302349472045899,
    "angle": -0.0022102011519605403,
    "angle_last": -0.007811259835334108,
    "angle_target": -0.008469747090530656,
    "angle_final": -0.0022102011519605403,
    "delta": 0.0,
    "agent": "only_traj",
    "steer_traj": -0.0033478398756639147,
    "throttle_traj": 0.0,
    "brake_traj": 0.0,
    "plan": [
        [
            -0.012808282859623432,
            3.68924617767334
        ],
        [
            -0.03313429281115532,
            7.504464149475098
        ],
        [
            -0.05542953684926033,
            11.34423828125
        ],
        [
            -0.10108744353055954,
            15.470531463623047
        ],
        [
            -0.14612272381782532,
            19.156888961791992
        ],
        [
            -0.18032532930374146,
            21.944263458251953
        ]
    ],
    "command": 3,
    "all_plan": [
        [
            [
                0.06255612522363663,
                3.914536476135254
            ],
            [
                -0.003772549331188202,
                7.564338684082031
            ],
            [
                -0.20226359367370605,
                10.897294044494629
            ],
            [
                -0.4651498794555664,
                13.800491333007812
            ],
            [
                -0.7412911653518677,
                16.547428131103516
            ],
            [
                -1.0300321578979492,
                18.97347640991211
            ]
        ],
        [
            [
                0.44966229796409607,
                3.302194356918335
            ],
            [
                1.297722339630127,
                6.072240352630615
            ],
            [
                2.8890464305877686,
                8.061918258666992
            ],
            [
                5.269859790802002,
                9.907462120056152
            ],
            [
                7.831067085266113,
                11.590707778930664
            ],
            [
                10.268793106079102,
                13.288186073303223
            ]
        ],
        [
            [
                -0.053187042474746704,
                3.821636199951172
            ],
            [
                -0.12454264611005783,
                7.972522735595703
            ],
            [
                -0.16322103142738342,
                12.103109359741211
            ],
            [
                -0.19533036649227142,
                16.273090362548828
            ],
            [
                -0.21666225790977478,
                20.353111267089844
            ],
            [
                -0.2903347611427307,
                24.398239135742188
            ]
        ],
        [
            [
                -0.012808282859623432,
                3.68924617767334
            ],
            [
                -0.03313429281115532,
                7.504464149475098
            ],
            [
                -0.05542953684926033,
                11.34423828125
            ],
            [
                -0.10108744353055954,
                15.470531463623047
            ],
            [
                -0.14612272381782532,
                19.156888961791992
            ],
            [
                -0.18032532930374146,
                21.944263458251953
            ]
        ],
        [
            [
                -0.03247477114200592,
                2.946056842803955
            ],
            [
                -0.17890922725200653,
                6.171269416809082
            ],
            [
                -0.3338121175765991,
                9.769508361816406
            ],
            [
                -0.5509887337684631,
                13.995519638061523
            ],
            [
                -0.6956576108932495,
                18.795867919921875
            ],
            [
                -0.8109816908836365,
                23.70914649963379
            ]
        ],
        [
            [
                0.20233698189258575,
                3.2958710193634033
            ],
            [
                0.1848694533109665,
                6.523419380187988
            ],
            [
                0.3335651159286499,
                9.739669799804688
            ],
            [
                0.2251378893852234,
                13.180647850036621
            ],
            [
                0.07572267949581146,
                16.891281127929688
            ],
            [
                -0.2282436043024063,
                20.685840606689453
            ]
        ]
    ]
}