{
    "speed": 7.597634334782036,
    "steer": -0.0026524660643190145,
    "throttle": 0.06178784370422363,
    "brake": 0.0,
    "wp_4": [
        -0.01947426050901413,
        15.124521255493164
    ],
    "wp_3": [
        0.0002882750704884529,
        10.995157241821289
    ],
    "wp_2": [
        -0.012402976863086224,
        7.189935207366943
    ],
    "wp_1": [
        -0.009083901531994343,
        3.47687029838562
    ],
    "aim": [
        -0.009083901531994343,
        3.47687029838562
    ],
    "target": [
        -0.2035550343435577,
        16.077757158216645
    ],
    "desired_speed": 7.095532608032226,
    "angle": -0.0016632547814240746,
    "angle_last": -0.0004175041678045268,
    "angle_target": -0.008059596564108491,
    "angle_final": -0.0016632547814240746,
    "delta": 0.0,
    "agent": "only_traj",
    "steer_traj": -0.0026524660700295963,
    "throttle_traj": 0.061787844002390645,
    "brake_traj": 0.0,
    "plan": [
        [
            -0.009083901531994343,
            3.47687029838562
        ],
        [
            -0.012402976863086224,
            7.189935207366943
        ],
        [
            0.0002882750704884529,
            10.995157241821289
        ],
        [
            -0.01947426050901413,
            15.124521255493164
        ],
        [
            -0.03115106001496315,
            18.697473526000977
        ],
        [
            -0.032802604138851166,
            21.215612411499023
        ]
    ],
    "command": 3,
    "all_plan": [
        [
            [
                0.03462989628314972,
                3.841952085494995
            ],
            [
                -0.023354187607765198,
                7.429322719573975
            ],
            [
                -0.23800155520439148,
                10.648368835449219
            ],
            [
                -0.5136581659317017,
                13.339181900024414
            ],
            [
                -0.7650337815284729,
                15.770462989807129
            ],
            [
                -1.0026625394821167,
                17.8400821685791
            ]
        ],
        [
            [
                0.37267035245895386,
                3.338906764984131
            ],
            [
                1.1694022417068481,
                6.156407356262207
            ],
            [
                2.7188897132873535,
                8.092637062072754
            ],
            [
                5.075806617736816,
                9.792218208312988
            ],
            [
                7.754464149475098,
                11.25426959991455
            ],
            [
                10.368041038513184,
                12.64975643157959
            ]
        ],
        [
            [
                -0.0493922084569931,
                3.629136085510254
            ],
            [
                -0.09453283995389938,
                7.704308986663818
            ],
            [
                -0.12747639417648315,
                11.85835075378418
            ],
            [
                -0.14639870822429657,
                16.110759735107422
            ],
            [
                -0.12177582085132599,
                20.30643653869629
            ],
            [
                -0.15636920928955078,
                24.456716537475586
            ]
        ],
        [
            [
                -0.009083901531994343,
                3.47687029838562
            ],
            [
                -0.012402976863086224,
                7.189935207366943
            ],
            [
                0.0002882750704884529,
                10.995157241821289
            ],
            [
                -0.01947426050901413,
                15.124521255493164
            ],
            [
                -0.03115106001496315,
                18.697473526000977
            ],
            [
                -0.032802604138851166,
                21.215612411499023
            ]
        ],
        [
            [
                -0.03828807175159454,
                2.729868173599243
            ],
            [
                -0.15369027853012085,
                5.742008686065674
            ],
            [
                -0.230436772108078,
                9.166776657104492
            ],
            [
                -0.4024222791194916,
                13.237029075622559
            ],
            [
                -0.48520931601524353,
                17.887340545654297
            ],
            [
                -0.5198535919189453,
                22.67384147644043
            ]
        ],
        [
            [
                0.1273544877767563,
                3.0174810886383057
            ],
            [
                0.10084102302789688,
                6.057175636291504
            ],
            [
                0.27181658148765564,
                9.146208763122559
            ],
            [
                0.15388241410255432,
                12.512044906616211
            ],
            [
                0.017653539776802063,
                16.164257049560547
            ],
            [
                -0.31851571798324585,
                19.91750144958496
            ]
        ]
    ]
}