{
    "speed": 4.556643137299184,
    "steer": -0.002419433556497097,
    "throttle": 0.75,
    "brake": 0.0,
    "wp_4": [
        -0.0724947527050972,
        12.533649444580078
    ],
    "wp_3": [
        -0.0419231541454792,
        8.647714614868164
    ],
    "wp_2": [
        -0.028265681117773056,
        5.010128498077393
    ],
    "wp_1": [
        -0.008438204415142536,
        2.016768217086792
    ],
    "aim": [
        -0.008438204415142536,
        2.016768217086792
    ],
    "target": [
        -1.7497646757939327,
        53.55949003309732
    ],
    "desired_speed": 6.986116790771485,
    "angle": -0.002663573930867831,
    "angle_last": -0.005410296560093069,
    "angle_target": -0.020790689786519875,
    "angle_final": -0.002663573930867831,
    "delta": 0.25,
    "agent": "only_traj",
    "steer_traj": -0.002419433578130191,
    "throttle_traj": 0.75,
    "brake_traj": 0.0,
    "plan": [
        [
            -0.008438204415142536,
            2.016768217086792
        ],
        [
            -0.028265681117773056,
            5.010128498077393
        ],
        [
            -0.0419231541454792,
            8.647714614868164
        ],
        [
            -0.0724947527050972,
            12.533649444580078
        ],
        [
            -0.11863213777542114,
            16.386363983154297
        ],
        [
            -0.1449364274740219,
            19.481460571289062
        ]
    ],
    "command": 3,
    "all_plan": [
        [
            [
                0.006463417783379555,
                2.9330883026123047
            ],
            [
                -0.06446345895528793,
                6.173919200897217
            ],
            [
                -0.2340690791606903,
                9.380844116210938
            ],
            [
                -0.4752357602119446,
                12.178454399108887
            ],
            [
                -0.6436536908149719,
                14.244549751281738
            ],
            [
                -0.7874256372451782,
                15.846470832824707
            ]
        ],
        [
            [
                0.07509126514196396,
                2.849858522415161
            ],
            [
                0.16067808866500854,
                6.093690872192383
            ],
            [
                0.6557274460792542,
                8.40334415435791
            ],
            [
                1.8367271423339844,
                10.170022010803223
            ],
            [
                3.621598243713379,
                11.471695899963379
            ],
            [
                5.748749732971191,
                12.410955429077148
            ]
        ],
        [
            [
                -0.034403130412101746,
                2.262089252471924
            ],
            [
                -0.05705539137125015,
                5.382528305053711
            ],
            [
                -0.05644185468554497,
                9.122844696044922
            ],
            [
                -0.032409802079200745,
                13.489418029785156
            ],
            [
                0.00628286600112915,
                18.20441436767578
            ],
            [
                -0.045872170478105545,
                23.048620223999023
            ]
        ],
        [
            [
                -0.008438204415142536,
                2.016768217086792
            ],
            [
                -0.028265681117773056,
                5.010128498077393
            ],
            [
                -0.0419231541454792,
                8.647714614868164
            ],
            [
                -0.0724947527050972,
                12.533649444580078
            ],
            [
                -0.11863213777542114,
                16.386363983154297
            ],
            [
                -0.1449364274740219,
                19.481460571289062
            ]
        ],
        [
            [
                -0.022270619869232178,
                1.2472158670425415
            ],
            [
                -0.0007871221750974655,
                3.109823703765869
            ],
            [
                -0.021894462406635284,
                5.437648296356201
            ],
            [
                -0.05831637233495712,
                8.527238845825195
            ],
            [
                -0.07542819529771805,
                12.34048080444336
            ],
            [
                0.006250485777854919,
                16.542083740234375
            ]
        ],
        [
            [
                0.034297093749046326,
                1.4745652675628662
            ],
            [
                0.011552385985851288,
                3.521005153656006
            ],
            [
                0.14443528652191162,
                6.068029403686523
            ],
            [
                0.07609384506940842,
                9.250032424926758
            ],
            [
                -0.11306903511285782,
                12.956335067749023
            ],
            [
                -0.46557605266571045,
                17.14104461669922
            ]
        ]
    ]
}