{
    "speed": 5.24818462140892,
    "steer": -0.0023866225965321064,
    "throttle": 0.75,
    "brake": 0.0,
    "wp_4": [
        -0.03928452730178833,
        12.608776092529297
    ],
    "wp_3": [
        -0.02129107341170311,
        8.699580192565918
    ],
    "wp_2": [
        -0.01902749016880989,
        5.049020290374756
    ],
    "wp_1": [
        -0.004746627993881702,
        2.0302212238311768
    ],
    "aim": [
        -0.004746627993881702,
        2.0302212238311768
    ],
    "target": [
        -0.8915182075855057,
        51.1217227230409
    ],
    "desired_speed": 7.026987171173096,
    "angle": -0.001488401938671748,
    "angle_last": -0.0016227289923486656,
    "angle_target": -0.011100967705886384,
    "angle_final": -0.001488401938671748,
    "delta": 0.25,
    "agent": "only_traj",
    "steer_traj": -0.0023866225029838713,
    "throttle_traj": 0.75,
    "brake_traj": 0.0,
    "plan": [
        [
            -0.004746627993881702,
            2.0302212238311768
        ],
        [
            -0.01902749016880989,
            5.049020290374756
        ],
        [
            -0.02129107341170311,
            8.699580192565918
        ],
        [
            -0.03928452730178833,
            12.608776092529297
        ],
        [
            -0.06809954345226288,
            16.48154640197754
        ],
        [
            -0.07604225724935532,
            19.597496032714844
        ]
    ],
    "command": 3,
    "all_plan": [
        [
            [
                0.006496863439679146,
                2.966399908065796
            ],
            [
                -0.06883879005908966,
                6.20908260345459
            ],
            [
                -0.24533160030841827,
                9.402547836303711
            ],
            [
                -0.4990805387496948,
                12.19018840789795
            ],
            [
                -0.6826737523078918,
                14.239460945129395
            ],
            [
                -0.8403991460800171,
                15.830891609191895
            ]
        ],
        [
            [
                0.0690244659781456,
                2.882395029067993
            ],
            [
                0.15068839490413666,
                6.148117542266846
            ],
            [
                0.656376838684082,
                8.475493431091309
            ],
            [
                1.8402000665664673,
                10.263289451599121
            ],
            [
                3.652888298034668,
                11.577604293823242
            ],
            [
                5.785367012023926,
                12.52424430847168
            ]
        ],
        [
            [
                -0.026748374104499817,
                2.2941126823425293
            ],
            [
                -0.04833637923002243,
                5.438508987426758
            ],
            [
                -0.043022092431783676,
                9.204977989196777
            ],
            [
                -0.007733810693025589,
                13.60560417175293
            ],
            [
                0.04786672070622444,
                18.33464813232422
            ],
            [
                0.010071158409118652,
                23.17003059387207
            ]
        ],
        [
            [
                -0.004746627993881702,
                2.0302212238311768
            ],
            [
                -0.01902749016880989,
                5.049020290374756
            ],
            [
                -0.02129107341170311,
                8.699580192565918
            ],
            [
                -0.03928452730178833,
                12.608776092529297
            ],
            [
                -0.06809954345226288,
                16.48154640197754
            ],
            [
                -0.07604225724935532,
                19.597496032714844
            ]
        ],
        [
            [
                -0.02467826008796692,
                1.2805033922195435
            ],
            [
                -0.0021092575043439865,
                3.1778807640075684
            ],
            [
                0.0021928325295448303,
                5.543277263641357
            ],
            [
                -0.019278421998023987,
                8.66854476928711
            ],
            [
                -0.021408818662166595,
                12.512153625488281
            ],
            [
                0.08762867748737335,
                16.74179458618164
            ]
        ],
        [
            [
                0.022430505603551865,
                1.5226798057556152
            ],
            [
                0.009990851394832134,
                3.593356132507324
            ],
            [
                0.17205403745174408,
                6.151309967041016
            ],
            [
                0.11894748359918594,
                9.340078353881836
            ],
            [
                -0.05523296445608139,
                13.04555606842041
            ],
            [
                -0.3890811502933502,
                17.217241287231445
            ]
        ]
    ]
}