{
    "speed": 7.598497574567663,
    "steer": -0.0006303031113930047,
    "throttle": 0.11249999701976776,
    "brake": 0.0,
    "wp_4": [
        -0.08410733938217163,
        14.407342910766602
    ],
    "wp_3": [
        -0.026212316006422043,
        10.305685997009277
    ],
    "wp_2": [
        -0.01650022342801094,
        6.544674873352051
    ],
    "wp_1": [
        -0.000176270492374897,
        2.9952096939086914
    ],
    "aim": [
        -0.000176270492374897,
        2.9952096939086914
    ],
    "target": [
        -1.1348558918771365,
        47.910706102400276
    ],
    "desired_speed": 7.120957946777343,
    "angle": -3.744208598870613e-05,
    "angle_last": -0.01100361436240729,
    "angle_target": -0.015076726789446646,
    "angle_final": -3.744208598870613e-05,
    "delta": 0.0,
    "agent": "only_traj",
    "steer_traj": -0.0006303031387900227,
    "throttle_traj": 0.1125,
    "brake_traj": 0.0,
    "plan": [
        [
            -0.000176270492374897,
            2.9952096939086914
        ],
        [
            -0.01650022342801094,
            6.544674873352051
        ],
        [
            -0.026212316006422043,
            10.305685997009277
        ],
        [
            -0.08410733938217163,
            14.407342910766602
        ],
        [
            -0.14733651280403137,
            18.113018035888672
        ],
        [
            -0.19371849298477173,
            20.796205520629883
        ]
    ],
    "command": 3,
    "all_plan": [
        [
            [
                -0.004167279228568077,
                3.606572151184082
            ],
            [
                -0.1064869686961174,
                7.085394859313965
            ],
            [
                -0.3812730312347412,
                10.279745101928711
            ],
            [
                -0.7149447798728943,
                12.980691909790039
            ],
            [
                -0.9971143007278442,
                15.246908187866211
            ],
            [
                -1.2552961111068726,
                17.126386642456055
            ]
        ],
        [
            [
                0.2941235899925232,
                3.155719518661499
            ],
            [
                0.9120049476623535,
                6.050386905670166
            ],
            [
                2.1807875633239746,
                8.010531425476074
            ],
            [
                4.268121719360352,
                9.625941276550293
            ],
            [
                6.759994983673096,
                10.944364547729492
            ],
            [
                9.373896598815918,
                12.07910442352295
            ]
        ],
        [
            [
                -0.06307201087474823,
                3.213391065597534
            ],
            [
                -0.1268250048160553,
                7.041323661804199
            ],
            [
                -0.17436906695365906,
                11.121065139770508
            ],
            [
                -0.19990141689777374,
                15.407629013061523
            ],
            [
                -0.21097223460674286,
                19.776613235473633
            ],
            [
                -0.273637056350708,
                24.102317810058594
            ]
        ],
        [
            [
                -0.000176270492374897,
                2.9952096939086914
            ],
            [
                -0.01650022342801094,
                6.544674873352051
            ],
            [
                -0.026212316006422043,
                10.305685997009277
            ],
            [
                -0.08410733938217163,
                14.407342910766602
            ],
            [
                -0.14733651280403137,
                18.113018035888672
            ],
            [
                -0.19371849298477173,
                20.796205520629883
            ]
        ],
        [
            [
                -0.038397908210754395,
                2.3179168701171875
            ],
            [
                -0.1251991093158722,
                4.9539079666137695
            ],
            [
                -0.18946705758571625,
                8.078566551208496
            ],
            [
                -0.3622196912765503,
                11.829049110412598
            ],
            [
                -0.4598962664604187,
                16.202930450439453
            ],
            [
                -0.4802030324935913,
                20.80033302307129
            ]
        ],
        [
            [
                0.08009565621614456,
                2.5345380306243896
            ],
            [
                0.035933125764131546,
                5.248503684997559
            ],
            [
                0.15455372631549835,
                8.171405792236328
            ],
            [
                0.007601305842399597,
                11.476224899291992
            ],
            [
                -0.1801961213350296,
                15.121959686279297
            ],
            [
                -0.5762258768081665,
                18.980545043945312
            ]
        ]
    ]
}