{
    "speed": 7.0283463728266335,
    "steer": -0.007002268917858601,
    "throttle": 0.75,
    "brake": 0.0,
    "wp_4": [
        -0.10550761222839355,
        13.204143524169922
    ],
    "wp_3": [
        -0.0746670737862587,
        9.230586051940918
    ],
    "wp_2": [
        -0.04889117181301117,
        5.525616645812988
    ],
    "wp_1": [
        -0.024242382496595383,
        2.288728713989258
    ],
    "aim": [
        -0.024242382496595383,
        2.288728713989258
    ],
    "target": [
        -0.9697715082136007,
        36.473988532759606
    ],
    "desired_speed": 7.358903312683105,
    "angle": -0.006742866467162557,
    "angle_last": -0.005945328045077402,
    "angle_target": -0.01692247884610618,
    "angle_final": -0.006742866467162557,
    "delta": 0.25,
    "agent": "only_traj",
    "steer_traj": -0.0070022691469473885,
    "throttle_traj": 0.75,
    "brake_traj": 0.0,
    "plan": [
        [
            -0.024242382496595383,
            2.288728713989258
        ],
        [
            -0.04889117181301117,
            5.525616645812988
        ],
        [
            -0.0746670737862587,
            9.230586051940918
        ],
        [
            -0.10550761222839355,
            13.204143524169922
        ],
        [
            -0.15937556326389313,
            17.231809616088867
        ],
        [
            -0.19162707030773163,
            20.68517303466797
        ]
    ],
    "command": 3,
    "all_plan": [
        [
            [
                0.003752024844288826,
                3.095085859298706
            ],
            [
                -0.10970790684223175,
                6.3513078689575195
            ],
            [
                -0.3212432265281677,
                9.624427795410156
            ],
            [
                -0.6611989140510559,
                12.59284782409668
            ],
            [
                -0.9614213705062866,
                14.962477684020996
            ],
            [
                -1.2762930393218994,
                16.942848205566406
            ]
        ],
        [
            [
                0.17503546178340912,
                2.834674596786499
            ],
            [
                0.35526931285858154,
                6.024720668792725
            ],
            [
                1.0111445188522339,
                8.350468635559082
            ],
            [
                2.3128104209899902,
                10.278383255004883
            ],
            [
                4.048410415649414,
                11.865753173828125
            ],
            [
                6.003995418548584,
                13.179117202758789
            ]
        ],
        [
            [
                -0.055185385048389435,
                2.5855846405029297
            ],
            [
                -0.09646257758140564,
                5.917570114135742
            ],
            [
                -0.1133376955986023,
                9.717326164245605
            ],
            [
                -0.07948105037212372,
                14.00291633605957
            ],
            [
                -0.06297479569911957,
                18.569128036499023
            ],
            [
                -0.12576895952224731,
                23.201374053955078
            ]
        ],
        [
            [
                -0.024242382496595383,
                2.288728713989258
            ],
            [
                -0.04889117181301117,
                5.525616645812988
            ],
            [
                -0.0746670737862587,
                9.230586051940918
            ],
            [
                -0.10550761222839355,
                13.204143524169922
            ],
            [
                -0.15937556326389313,
                17.231809616088867
            ],
            [
                -0.19162707030773163,
                20.68517303466797
            ]
        ],
        [
            [
                0.004463493824005127,
                1.6966887712478638
            ],
            [
                0.004260959103703499,
                3.9457459449768066
            ],
            [
                -0.005907326936721802,
                6.675068378448486
            ],
            [
                -0.06258431077003479,
                10.078568458557129
            ],
            [
                -0.09556540846824646,
                14.128728866577148
            ],
            [
                -0.04450394958257675,
                18.531309127807617
            ]
        ],
        [
            [
                0.06800929456949234,
                1.9948596954345703
            ],
            [
                0.08019604533910751,
                4.325473785400391
            ],
            [
                0.26139402389526367,
                7.071788787841797
            ],
            [
                0.19636043906211853,
                10.353165626525879
            ],
            [
                0.018660053610801697,
                14.079123497009277
            ],
            [
                -0.2699572443962097,
                18.19965171813965
            ]
        ]
    ]
}