{
    "speed": 6.542175281212397,
    "steer": -0.005367099307477474,
    "throttle": 0.75,
    "brake": 0.0,
    "wp_4": [
        -0.0733855813741684,
        14.838665008544922
    ],
    "wp_3": [
        -0.04690442234277725,
        10.776562690734863
    ],
    "wp_2": [
        -0.04628551006317139,
        7.001769065856934
    ],
    "wp_1": [
        -0.023183520883321762,
        3.3676326274871826
    ],
    "aim": [
        -0.023183520883321762,
        3.3676326274871826
    ],
    "target": [
        -0.774571634752875,
        32.9667065600914
    ],
    "desired_speed": 6.813297271728515,
    "angle": -0.004382504871987707,
    "angle_last": -0.0006041201141274307,
    "angle_target": -0.01495499431379864,
    "angle_final": -0.004382504871987707,
    "delta": 0.25,
    "agent": "only_traj",
    "steer_traj": -0.005367099092349103,
    "throttle_traj": 0.75,
    "brake_traj": 0.0,
    "plan": [
        [
            -0.023183520883321762,
            3.3676326274871826
        ],
        [
            -0.04628551006317139,
            7.001769065856934
        ],
        [
            -0.04690442234277725,
            10.776562690734863
        ],
        [
            -0.0733855813741684,
            14.838665008544922
        ],
        [
            -0.08944793045520782,
            18.214656829833984
        ],
        [
            -0.09152244031429291,
            20.400676727294922
        ]
    ],
    "command": 3,
    "all_plan": [
        [
            [
                0.00926409475505352,
                3.827335834503174
            ],
            [
                -0.055602505803108215,
                7.377495765686035
            ],
            [
                -0.2900432348251343,
                10.495607376098633
            ],
            [
                -0.5259507894515991,
                12.980734825134277
            ],
            [
                -0.7223241925239563,
                15.154437065124512
            ],
            [
                -0.8885108828544617,
                16.933917999267578
            ]
        ],
        [
            [
                0.3421463072299957,
                3.335282564163208
            ],
            [
                1.1330294609069824,
                6.1013031005859375
            ],
            [
                2.7189016342163086,
                7.881553649902344
            ],
            [
                5.167593479156494,
                9.35183334350586
            ],
            [
                8.00610065460205,
                10.522345542907715
            ],
            [
                10.827436447143555,
                11.587780952453613
            ]
        ],
        [
            [
                -0.04101356863975525,
                3.5346298217773438
            ],
            [
                -0.09189573675394058,
                7.567870616912842
            ],
            [
                -0.1379384845495224,
                11.701085090637207
            ],
            [
                -0.18123188614845276,
                15.934385299682617
            ],
            [
                -0.17321665585041046,
                20.081201553344727
            ],
            [
                -0.23289242386817932,
                24.183568954467773
            ]
        ],
        [
            [
                -0.023183520883321762,
                3.3676326274871826
            ],
            [
                -0.04628551006317139,
                7.001769065856934
            ],
            [
                -0.04690442234277725,
                10.776562690734863
            ],
            [
                -0.0733855813741684,
                14.838665008544922
            ],
            [
                -0.08944793045520782,
                18.214656829833984
            ],
            [
                -0.09152244031429291,
                20.400676727294922
            ]
        ],
        [
            [
                -0.03306858241558075,
                2.6181371212005615
            ],
            [
                -0.1359122097492218,
                5.4784016609191895
            ],
            [
                -0.21277281641960144,
                8.743858337402344
            ],
            [
                -0.39307278394699097,
                12.678695678710938
            ],
            [
                -0.4691395163536072,
                17.21123695373535
            ],
            [
                -0.4851172864437103,
                21.885379791259766
            ]
        ],
        [
            [
                0.06694601476192474,
                2.8274950981140137
            ],
            [
                0.006153985857963562,
                5.732555389404297
            ],
            [
                0.1502540409564972,
                8.698592185974121
            ],
            [
                0.005556583404541016,
                11.972593307495117
            ],
            [
                -0.18278458714485168,
                15.547460556030273
            ],
            [
                -0.5900220274925232,
                19.216259002685547
            ]
        ]
    ]
}