{
    "speed": 7.285331288463794,
    "steer": -0.0015384929720312357,
    "throttle": 0.75,
    "brake": 0.0,
    "wp_4": [
        -0.028438709676265717,
        15.587661743164062
    ],
    "wp_3": [
        -0.007567274384200573,
        11.586657524108887
    ],
    "wp_2": [
        -0.0020961565896868706,
        7.728941440582275
    ],
    "wp_1": [
        0.0006924225017428398,
        3.8501346111297607
    ],
    "aim": [
        0.0006924225017428398,
        3.8501346111297607
    ],
    "target": [
        -0.9569285591755494,
        22.517293527225572
    ],
    "desired_speed": 7.595466423034669,
    "angle": 0.00011449167754868862,
    "angle_last": -0.005758863880736054,
    "angle_target": -0.027038475648661804,
    "angle_final": 0.00011449167754868862,
    "delta": 0.25,
    "agent": "only_traj",
    "steer_traj": -0.0015384929622939134,
    "throttle_traj": 0.75,
    "brake_traj": 0.0,
    "plan": [
        [
            0.0006924225017428398,
            3.8501346111297607
        ],
        [
            -0.0020961565896868706,
            7.728941440582275
        ],
        [
            -0.007567274384200573,
            11.586657524108887
        ],
        [
            -0.028438709676265717,
            15.587661743164062
        ],
        [
            -0.057832229882478714,
            19.42926025390625
        ],
        [
            -0.08867306262254715,
            22.838489532470703
        ]
    ],
    "command": 3,
    "all_plan": [
        [
            [
                0.06633627414703369,
                3.879585027694702
            ],
            [
                -0.00871025025844574,
                7.517811298370361
            ],
            [
                -0.15781976282596588,
                10.995821952819824
            ],
            [
                -0.3970329761505127,
                14.221321105957031
            ],
            [
                -0.7042087316513062,
                17.448348999023438
            ],
            [
                -1.0849244594573975,
                20.422531127929688
            ]
        ],
        [
            [
                0.47340553998947144,
                3.1891887187957764
            ],
            [
                1.1661258935928345,
                6.054971694946289
            ],
            [
                2.604935646057129,
                8.380887985229492
            ],
            [
                4.736954689025879,
                10.649404525756836
            ],
            [
                6.8396806716918945,
                12.84907054901123
            ],
            [
                8.690821647644043,
                15.132741928100586
            ]
        ],
        [
            [
                -0.023205101490020752,
                3.9704318046569824
            ],
            [
                -0.07479263097047806,
                8.058074951171875
            ],
            [
                -0.07573805004358292,
                12.078128814697266
            ],
            [
                -0.08517362177371979,
                16.091407775878906
            ],
            [
                -0.08681686222553253,
                20.042526245117188
            ],
            [
                -0.12503769993782043,
                24.010190963745117
            ]
        ],
        [
            [
                0.0006924225017428398,
                3.8501346111297607
            ],
            [
                -0.0020961565896868706,
                7.728941440582275
            ],
            [
                -0.007567274384200573,
                11.586657524108887
            ],
            [
                -0.028438709676265717,
                15.587661743164062
            ],
            [
                -0.057832229882478714,
                19.42926025390625
            ],
            [
                -0.08867306262254715,
                22.838489532470703
            ]
        ],
        [
            [
                -0.044155821204185486,
                3.1195874214172363
            ],
            [
                -0.1722312718629837,
                6.609240531921387
            ],
            [
                -0.31747138500213623,
                10.402721405029297
            ],
            [
                -0.47790107131004333,
                14.82336711883545
            ],
            [
                -0.6260991096496582,
                19.77179718017578
            ],
            [
                -0.7586153149604797,
                24.836462020874023
            ]
        ],
        [
            [
                0.3159589171409607,
                3.660496950149536
            ],
            [
                0.3570549488067627,
                7.074501991271973
            ],
            [
                0.5584509372711182,
                10.416000366210938
            ],
            [
                0.5496452450752258,
                13.934080123901367
            ],
            [
                0.47870656847953796,
                17.657562255859375
            ],
            [
                0.35903146862983704,
                21.46615982055664
            ]
        ]
    ]
}