{
    "speed": 0.6811881299186953,
    "steer": 0.003296193201094866,
    "throttle": 0.75,
    "brake": 0.0,
    "wp_4": [
        0.02245963364839554,
        4.894200325012207
    ],
    "wp_3": [
        0.021482054144144058,
        3.3267414569854736
    ],
    "wp_2": [
        0.010886666364967823,
        2.0487561225891113
    ],
    "wp_1": [
        -0.0019837291911244392,
        0.9760324358940125
    ],
    "aim": [
        0.021482054144144058,
        3.3267414569854736
    ],
    "target": [
        0.28666178292916866,
        15.547495949460961
    ],
    "desired_speed": 3.144778251647949,
    "angle": 0.004110835360923149,
    "angle_last": 0.0035921204389560697,
    "angle_target": 0.011736544840172515,
    "angle_final": 0.004110835360923149,
    "delta": 0.25,
    "agent": "only_traj",
    "steer_traj": 0.003296193200640244,
    "throttle_traj": 0.75,
    "brake_traj": 0.0,
    "plan": [
        [
            -0.0019837291911244392,
            0.9760324358940125
        ],
        [
            0.010886666364967823,
            2.0487561225891113
        ],
        [
            0.021482054144144058,
            3.3267414569854736
        ],
        [
            0.02245963364839554,
            4.894200325012207
        ],
        [
            0.021097343415021896,
            6.760612487792969
        ],
        [
            0.032818038016557693,
            8.837822914123535
        ]
    ],
    "command": 3,
    "all_plan": [
        [
            [
                -0.03431612253189087,
                0.9471383690834045
            ],
            [
                -0.0383332297205925,
                2.289663553237915
            ],
            [
                -0.014349108561873436,
                3.8341219425201416
            ],
            [
                -0.04223565757274628,
                5.249978065490723
            ],
            [
                -0.074056476354599,
                6.421375274658203
            ],
            [
                -0.034674353897571564,
                7.481866359710693
            ]
        ],
        [
            [
                0.018661176785826683,
                1.316719889640808
            ],
            [
                -0.033502042293548584,
                3.1486315727233887
            ],
            [
                0.004698093980550766,
                4.701144218444824
            ],
            [
                0.16619734466075897,
                6.043048858642578
            ],
            [
                0.5939148664474487,
                7.149812698364258
            ],
            [
                1.078429102897644,
                8.276378631591797
            ]
        ],
        [
            [
                -0.02240511029958725,
                0.7830532789230347
            ],
            [
                -0.03480064496397972,
                1.9837327003479004
            ],
            [
                -0.04586394131183624,
                3.517409563064575
            ],
            [
                -0.03094971552491188,
                5.701376438140869
            ],
            [
                0.026192568242549896,
                8.329795837402344
            ],
            [
                -0.0032596848905086517,
                11.314081192016602
            ]
        ],
        [
            [
                -0.0019837291911244392,
                0.9760324358940125
            ],
            [
                0.010886666364967823,
                2.0487561225891113
            ],
            [
                0.021482054144144058,
                3.3267414569854736
            ],
            [
                0.02245963364839554,
                4.894200325012207
            ],
            [
                0.021097343415021896,
                6.760612487792969
            ],
            [
                0.032818038016557693,
                8.837822914123535
            ]
        ],
        [
            [
                -0.05394929647445679,
                0.20215126872062683
            ],
            [
                -0.0855061486363411,
                0.7837642431259155
            ],
            [
                -0.11552342027425766,
                1.5557117462158203
            ],
            [
                -0.10385297238826752,
                2.7506589889526367
            ],
            [
                -0.1365438848733902,
                4.3751044273376465
            ],
            [
                -0.1332426220178604,
                6.301090717315674
            ]
        ],
        [
            [
                0.04169929772615433,
                0.3201335668563843
            ],
            [
                0.08067059516906738,
                1.1132049560546875
            ],
            [
                0.1157054677605629,
                2.306715488433838
            ],
            [
                0.14531245827674866,
                3.9361789226531982
            ],
            [
                0.1476840227842331,
                5.9314188957214355
            ],
            [
                0.08770964294672012,
                8.289717674255371
            ]
        ]
    ]
}