{
    "speed": 7.395112094536486,
    "steer": -0.0003469181538093835,
    "throttle": 0.0,
    "brake": 0.0,
    "wp_4": [
        -0.02453014999628067,
        15.32774543762207
    ],
    "wp_3": [
        -0.0027085719630122185,
        11.32095718383789
    ],
    "wp_2": [
        0.0011496888473629951,
        7.520458698272705
    ],
    "wp_1": [
        0.004159967415034771,
        3.736389636993408
    ],
    "aim": [
        0.004159967415034771,
        3.736389636993408
    ],
    "target": [
        -0.5349237898557364,
        8.41175675395526
    ],
    "desired_speed": 7.366114616394042,
    "angle": 0.000708794026330576,
    "angle_last": -0.004151340914078164,
    "angle_target": -0.04042973788230467,
    "angle_final": 0.000708794026330576,
    "delta": 0.0,
    "agent": "only_traj",
    "steer_traj": -0.0003469181578632222,
    "throttle_traj": 0.0,
    "brake_traj": 0.0,
    "plan": [
        [
            0.004159967415034771,
            3.736389636993408
        ],
        [
            0.0011496888473629951,
            7.520458698272705
        ],
        [
            -0.0027085719630122185,
            11.32095718383789
        ],
        [
            -0.02453014999628067,
            15.32774543762207
        ],
        [
            -0.046868521720170975,
            19.07723045349121
        ],
        [
            -0.06691598892211914,
            22.15148162841797
        ]
    ],
    "command": 3,
    "all_plan": [
        [
            [
                0.08238958567380905,
                3.859945774078369
            ],
            [
                0.04103412479162216,
                7.470462799072266
            ],
            [
                -0.10142038017511368,
                10.861818313598633
            ],
            [
                -0.3231505751609802,
                13.915374755859375
            ],
            [
                -0.5871800780296326,
                16.898771286010742
            ],
            [
                -0.8976556658744812,
                19.61280059814453
            ]
        ],
        [
            [
                0.44546276330947876,
                3.197517156600952
            ],
            [
                1.1747524738311768,
                5.998051643371582
            ],
            [
                2.6371569633483887,
                8.159128189086914
            ],
            [
                4.839625358581543,
                10.240001678466797
            ],
            [
                7.098543167114258,
                12.219740867614746
            ],
            [
                9.153299331665039,
                14.22974967956543
            ]
        ],
        [
            [
                -0.031093642115592957,
                3.8691904544830322
            ],
            [
                -0.08158349245786667,
                7.920475006103516
            ],
            [
                -0.09180261939764023,
                11.939306259155273
            ],
            [
                -0.08812868595123291,
                15.958393096923828
            ],
            [
                -0.08766716718673706,
                19.89008903503418
            ],
            [
                -0.13235189020633698,
                23.84252166748047
            ]
        ],
        [
            [
                0.004159967415034771,
                3.736389636993408
            ],
            [
                0.0011496888473629951,
                7.520458698272705
            ],
            [
                -0.0027085719630122185,
                11.32095718383789
            ],
            [
                -0.02453014999628067,
                15.32774543762207
            ],
            [
                -0.046868521720170975,
                19.07723045349121
            ],
            [
                -0.06691598892211914,
                22.15148162841797
            ]
        ],
        [
            [
                -0.038786277174949646,
                2.994785785675049
            ],
            [
                -0.16494353115558624,
                6.333714962005615
            ],
            [
                -0.2814997434616089,
                10.001603126525879
            ],
            [
                -0.45886296033859253,
                14.287384033203125
            ],
            [
                -0.5946938395500183,
                19.11284637451172
            ],
            [
                -0.7125871777534485,
                24.055164337158203
            ]
        ],
        [
            [
                0.24832703173160553,
                3.487264633178711
            ],
            [
                0.26511168479919434,
                6.793984413146973
            ],
            [
                0.4586886763572693,
                10.05596923828125
            ],
            [
                0.4114394187927246,
                13.50405216217041
            ],
            [
                0.33503398299217224,
                17.189998626708984
            ],
            [
                0.15299741923809052,
                20.962535858154297
            ]
        ]
    ]
}