{
    "speed": 6.98803150106037,
    "steer": -0.0009472680394537747,
    "throttle": 0.75,
    "brake": 0.0,
    "wp_4": [
        -0.058282531797885895,
        15.380196571350098
    ],
    "wp_3": [
        -0.034446630626916885,
        11.397699356079102
    ],
    "wp_2": [
        -0.019580896943807602,
        7.554338455200195
    ],
    "wp_1": [
        -0.003921349532902241,
        3.721715211868286
    ],
    "aim": [
        -0.003921349532902241,
        3.721715211868286
    ],
    "target": [
        0.11808819318646879,
        4.256803788371124
    ],
    "desired_speed": 7.7247027397155765,
    "angle": -0.000670752404030444,
    "angle_last": -0.003104576478278321,
    "angle_target": 0.017655970696310135,
    "angle_final": -0.000670752404030444,
    "delta": 0.25,
    "agent": "only_traj",
    "steer_traj": -0.0009472680279170041,
    "throttle_traj": 0.75,
    "brake_traj": 0.0,
    "plan": [
        [
            -0.003921349532902241,
            3.721715211868286
        ],
        [
            -0.019580896943807602,
            7.554338455200195
        ],
        [
            -0.034446630626916885,
            11.397699356079102
        ],
        [
            -0.058282531797885895,
            15.380196571350098
        ],
        [
            -0.08823268115520477,
            19.32997703552246
        ],
        [
            -0.10629213601350784,
            23.03318214416504
        ]
    ],
    "command": 3,
    "all_plan": [
        [
            [
                0.05183188617229462,
                3.7826149463653564
            ],
            [
                -0.039246395230293274,
                7.374306678771973
            ],
            [
                -0.18158367276191711,
                10.902146339416504
            ],
            [
                -0.42586690187454224,
                14.226082801818848
            ],
            [
                -0.7624011039733887,
                17.58392333984375
            ],
            [
                -1.1739482879638672,
                20.719131469726562
            ]
        ],
        [
            [
                0.4561447501182556,
                3.077887535095215
            ],
            [
                1.0355961322784424,
                5.966290473937988
            ],
            [
                2.3545241355895996,
                8.40636920928955
            ],
            [
                4.315464019775391,
                10.810052871704102
            ],
            [
                6.186037540435791,
                13.17988395690918
            ],
            [
                7.7786865234375,
                15.60606861114502
            ]
        ],
        [
            [
                -0.005652383901178837,
                3.890374183654785
            ],
            [
                -0.04719103127717972,
                7.874373435974121
            ],
            [
                -0.05840615555644035,
                11.82026195526123
            ],
            [
                -0.06924319267272949,
                15.775299072265625
            ],
            [
                -0.08312281966209412,
                19.71103286743164
            ],
            [
                -0.1056927889585495,
                23.67308235168457
            ]
        ],
        [
            [
                -0.003921349532902241,
                3.721715211868286
            ],
            [
                -0.019580896943807602,
                7.554338455200195
            ],
            [
                -0.034446630626916885,
                11.397699356079102
            ],
            [
                -0.058282531797885895,
                15.380196571350098
            ],
            [
                -0.08823268115520477,
                19.32997703552246
            ],
            [
                -0.10629213601350784,
                23.03318214416504
            ]
        ],
        [
            [
                -0.0341787189245224,
                3.0809719562530518
            ],
            [
                -0.14180395007133484,
                6.577766418457031
            ],
            [
                -0.2821558713912964,
                10.380361557006836
            ],
            [
                -0.4399052858352661,
                14.804483413696289
            ],
            [
                -0.58742356300354,
                19.718759536743164
            ],
            [
                -0.7152320742607117,
                24.762178421020508
            ]
        ],
        [
            [
                0.33155936002731323,
                3.6650302410125732
            ],
            [
                0.39961013197898865,
                7.045284271240234
            ],
            [
                0.602349579334259,
                10.394234657287598
            ],
            [
                0.5960854291915894,
                13.932844161987305
            ],
            [
                0.5332175493240356,
                17.64605712890625
            ],
            [
                0.47034186124801636,
                21.466747283935547
            ]
        ]
    ]
}