{
    "speed": 7.407098153417067,
    "steer": -0.0016083207447081804,
    "throttle": 0.75,
    "brake": 0.0,
    "wp_4": [
        -0.06458655744791031,
        15.70748519897461
    ],
    "wp_3": [
        -0.04270211234688759,
        11.710127830505371
    ],
    "wp_2": [
        -0.027384277433156967,
        7.784411907196045
    ],
    "wp_1": [
        -0.01042619813233614,
        3.8554298877716064
    ],
    "aim": [
        -0.01042619813233614,
        3.8554298877716064
    ],
    "target": [
        -0.267295886110834,
        1.7130644328303146
    ],
    "desired_speed": 7.913625717163085,
    "angle": -0.0017216149533322946,
    "angle_last": -0.002638833467874229,
    "angle_target": -0.09853960483488405,
    "angle_final": -0.0017216149533322946,
    "delta": 0.25,
    "agent": "only_traj",
    "steer_traj": -0.0016083207719563026,
    "throttle_traj": 0.75,
    "brake_traj": 0.0,
    "plan": [
        [
            -0.01042619813233614,
            3.8554298877716064
        ],
        [
            -0.027384277433156967,
            7.784411907196045
        ],
        [
            -0.04270211234688759,
            11.710127830505371
        ],
        [
            -0.06458655744791031,
            15.70748519897461
        ],
        [
            -0.09059904515743256,
            19.71808624267578
        ],
        [
            -0.10685268044471741,
            23.639249801635742
        ]
    ],
    "command": 3,
    "all_plan": [
        [
            [
                0.05149190127849579,
                3.826903820037842
            ],
            [
                -0.06717601418495178,
                7.472267150878906
            ],
            [
                -0.23370906710624695,
                11.082202911376953
            ],
            [
                -0.4956759512424469,
                14.527618408203125
            ],
            [
                -0.8794225454330444,
                18.06648826599121
            ],
            [
                -1.359595537185669,
                21.409584045410156
            ]
        ],
        [
            [
                0.4883745312690735,
                3.0873265266418457
            ],
            [
                1.0598158836364746,
                6.016781806945801
            ],
            [
                2.3985159397125244,
                8.589251518249512
            ],
            [
                4.364291191101074,
                11.145767211914062
            ],
            [
                6.1518473625183105,
                13.698039054870605
            ],
            [
                7.629661560058594,
                16.345558166503906
            ]
        ],
        [
            [
                0.005383565090596676,
                3.9958579540252686
            ],
            [
                -0.024185769259929657,
                8.038167953491211
            ],
            [
                -0.037740226835012436,
                12.019489288330078
            ],
            [
                -0.05408492684364319,
                15.983951568603516
            ],
            [
                -0.06592176854610443,
                19.941509246826172
            ],
            [
                -0.07294994592666626,
                23.934968948364258
            ]
        ],
        [
            [
                -0.01042619813233614,
                3.8554298877716064
            ],
            [
                -0.027384277433156967,
                7.784411907196045
            ],
            [
                -0.04270211234688759,
                11.710127830505371
            ],
            [
                -0.06458655744791031,
                15.70748519897461
            ],
            [
                -0.09059904515743256,
                19.71808624267578
            ],
            [
                -0.10685268044471741,
                23.639249801635742
            ]
        ],
        [
            [
                -0.029000848531723022,
                3.228079319000244
            ],
            [
                -0.13398624956607819,
                6.877078056335449
            ],
            [
                -0.28680360317230225,
                10.815905570983887
            ],
            [
                -0.4378300905227661,
                15.391845703125
            ],
            [
                -0.5905961990356445,
                20.424562454223633
            ],
            [
                -0.7137050032615662,
                25.590042114257812
            ]
        ],
        [
            [
                0.3778632879257202,
                3.833857297897339
            ],
            [
                0.47132420539855957,
                7.341196537017822
            ],
            [
                0.6697672605514526,
                10.77033519744873
            ],
            [
                0.6953550577163696,
                14.364919662475586
            ],
            [
                0.6610602140426636,
                18.107454299926758
            ],
            [
                0.6590936779975891,
                21.96242904663086
            ]
        ]
    ]
}