{
    "speed": 6.7537530330982065e-06,
    "steer": 0.0013909784611314535,
    "throttle": 0.75,
    "brake": 0.0,
    "wp_4": [
        0.10698963701725006,
        16.07864761352539
    ],
    "wp_3": [
        0.07829020917415619,
        11.904540061950684
    ],
    "wp_2": [
        0.01969122141599655,
        7.898909091949463
    ],
    "wp_1": [
        0.010334024205803871,
        3.848602771759033
    ],
    "aim": [
        0.010334024205803871,
        3.848602771759033
    ],
    "target": [
        -0.5183045575734483,
        52.252434537362305
    ],
    "desired_speed": 8.322192573547364,
    "angle": 0.0017094167397374439,
    "angle_last": 0.013981824749425577,
    "angle_target": -0.006314578663847459,
    "angle_final": 0.0017094167397374439,
    "delta": 0.25,
    "agent": "only_traj",
    "steer_traj": 0.001390978470368988,
    "throttle_traj": 0.75,
    "brake_traj": 0.0,
    "plan": [
        [
            0.010334024205803871,
            3.848602771759033
        ],
        [
            0.01969122141599655,
            7.898909091949463
        ],
        [
            0.07829020917415619,
            11.904540061950684
        ],
        [
            0.10698963701725006,
            16.07864761352539
        ],
        [
            0.19208452105522156,
            20.37262725830078
        ],
        [
            0.2860785722732544,
            24.651670455932617
        ]
    ]
}