{
    "speed": 3.184706960805007,
    "steer": -9.098293958231807e-05,
    "throttle": 0.75,
    "brake": 0.0,
    "wp_4": [
        -0.5568526387214661,
        12.082043647766113
    ],
    "wp_3": [
        0.07852602005004883,
        10.056811332702637
    ],
    "wp_2": [
        0.050150178372859955,
        6.333984375
    ],
    "wp_1": [
        0.0045496323145926,
        2.827596426010132
    ],
    "aim": [
        0.0045496323145926,
        2.827596426010132
    ],
    "target": [
        0.511429757551098,
        52.345020430886976
    ],
    "desired_speed": 8.07392864227295,
    "angle": 0.001024348765985165,
    "angle_last": 0.37244931486686617,
    "angle_target": 0.006219807225139768,
    "angle_final": 0.001024348765985165,
    "delta": 0.25,
    "agent": "only_traj",
    "steer_traj": -9.098293606402615e-05,
    "throttle_traj": 0.75,
    "brake_traj": 0.0,
    "plan": [
        [
            0.0045496323145926,
            2.827596426010132
        ],
        [
            0.050150178372859955,
            6.333984375
        ],
        [
            0.07852602005004883,
            10.056811332702637
        ],
        [
            -0.5568526387214661,
            12.082043647766113
        ],
        [
            -2.422140121459961,
            17.79386329650879
        ],
        [
            0.2418185919523239,
            21.815547943115234
        ]
    ]
}