{
    "speed": 5.240626579558537,
    "steer": -0.0008520376868546009,
    "throttle": 0.0,
    "brake": 0.0,
    "wp_4": [
        -1.6929110288619995,
        13.764976501464844
    ],
    "wp_3": [
        -0.03162819519639015,
        11.224106788635254
    ],
    "wp_2": [
        -0.0012765676947310567,
        7.434023380279541
    ],
    "wp_1": [
        -0.002272216137498617,
        3.636626720428467
    ],
    "aim": [
        -0.002272216137498617,
        3.636626720428467
    ],
    "target": [
        0.6170719669522515,
        50.4946476846233
    ],
    "desired_speed": 8.216741847991944,
    "angle": -0.0003977725102022677,
    "angle_last": 0.3678311962960482,
    "angle_target": 0.007779451468585552,
    "angle_final": -0.0003977725102022677,
    "delta": 0.25,
    "agent": "only_traj",
    "steer_traj": -0.0008520377131273142,
    "throttle_traj": 0.0,
    "brake_traj": 0.0,
    "plan": [
        [
            -0.002272216137498617,
            3.636626720428467
        ],
        [
            -0.0012765676947310567,
            7.434023380279541
        ],
        [
            -0.03162819519639015,
            11.224106788635254
        ],
        [
            -1.6929110288619995,
            13.764976501464844
        ],
        [
            -2.3468222618103027,
            19.372604370117188
        ],
        [
            -0.013104001991450787,
            22.95186424255371
        ]
    ]
}