{
    "speed": 4.746382759308682,
    "steer": 0.004906617570668459,
    "throttle": 0.75,
    "brake": 0.0,
    "wp_4": [
        -0.030799204483628273,
        14.995593070983887
    ],
    "wp_3": [
        -2.28730845451355,
        11.437864303588867
    ],
    "wp_2": [
        -0.13793815672397614,
        5.664215087890625
    ],
    "wp_1": [
        -0.43007200956344604,
        2.6989126205444336
    ],
    "aim": [
        -0.43007200956344604,
        2.6989126205444336
    ],
    "target": [
        0.26293910889448024,
        37.2633154790287
    ],
    "desired_speed": 8.40621576309204,
    "angle": -0.10059960738292967,
    "angle_last": 0.0073698980688901225,
    "angle_target": 0.0044920709656484335,
    "angle_final": 0.0044920709656484335,
    "delta": 0.25,
    "agent": "only_traj",
    "steer_traj": 0.004906617764905362,
    "throttle_traj": 0.75,
    "brake_traj": 0.0,
    "plan": [
        [
            -0.43007200956344604,
            2.6989126205444336
        ],
        [
            -0.13793815672397614,
            5.664215087890625
        ],
        [
            -2.28730845451355,
            11.437864303588867
        ],
        [
            -0.030799204483628273,
            14.995593070983887
        ],
        [
            -0.0003170967102050781,
            18.76214599609375
        ],
        [
            0.044778041541576385,
            22.6573543548584
        ]
    ]
}