{
    "speed": 5.119523787993767,
    "steer": 0.0026127086021006107,
    "throttle": 0.0,
    "brake": 0.0,
    "wp_4": [
        0.08459248393774033,
        14.964517593383789
    ],
    "wp_3": [
        0.07579642534255981,
        11.080350875854492
    ],
    "wp_2": [
        0.04850897192955017,
        7.278293132781982
    ],
    "wp_1": [
        0.013858160004019737,
        3.5190563201904297
    ],
    "aim": [
        0.013858160004019737,
        3.5190563201904297
    ],
    "target": [
        0.31358035874804113,
        31.97600273759579
    ],
    "desired_speed": 7.640628147125244,
    "angle": 0.0025070310528133776,
    "angle_last": 0.011837448914004685,
    "angle_target": 0.006242964730454602,
    "angle_final": 0.0025070310528133776,
    "delta": 0.25,
    "agent": "only_traj",
    "steer_traj": 0.002612708613350644,
    "throttle_traj": 0.0,
    "brake_traj": 0.0,
    "plan": [
        [
            0.013858160004019737,
            3.5190563201904297
        ],
        [
            0.04850897192955017,
            7.278293132781982
        ],
        [
            0.07579642534255981,
            11.080350875854492
        ],
        [
            0.08459248393774033,
            14.964517593383789
        ],
        [
            0.1064329519867897,
            18.851491928100586
        ],
        [
            0.17650671303272247,
            22.619646072387695
        ]
    ]
}