{
    "speed": 4.933674705350402,
    "steer": -0.008207278326153755,
    "throttle": 0.75,
    "brake": 0.0,
    "wp_4": [
        0.027064882218837738,
        14.925070762634277
    ],
    "wp_3": [
        0.0343550406396389,
        11.02253532409668
    ],
    "wp_2": [
        0.0788840502500534,
        7.253088474273682
    ],
    "wp_1": [
        0.7056589722633362,
        3.478452682495117
    ],
    "aim": [
        0.7056589722633362,
        3.478452682495117
    ],
    "target": [
        -0.3365781065960909,
        27.596233885115158
    ],
    "desired_speed": 7.670202922821044,
    "angle": 0.1274192001958037,
    "angle_last": 0.007445409604714152,
    "angle_target": -0.007764162847064175,
    "angle_final": -0.007764162847064175,
    "delta": 0.25,
    "agent": "only_traj",
    "steer_traj": -0.008207278774257903,
    "throttle_traj": 0.75,
    "brake_traj": 0.0,
    "plan": [
        [
            0.7056589722633362,
            3.478452682495117
        ],
        [
            0.0788840502500534,
            7.253088474273682
        ],
        [
            0.0343550406396389,
            11.02253532409668
        ],
        [
            0.027064882218837738,
            14.925070762634277
        ],
        [
            0.012285091914236546,
            18.837696075439453
        ],
        [
            0.056308381259441376,
            22.601720809936523
        ]
    ]
}