{
    "speed": 5.179022836463005,
    "steer": -0.001771305687725544,
    "throttle": 0.0,
    "brake": 0.0,
    "wp_4": [
        -0.07671095430850983,
        15.215147972106934
    ],
    "wp_3": [
        -0.045261185616254807,
        11.27702522277832
    ],
    "wp_2": [
        -0.009105578996241093,
        7.4138288497924805
    ],
    "wp_1": [
        -0.010670183226466179,
        3.587412118911743
    ],
    "aim": [
        -0.010670183226466179,
        3.587412118911743
    ],
    "target": [
        -0.36563340810375,
        22.77077101935731
    ],
    "desired_speed": 7.705000114440919,
    "angle": -0.0018935080474442824,
    "angle_last": -0.0008324761053781903,
    "angle_target": -0.010221413004433796,
    "angle_final": -0.0018935080474442824,
    "delta": 0.25,
    "agent": "only_traj",
    "steer_traj": -0.0017713056463923606,
    "throttle_traj": 0.0,
    "brake_traj": 0.0,
    "plan": [
        [
            -0.010670183226466179,
            3.587412118911743
        ],
        [
            -0.009105578996241093,
            7.4138288497924805
        ],
        [
            -0.045261185616254807,
            11.27702522277832
        ],
        [
            -0.07671095430850983,
            15.215147972106934
        ],
        [
            -0.13411852717399597,
            19.118730545043945
        ],
        [
            -0.13899685442447662,
            22.849191665649414
        ]
    ]
}