{
    "speed": 4.997122239025313,
    "steer": 0.0023681982420384884,
    "throttle": 0.75,
    "brake": 0.0,
    "wp_4": [
        0.09974808245897293,
        14.478571891784668
    ],
    "wp_3": [
        0.1048111766576767,
        10.60190486907959
    ],
    "wp_2": [
        0.07321193069219589,
        6.821967124938965
    ],
    "wp_1": [
        0.01307104341685772,
        3.188955545425415
    ],
    "aim": [
        0.01307104341685772,
        3.188955545425415
    ],
    "target": [
        -1.0294553982025827,
        18.689945282122153
    ],
    "desired_speed": 7.578136157989502,
    "angle": 0.002609407999372791,
    "angle_last": -0.014882782356020642,
    "angle_target": -0.03503006998240985,
    "angle_final": 0.002609407999372791,
    "delta": 0.25,
    "agent": "only_traj",
    "steer_traj": 0.0023681983550314072,
    "throttle_traj": 0.75,
    "brake_traj": 0.0,
    "plan": [
        [
            0.01307104341685772,
            3.188955545425415
        ],
        [
            0.07321193069219589,
            6.821967124938965
        ],
        [
            0.1048111766576767,
            10.60190486907959
        ],
        [
            0.09974808245897293,
            14.478571891784668
        ],
        [
            0.33620506525039673,
            18.345325469970703
        ],
        [
            0.2478189319372177,
            22.12540626525879
        ]
    ]
}