{
    "speed": 5.004754449633808,
    "steer": 0.016460372135043144,
    "throttle": 0.0,
    "brake": 0.0,
    "wp_4": [
        0.17889295518398285,
        15.074813842773438
    ],
    "wp_3": [
        -0.6156965494155884,
        11.104681968688965
    ],
    "wp_2": [
        0.0014216150157153606,
        6.700850963592529
    ],
    "wp_1": [
        0.2557966113090515,
        3.214878797531128
    ],
    "aim": [
        0.2557966113090515,
        3.214878797531128
    ],
    "target": [
        0.4364644457741855,
        12.492014228615545
    ],
    "desired_speed": 7.985654640197754,
    "angle": 0.05054709068910728,
    "angle_last": 0.027352375395670207,
    "angle_target": 0.02223411737779288,
    "angle_final": 0.02223411737779288,
    "delta": 0.25,
    "agent": "only_traj",
    "steer_traj": 0.016460372857989163,
    "throttle_traj": 0.0,
    "brake_traj": 0.0,
    "plan": [
        [
            0.2557966113090515,
            3.214878797531128
        ],
        [
            0.0014216150157153606,
            6.700850963592529
        ],
        [
            -0.6156965494155884,
            11.104681968688965
        ],
        [
            0.17889295518398285,
            15.074813842773438
        ],
        [
            0.2994115948677063,
            19.102867126464844
        ],
        [
            0.4687838852405548,
            23.04254150390625
        ]
    ]
}