{
    "speed": 4.871422124741536,
    "steer": 0.004568477161228657,
    "throttle": 0.75,
    "brake": 0.0,
    "wp_4": [
        -0.06786677241325378,
        13.807153701782227
    ],
    "wp_3": [
        -0.003445308655500412,
        9.922911643981934
    ],
    "wp_2": [
        -0.0006786737940274179,
        6.136662006378174
    ],
    "wp_1": [
        0.01340516097843647,
        2.676405906677246
    ],
    "aim": [
        0.01340516097843647,
        2.676405906677246
    ],
    "target": [
        -0.09811298577040736,
        10.100255379588171
    ],
    "desired_speed": 7.4984375,
    "angle": 0.003188608040989872,
    "angle_last": 0.008052916985891397,
    "angle_target": -0.006183873558997842,
    "angle_final": 0.003188608040989872,
    "delta": 0.25,
    "agent": "only_traj",
    "steer_traj": 0.004568477019286513,
    "throttle_traj": 0.75,
    "brake_traj": 0.0,
    "plan": [
        [
            0.01340516097843647,
            2.676405906677246
        ],
        [
            -0.0006786737940274179,
            6.136662006378174
        ],
        [
            -0.003445308655500412,
            9.922911643981934
        ],
        [
            -0.06786677241325378,
            13.807153701782227
        ],
        [
            -0.0694299191236496,
            17.759984970092773
        ],
        [
            -0.02310945838689804,
            21.421642303466797
        ]
    ]
}