{
    "speed": 4.779730453870914,
    "steer": 0.00380608718842268,
    "throttle": 0.75,
    "brake": 0.0,
    "wp_4": [
        0.0842200517654419,
        13.881248474121094
    ],
    "wp_3": [
        0.12217402458190918,
        10.157161712646484
    ],
    "wp_2": [
        0.10143665224313736,
        6.425264358520508
    ],
    "wp_1": [
        0.006337468978017569,
        2.9627022743225098
    ],
    "aim": [
        0.006337468978017569,
        2.9627022743225098
    ],
    "target": [
        -0.7778985281747754,
        51.301465784156434
    ],
    "desired_speed": 7.080785655975342,
    "angle": 0.001361760110983795,
    "angle_last": 0.013940767723414722,
    "angle_target": -0.009652504595532215,
    "angle_final": 0.001361760110983795,
    "delta": 0.25,
    "agent": "only_traj",
    "steer_traj": 0.0038060872605491635,
    "throttle_traj": 0.75,
    "brake_traj": 0.0,
    "plan": [
        [
            0.006337468978017569,
            2.9627022743225098
        ],
        [
            0.10143665224313736,
            6.425264358520508
        ],
        [
            0.12217402458190918,
            10.157161712646484
        ],
        [
            0.0842200517654419,
            13.881248474121094
        ],
        [
            0.12341119349002838,
            17.482742309570312
        ],
        [
            0.19304487109184265,
            20.662134170532227
        ]
    ]
}