{
    "speed": 4.946952859646058,
    "steer": -0.0011368324048817158,
    "throttle": 0.75,
    "brake": 0.0,
    "wp_4": [
        -0.038150057196617126,
        14.606940269470215
    ],
    "wp_3": [
        -0.012027244083583355,
        10.728070259094238
    ],
    "wp_2": [
        0.00010454654693603516,
        6.978170394897461
    ],
    "wp_1": [
        0.002545612398535013,
        3.2978711128234863
    ],
    "aim": [
        0.002545612398535013,
        3.2978711128234863
    ],
    "target": [
        0.26540360506993,
        37.96513008268624
    ],
    "desired_speed": 7.732632255554199,
    "angle": 0.0004913663377518366,
    "angle_last": 0.0071431357884456995,
    "angle_target": 0.004450358262190257,
    "angle_final": 0.0004913663377518366,
    "delta": 0.25,
    "agent": "only_traj",
    "steer_traj": -0.0011368323985908382,
    "throttle_traj": 0.75,
    "brake_traj": 0.0,
    "plan": [
        [
            0.002545612398535013,
            3.2978711128234863
        ],
        [
            0.00010454654693603516,
            6.978170394897461
        ],
        [
            -0.012027244083583355,
            10.728070259094238
        ],
        [
            -0.038150057196617126,
            14.606940269470215
        ],
        [
            -0.058887988328933716,
            18.64492416381836
        ],
        [
            -0.014182806015014648,
            22.629039764404297
        ]
    ]
}