{
    "speed": 4.517718146022846,
    "steer": 0.0006960358587093651,
    "throttle": 0.0,
    "brake": 0.0,
    "wp_4": [
        0.011881764978170395,
        11.695412635803223
    ],
    "wp_3": [
        -0.0015071621164679527,
        9.53996467590332
    ],
    "wp_2": [
        -0.01596144214272499,
        6.570918560028076
    ],
    "wp_1": [
        -0.0034317667596042156,
        3.2691423892974854
    ],
    "aim": [
        -0.0034317667596042156,
        3.2691423892974854
    ],
    "target": [
        -0.3217288479304993,
        20.13679890498596
    ],
    "desired_speed": 4.278772974014282,
    "angle": -0.0006682480013347727,
    "angle_last": -0.04458408763479342,
    "angle_target": -0.01017051029561379,
    "angle_final": -0.0006682480013347727,
    "delta": 0.0,
    "agent": "only_traj",
    "steer_traj": 0.0006960358838042642,
    "throttle_traj": 0.0,
    "brake_traj": 0.0,
    "plan": [
        [
            -0.0034317667596042156,
            3.2691423892974854
        ],
        [
            -0.01596144214272499,
            6.570918560028076
        ],
        [
            -0.0015071621164679527,
            9.53996467590332
        ],
        [
            0.011881764978170395,
            11.695412635803223
        ],
        [
            0.028202291578054428,
            13.142786979675293
        ],
        [
            -0.029394041746854782,
            13.96386432647705
        ]
    ]
}