{
    "speed": 4.837315913894538,
    "steer": -0.003384451614692807,
    "throttle": 0.75,
    "brake": 0.0,
    "wp_4": [
        0.034997131675481796,
        13.30265998840332
    ],
    "wp_3": [
        0.024512292817234993,
        10.613299369812012
    ],
    "wp_2": [
        0.008392607793211937,
        7.104605197906494
    ],
    "wp_1": [
        -0.024652397260069847,
        3.4822874069213867
    ],
    "aim": [
        -0.024652397260069847,
        3.4822874069213867
    ],
    "target": [
        -1.023227881003251,
        18.143246477025826
    ],
    "desired_speed": 5.006491756439209,
    "angle": -0.004506738423891161,
    "angle_last": -0.008455574347038643,
    "angle_target": -0.035865564946070246,
    "angle_final": -0.004506738423891161,
    "delta": 0.16917584254467055,
    "agent": "only_traj",
    "steer_traj": -0.0033844517055749744,
    "throttle_traj": 0.75,
    "brake_traj": 0.0,
    "plan": [
        [
            -0.024652397260069847,
            3.4822874069213867
        ],
        [
            0.008392607793211937,
            7.104605197906494
        ],
        [
            0.024512292817234993,
            10.613299369812012
        ],
        [
            0.034997131675481796,
            13.30265998840332
        ],
        [
            0.05643213912844658,
            15.056073188781738
        ],
        [
            0.04391941428184509,
            15.99809455871582
        ]
    ]
}