{
    "speed": 2.0015569872312104,
    "steer": -0.027812423184514046,
    "throttle": 0.0,
    "brake": 0.0,
    "wp_4": [
        -0.11846445500850677,
        2.5384435653686523
    ],
    "wp_3": [
        -0.024241063743829727,
        1.608989953994751
    ],
    "wp_2": [
        0.0037243920378386974,
        0.8270447254180908
    ],
    "wp_1": [
        -0.005232112016528845,
        0.37433046102523804
    ],
    "aim": [
        -0.149586483836174,
        3.697495937347412
    ],
    "target": [
        -0.6595362265385005,
        13.412062265885776
    ],
    "desired_speed": 1.8883683919906618,
    "angle": -0.0257411135345438,
    "angle_last": -0.007361150369030267,
    "angle_target": -0.03128048787054498,
    "angle_final": -0.0257411135345438,
    "delta": 0.0,
    "agent": "only_traj",
    "steer_traj": -0.0278124228598417,
    "throttle_traj": 0.0,
    "brake_traj": 0.0,
    "plan": [
        [
            -0.005232112016528845,
            0.37433046102523804
        ],
        [
            0.0037243920378386974,
            0.8270447254180908
        ],
        [
            -0.024241063743829727,
            1.608989953994751
        ],
        [
            -0.11846445500850677,
            2.5384435653686523
        ],
        [
            -0.149586483836174,
            3.697495937347412
        ],
        [
            -0.16568152606487274,
            5.089388370513916
        ]
    ]
}