{
    "speed": 4.9903664104645555,
    "steer": 0.001715991529636085,
    "throttle": 0.75,
    "brake": 0.0,
    "wp_4": [
        0.13639013469219208,
        14.023603439331055
    ],
    "wp_3": [
        0.11485053598880768,
        10.481969833374023
    ],
    "wp_2": [
        0.07021231949329376,
        6.754252910614014
    ],
    "wp_1": [
        0.013218225911259651,
        3.206638813018799
    ],
    "aim": [
        0.013218225911259651,
        3.206638813018799
    ],
    "target": [
        -0.22334785905564952,
        5.295210071842622
    ],
    "desired_speed": 6.6240133285522464,
    "angle": 0.002624206742574485,
    "angle_last": 0.028296535211938298,
    "angle_target": -0.02683622174520108,
    "angle_final": 0.002624206742574485,
    "delta": 0.25,
    "agent": "only_traj",
    "steer_traj": 0.001715991568840941,
    "throttle_traj": 0.75,
    "brake_traj": 0.0,
    "plan": [
        [
            0.013218225911259651,
            3.206638813018799
        ],
        [
            0.07021231949329376,
            6.754252910614014
        ],
        [
            0.11485053598880768,
            10.481969833374023
        ],
        [
            0.13639013469219208,
            14.023603439331055
        ],
        [
            0.21166186034679413,
            17.158525466918945
        ],
        [
            0.3274754285812378,
            19.76240348815918
        ]
    ]
}