{
    "speed": 4.736821952195967,
    "steer": -0.3930615186691284,
    "throttle": 0.75,
    "brake": 0.0,
    "wp_4": [
        0.20051178336143494,
        14.121664047241211
    ],
    "wp_3": [
        0.1563206911087036,
        10.385836601257324
    ],
    "wp_2": [
        0.0809161514043808,
        6.706172466278076
    ],
    "wp_1": [
        0.028408529236912727,
        3.154820442199707
    ],
    "aim": [
        0.028408529236912727,
        3.154820442199707
    ],
    "target": [
        -0.9102798354589441,
        1.1842530073205375
    ],
    "desired_speed": 7.318855857849121,
    "angle": 0.005732474051865733,
    "angle_last": 0.029147425000540336,
    "angle_target": -0.41719772277621164,
    "angle_final": -0.41719772277621164,
    "delta": 0.25,
    "agent": "only_traj",
    "steer_traj": -0.39306151847181314,
    "throttle_traj": 0.75,
    "brake_traj": 0.0,
    "plan": [
        [
            0.028408529236912727,
            3.154820442199707
        ],
        [
            0.0809161514043808,
            6.706172466278076
        ],
        [
            0.1563206911087036,
            10.385836601257324
        ],
        [
            0.20051178336143494,
            14.121664047241211
        ],
        [
            0.290494441986084,
            17.85723876953125
        ],
        [
            0.45490553975105286,
            21.445690155029297
        ]
    ]
}