{
    "speed": 1.563284986124116,
    "steer": -0.003119192086160183,
    "throttle": 0.75,
    "brake": 0.0,
    "wp_4": [
        -0.05592990666627884,
        10.523433685302734
    ],
    "wp_3": [
        -0.024644363671541214,
        6.863042831420898
    ],
    "wp_2": [
        -0.009899313561618328,
        3.704497814178467
    ],
    "wp_1": [
        -0.0012535052374005318,
        1.3502895832061768
    ],
    "aim": [
        -0.009899313561618328,
        3.704497814178467
    ],
    "target": [
        -0.16771626755191948,
        52.28657943237464
    ],
    "desired_speed": 6.902281856536865,
    "angle": -0.0017012002768130345,
    "angle_last": -0.007670557938431845,
    "angle_target": -0.002042036925052858,
    "angle_final": -0.0017012002768130345,
    "delta": 0.25,
    "agent": "only_traj",
    "steer_traj": -0.0031191921763562467,
    "throttle_traj": 0.75,
    "brake_traj": 0.0,
    "plan": [
        [
            -0.0012535052374005318,
            1.3502895832061768
        ],
        [
            -0.009899313561618328,
            3.704497814178467
        ],
        [
            -0.024644363671541214,
            6.863042831420898
        ],
        [
            -0.05592990666627884,
            10.523433685302734
        ],
        [
            -0.08625733852386475,
            14.520936965942383
        ],
        [
            -0.13547299802303314,
            18.605398178100586
        ]
    ],
    "command": 3,
    "all_plan": [
        [
            [
                0.044106461107730865,
                2.1176908016204834
            ],
            [
                -0.04157647490501404,
                4.869716644287109
            ],
            [
                -0.10581964254379272,
                7.932547092437744
            ],
            [
                -0.3439677059650421,
                10.85258960723877
            ],
            [
                -0.5629764199256897,
                13.33398723602295
            ],
            [
                -0.7870274186134338,
                15.483573913574219
            ]
        ],
        [
            [
                0.08591239899396896,
                2.2663280963897705
            ],
            [
                0.08857198059558868,
                5.425614356994629
            ],
            [
                0.3076607584953308,
                7.929963111877441
            ],
            [
                0.8672371506690979,
                10.164648056030273
            ],
            [
                1.6595239639282227,
                12.178976058959961
            ],
            [
                2.6099343299865723,
                14.005555152893066
            ]
        ],
        [
            [
                -0.01802361011505127,
                1.5887861251831055
            ],
            [
                -0.04997090995311737,
                4.040255546569824
            ],
            [
                -0.06832219660282135,
                7.267688751220703
            ],
            [
                -0.06919581443071365,
                11.199711799621582
            ],
            [
                -0.068018838763237,
                15.821508407592773
            ],
            [
                -0.09628266096115112,
                20.741851806640625
            ]
        ],
        [
            [
                -0.0012535052374005318,
                1.3502895832061768
            ],
            [
                -0.009899313561618328,
                3.704497814178467
            ],
            [
                -0.024644363671541214,
                6.863042831420898
            ],
            [
                -0.05592990666627884,
                10.523433685302734
            ],
            [
                -0.08625733852386475,
                14.520936965942383
            ],
            [
                -0.13547299802303314,
                18.605398178100586
            ]
        ],
        [
            [
                0.08956407010555267,
                0.9677797555923462
            ],
            [
                0.07942981272935867,
                2.568307876586914
            ],
            [
                0.02058561146259308,
                4.584817886352539
            ],
            [
                -0.0021783001720905304,
                7.317988395690918
            ],
            [
                -0.048938799649477005,
                10.574951171875
            ],
            [
                0.0030752085149288177,
                14.40562629699707
            ]
        ],
        [
            [
                0.1424850970506668,
                1.197369933128357
            ],
            [
                0.20866532623767853,
                3.075188636779785
            ],
            [
                0.2903376519680023,
                5.500826835632324
            ],
            [
                0.25833818316459656,
                8.5642671585083
            ],
            [
                0.10114173591136932,
                12.239036560058594
            ],
            [
                -0.14298193156719208,
                16.43285369873047
            ]
        ]
    ]
}