{
    "speed": 3.2043774483250287,
    "steer": -0.0011429478181526065,
    "throttle": 0.75,
    "brake": 0.0,
    "wp_4": [
        -0.03544013947248459,
        13.180364608764648
    ],
    "wp_3": [
        -0.019028831273317337,
        9.254619598388672
    ],
    "wp_2": [
        -0.007359023205935955,
        5.573664665222168
    ],
    "wp_1": [
        -0.003021043725311756,
        2.371724843978882
    ],
    "aim": [
        -0.003021043725311756,
        2.371724843978882
    ],
    "target": [
        0.5053171265544912,
        52.361532701197184
    ],
    "desired_speed": 7.642261028289795,
    "angle": -0.0008109230639972611,
    "angle_last": -0.002741893433350644,
    "angle_target": 0.006143534599671068,
    "angle_final": -0.0008109230639972611,
    "delta": 0.25,
    "agent": "only_traj",
    "steer_traj": -0.0011429477730228,
    "throttle_traj": 0.75,
    "brake_traj": 0.0,
    "plan": [
        [
            -0.003021043725311756,
            2.371724843978882
        ],
        [
            -0.007359023205935955,
            5.573664665222168
        ],
        [
            -0.019028831273317337,
            9.254619598388672
        ],
        [
            -0.03544013947248459,
            13.180364608764648
        ],
        [
            -0.057809147983789444,
            17.324113845825195
        ],
        [
            -0.0756964311003685,
            21.477222442626953
        ]
    ],
    "command": 3,
    "all_plan": [
        [
            [
                0.05406409502029419,
                2.9126791954040527
            ],
            [
                -0.05135050415992737,
                6.137790203094482
            ],
            [
                -0.18328526616096497,
                9.513254165649414
            ],
            [
                -0.49967092275619507,
                12.762248992919922
            ],
            [
                -0.8504082560539246,
                15.726966857910156
            ],
            [
                -1.2826123237609863,
                18.39330291748047
            ]
        ],
        [
            [
                0.23645134270191193,
                2.684584617614746
            ],
            [
                0.42560261487960815,
                5.899863243103027
            ],
            [
                1.0753265619277954,
                8.547285079956055
            ],
            [
                2.2026472091674805,
                10.946672439575195
            ],
            [
                3.4300546646118164,
                13.205446243286133
            ],
            [
                4.634021759033203,
                15.40869426727295
            ]
        ],
        [
            [
                0.017098546028137207,
                2.6642370223999023
            ],
            [
                0.013924771919846535,
                5.903389930725098
            ],
            [
                -0.00325564481317997,
                9.597091674804688
            ],
            [
                0.005580037832260132,
                13.713224411010742
            ],
            [
                0.01289458479732275,
                18.168350219726562
            ],
            [
                0.031017359346151352,
                22.780324935913086
            ]
        ],
        [
            [
                -0.003021043725311756,
                2.371724843978882
            ],
            [
                -0.007359023205935955,
                5.573664665222168
            ],
            [
                -0.019028831273317337,
                9.254619598388672
            ],
            [
                -0.03544013947248459,
                13.180364608764648
            ],
            [
                -0.057809147983789444,
                17.324113845825195
            ],
            [
                -0.0756964311003685,
                21.477222442626953
            ]
        ],
        [
            [
                0.043885186314582825,
                1.94185209274292
            ],
            [
                0.007189035415649414,
                4.51648473739624
            ],
            [
                -0.07007776945829391,
                7.446418285369873
            ],
            [
                -0.10711963474750519,
                11.096031188964844
            ],
            [
                -0.1679530143737793,
                15.216419219970703
            ],
            [
                -0.1204855665564537,
                19.72576141357422
            ]
        ],
        [
            [
                0.2535882592201233,
                2.3672008514404297
            ],
            [
                0.35425540804862976,
                4.988476753234863
            ],
            [
                0.5231181383132935,
                7.877372741699219
            ],
            [
                0.5288419127464294,
                11.233476638793945
            ],
            [
                0.4402666687965393,
                15.033329010009766
            ],
            [
                0.33244216442108154,
                19.169153213500977
            ]
        ]
    ]
}