{
    "speed": 5.294994437029692,
    "steer": -0.0015685849357396364,
    "throttle": 0.75,
    "brake": 0.0,
    "wp_4": [
        -0.021009614691138268,
        14.432538986206055
    ],
    "wp_3": [
        -0.007978278212249279,
        10.4544038772583
    ],
    "wp_2": [
        -0.002910907380282879,
        6.599321365356445
    ],
    "wp_1": [
        -0.004270692355930805,
        2.9993128776550293
    ],
    "aim": [
        -0.004270692355930805,
        2.9993128776550293
    ],
    "target": [
        0.6832189961177674,
        50.501364535302514
    ],
    "desired_speed": 7.840343856811523,
    "angle": -0.0009064698213866618,
    "angle_last": -0.0007685000001524042,
    "angle_target": 0.008612127471915941,
    "angle_final": -0.0009064698213866618,
    "delta": 0.25,
    "agent": "only_traj",
    "steer_traj": -0.0015685849662977428,
    "throttle_traj": 0.75,
    "brake_traj": 0.0,
    "plan": [
        [
            -0.004270692355930805,
            2.9993128776550293
        ],
        [
            -0.002910907380282879,
            6.599321365356445
        ],
        [
            -0.007978278212249279,
            10.4544038772583
        ],
        [
            -0.021009614691138268,
            14.432538986206055
        ],
        [
            -0.03776291012763977,
            18.541030883789062
        ],
        [
            -0.04266294091939926,
            22.60011100769043
        ]
    ],
    "command": 3,
    "all_plan": [
        [
            [
                0.04466724395751953,
                3.350497007369995
            ],
            [
                -0.06049482524394989,
                6.771944046020508
            ],
            [
                -0.21141837537288666,
                10.252861976623535
            ],
            [
                -0.5528258085250854,
                13.601980209350586
            ],
            [
                -0.9447258710861206,
                16.791236877441406
            ],
            [
                -1.4536306858062744,
                19.70136833190918
            ]
        ],
        [
            [
                0.33712464570999146,
                2.889045238494873
            ],
            [
                0.6698004603385925,
                6.011307239532471
            ],
            [
                1.5894391536712646,
                8.656928062438965
            ],
            [
                3.0604512691497803,
                11.106067657470703
            ],
            [
                4.549379825592041,
                13.485472679138184
            ],
            [
                5.903944492340088,
                15.845378875732422
            ]
        ],
        [
            [
                0.025448709726333618,
                3.270984172821045
            ],
            [
                0.020583348348736763,
                6.922442436218262
            ],
            [
                0.012896074913442135,
                10.796598434448242
            ],
            [
                0.030614718794822693,
                14.901327133178711
            ],
            [
                0.04176415503025055,
                19.14240264892578
            ],
            [
                0.0784674882888794,
                23.453819274902344
            ]
        ],
        [
            [
                -0.004270692355930805,
                2.9993128776550293
            ],
            [
                -0.002910907380282879,
                6.599321365356445
            ],
            [
                -0.007978278212249279,
                10.4544038772583
            ],
            [
                -0.021009614691138268,
                14.432538986206055
            ],
            [
                -0.03776291012763977,
                18.541030883789062
            ],
            [
                -0.04266294091939926,
                22.60011100769043
            ]
        ],
        [
            [
                0.006143659353256226,
                2.504828453063965
            ],
            [
                -0.050037845969200134,
                5.591294288635254
            ],
            [
                -0.1355443298816681,
                9.01019287109375
            ],
            [
                -0.20224624872207642,
                13.109933853149414
            ],
            [
                -0.2934364080429077,
                17.6557559967041
            ],
            [
                -0.2789013683795929,
                22.466928482055664
            ]
        ],
        [
            [
                0.29748964309692383,
                3.0336883068084717
            ],
            [
                0.4064285159111023,
                6.053152561187744
            ],
            [
                0.6108514070510864,
                9.176544189453125
            ],
            [
                0.636799156665802,
                12.63829517364502
            ],
            [
                0.5809146165847778,
                16.402362823486328
            ],
            [
                0.5455635190010071,
                20.385581970214844
            ]
        ]
    ]
}