{
    "speed": 6.64649415093954,
    "steer": -0.002387039363384247,
    "throttle": 0.75,
    "brake": 0.0,
    "wp_4": [
        -0.08550628274679184,
        14.861263275146484
    ],
    "wp_3": [
        -0.05017368867993355,
        10.880630493164062
    ],
    "wp_2": [
        -0.025983896106481552,
        7.002778053283691
    ],
    "wp_1": [
        -0.008704815991222858,
        3.2717771530151367
    ],
    "aim": [
        -0.008704815991222858,
        3.2717771530151367
    ],
    "target": [
        -0.3145788182787463,
        47.77212140592279
    ],
    "desired_speed": 7.862254047393798,
    "angle": -0.0016937629597167981,
    "angle_last": -0.004092070050280608,
    "angle_target": -0.004192072598019572,
    "angle_final": -0.0016937629597167981,
    "delta": 0.25,
    "agent": "only_traj",
    "steer_traj": -0.002387039299050572,
    "throttle_traj": 0.75,
    "brake_traj": 0.0,
    "plan": [
        [
            -0.008704815991222858,
            3.2717771530151367
        ],
        [
            -0.025983896106481552,
            7.002778053283691
        ],
        [
            -0.05017368867993355,
            10.880630493164062
        ],
        [
            -0.08550628274679184,
            14.861263275146484
        ],
        [
            -0.1264282613992691,
            18.925247192382812
        ],
        [
            -0.1521502435207367,
            22.926851272583008
        ]
    ],
    "command": 3,
    "all_plan": [
        [
            [
                0.043036505579948425,
                3.5206139087677
            ],
            [
                -0.07285602390766144,
                7.021966934204102
            ],
            [
                -0.2232644259929657,
                10.544601440429688
            ],
            [
                -0.5399591326713562,
                13.925822257995605
            ],
            [
                -0.9349969625473022,
                17.243371963500977
            ],
            [
                -1.4400594234466553,
                20.304237365722656
            ]
        ],
        [
            [
                0.3946489691734314,
                2.9372575283050537
            ],
            [
                0.8177571892738342,
                5.954162120819092
            ],
            [
                1.8940773010253906,
                8.54198932647705
            ],
            [
                3.5680484771728516,
                10.972053527832031
            ],
            [
                5.1859846115112305,
                13.379485130310059
            ],
            [
                6.60343074798584,
                15.802610397338867
            ]
        ],
        [
            [
                0.02122373878955841,
                3.5207786560058594
            ],
            [
                0.00018454529345035553,
                7.3211469650268555
            ],
            [
                -0.026401305571198463,
                11.234030723571777
            ],
            [
                -0.030204296112060547,
                15.272093772888184
            ],
            [
                -0.04925815761089325,
                19.38435173034668
            ],
            [
                -0.04201048985123634,
                23.539987564086914
            ]
        ],
        [
            [
                -0.008704815991222858,
                3.2717771530151367
            ],
            [
                -0.025983896106481552,
                7.002778053283691
            ],
            [
                -0.05017368867993355,
                10.880630493164062
            ],
            [
                -0.08550628274679184,
                14.861263275146484
            ],
            [
                -0.1264282613992691,
                18.925247192382812
            ],
            [
                -0.1521502435207367,
                22.926851272583008
            ]
        ],
        [
            [
                -0.006445467472076416,
                2.7574760913848877
            ],
            [
                -0.08679521828889847,
                6.034786701202393
            ],
            [
                -0.21531230211257935,
                9.637857437133789
            ],
            [
                -0.33571115136146545,
                13.899776458740234
            ],
            [
                -0.4692612886428833,
                18.59854507446289
            ],
            [
                -0.5236057043075562,
                23.522377014160156
            ]
        ],
        [
            [
                0.3298484683036804,
                3.315114736557007
            ],
            [
                0.4387030005455017,
                6.4918012619018555
            ],
            [
                0.6233744025230408,
                9.714742660522461
            ],
            [
                0.6191631555557251,
                13.220285415649414
            ],
            [
                0.5492932796478271,
                16.96739959716797
            ],
            [
                0.5123029351234436,
                20.879745483398438
            ]
        ]
    ]
}