{
    "speed": 8.237839307188452,
    "steer": -0.0021404235158115625,
    "throttle": 0.10900168865919113,
    "brake": 0.0,
    "wp_4": [
        -0.07325234264135361,
        15.73312759399414
    ],
    "wp_3": [
        -0.04615547135472298,
        11.75192642211914
    ],
    "wp_2": [
        -0.028790723532438278,
        7.817239761352539
    ],
    "wp_1": [
        -0.013338600285351276,
        3.868849277496338
    ],
    "aim": [
        -0.013338600285351276,
        3.868849277496338
    ],
    "target": [
        0.8027530260355489,
        43.32716370669568
    ],
    "desired_speed": 7.9463197708129885,
    "angle": -0.0021948711718234003,
    "angle_last": -0.004178509888776659,
    "angle_target": 0.01179375569841925,
    "angle_final": -0.0021948711718234003,
    "delta": 0.0,
    "agent": "only_traj",
    "steer_traj": -0.0021404235319303242,
    "throttle_traj": 0.10900169199029412,
    "brake_traj": 0.0,
    "plan": [
        [
            -0.013338600285351276,
            3.868849277496338
        ],
        [
            -0.028790723532438278,
            7.817239761352539
        ],
        [
            -0.04615547135472298,
            11.75192642211914
        ],
        [
            -0.07325234264135361,
            15.73312759399414
        ],
        [
            -0.10643859207630157,
            19.74114990234375
        ],
        [
            -0.13264834880828857,
            23.734264373779297
        ]
    ],
    "command": 3,
    "all_plan": [
        [
            [
                0.05306228995323181,
                3.8097729682922363
            ],
            [
                -0.07557493448257446,
                7.459200859069824
            ],
            [
                -0.2361059933900833,
                11.088979721069336
            ],
            [
                -0.5082029700279236,
                14.592036247253418
            ],
            [
                -0.9041240215301514,
                18.19886016845703
            ],
            [
                -1.4117615222930908,
                21.618526458740234
            ]
        ],
        [
            [
                0.49624955654144287,
                3.0921449661254883
            ],
            [
                1.0691959857940674,
                6.042482376098633
            ],
            [
                2.404975414276123,
                8.665307998657227
            ],
            [
                4.349938869476318,
                11.27022647857666
            ],
            [
                6.092371940612793,
                13.877477645874023
            ],
            [
                7.505809783935547,
                16.611122131347656
            ]
        ],
        [
            [
                0.010707571171224117,
                3.997056245803833
            ],
            [
                -0.0150142228230834,
                8.045650482177734
            ],
            [
                -0.030589276924729347,
                12.02837085723877
            ],
            [
                -0.05101253092288971,
                15.995705604553223
            ],
            [
                -0.05876906216144562,
                19.958480834960938
            ],
            [
                -0.056772682815790176,
                23.96457290649414
            ]
        ],
        [
            [
                -0.013338600285351276,
                3.868849277496338
            ],
            [
                -0.028790723532438278,
                7.817239761352539
            ],
            [
                -0.04615547135472298,
                11.75192642211914
            ],
            [
                -0.07325234264135361,
                15.73312759399414
            ],
            [
                -0.10643859207630157,
                19.74114990234375
            ],
            [
                -0.13264834880828857,
                23.734264373779297
            ]
        ],
        [
            [
                -0.031612738966941833,
                3.240561008453369
            ],
            [
                -0.1492542028427124,
                6.913155555725098
            ],
            [
                -0.3295809328556061,
                10.860773086547852
            ],
            [
                -0.48423880338668823,
                15.462608337402344
            ],
            [
                -0.6544798612594604,
                20.506725311279297
            ],
            [
                -0.782974362373352,
                25.7032413482666
            ]
        ],
        [
            [
                0.4155595898628235,
                3.8623926639556885
            ],
            [
                0.5250576138496399,
                7.404749870300293
            ],
            [
                0.706950843334198,
                10.852313995361328
            ],
            [
                0.7446423172950745,
                14.464310646057129
            ],
            [
                0.7061014771461487,
                18.225263595581055
            ],
            [
                0.719221293926239,
                22.098115921020508
            ]
        ]
    ]
}