{
    "speed": 7.694830444423179,
    "steer": -0.005150082055479288,
    "throttle": 0.75,
    "brake": 0.0,
    "wp_4": [
        -0.22126314043998718,
        15.960391998291016
    ],
    "wp_3": [
        -0.14572864770889282,
        11.926612854003906
    ],
    "wp_2": [
        -0.07832135260105133,
        7.936809539794922
    ],
    "wp_1": [
        -0.029994282871484756,
        3.9384982585906982
    ],
    "aim": [
        -0.029994282871484756,
        3.9384982585906982
    ],
    "target": [
        -0.5920593843854105,
        39.56106330867459
    ],
    "desired_speed": 8.062732315063476,
    "angle": -0.00484817199140102,
    "angle_last": -0.012666385970351505,
    "angle_target": -0.009526755428716479,
    "angle_final": -0.00484817199140102,
    "delta": 0.25,
    "agent": "only_traj",
    "steer_traj": -0.005150082027466083,
    "throttle_traj": 0.75,
    "brake_traj": 0.0,
    "plan": [
        [
            -0.029994282871484756,
            3.9384982585906982
        ],
        [
            -0.07832135260105133,
            7.936809539794922
        ],
        [
            -0.14572864770889282,
            11.926612854003906
        ],
        [
            -0.22126314043998718,
            15.960391998291016
        ],
        [
            -0.3023228347301483,
            20.031652450561523
        ],
        [
            -0.38312265276908875,
            24.09214973449707
        ]
    ],
    "command": 3,
    "all_plan": [
        [
            [
                0.0410597026348114,
                3.879088878631592
            ],
            [
                -0.11441385746002197,
                7.5996503829956055
            ],
            [
                -0.31391072273254395,
                11.299051284790039
            ],
            [
                -0.6133596897125244,
                14.871524810791016
            ],
            [
                -1.0256998538970947,
                18.55234718322754
            ],
            [
                -1.5401400327682495,
                22.063861846923828
            ]
        ],
        [
            [
                0.5249515771865845,
                3.100301504135132
            ],
            [
                1.1163318157196045,
                6.037014484405518
            ],
            [
                2.4983937740325928,
                8.624958038330078
            ],
            [
                4.529125690460205,
                11.197747230529785
            ],
            [
                6.332225799560547,
                13.788301467895508
            ],
            [
                7.83160400390625,
                16.50326156616211
            ]
        ],
        [
            [
                -0.009123996831476688,
                4.062373161315918
            ],
            [
                -0.055702872574329376,
                8.172103881835938
            ],
            [
                -0.10740633308887482,
                12.192378997802734
            ],
            [
                -0.16943278908729553,
                16.18022918701172
            ],
            [
                -0.22824221849441528,
                20.16611099243164
            ],
            [
                -0.2853556275367737,
                24.190584182739258
            ]
        ],
        [
            [
                -0.029994282871484756,
                3.9384982585906982
            ],
            [
                -0.07832135260105133,
                7.936809539794922
            ],
            [
                -0.14572864770889282,
                11.926612854003906
            ],
            [
                -0.22126314043998718,
                15.960391998291016
            ],
            [
                -0.3023228347301483,
                20.031652450561523
            ],
            [
                -0.38312265276908875,
                24.09214973449707
            ]
        ],
        [
            [
                -0.03244791924953461,
                3.314213752746582
            ],
            [
                -0.19631367921829224,
                7.024226665496826
            ],
            [
                -0.43948695063591003,
                11.034513473510742
            ],
            [
                -0.6531846523284912,
                15.69364070892334
            ],
            [
                -0.8753364682197571,
                20.78974151611328
            ],
            [
                -1.0647127628326416,
                26.05390167236328
            ]
        ],
        [
            [
                0.4201434850692749,
                3.924938440322876
            ],
            [
                0.5251737236976624,
                7.507871627807617
            ],
            [
                0.6651947498321533,
                11.018497467041016
            ],
            [
                0.6608023047447205,
                14.693819999694824
            ],
            [
                0.5588985085487366,
                18.516508102416992
            ],
            [
                0.5137025713920593,
                22.445066452026367
            ]
        ]
    ]
}