{
    "speed": 8.252763080875338,
    "steer": -0.002618048107251525,
    "throttle": 0.07642227411270142,
    "brake": 0.0,
    "wp_4": [
        0.04764050990343094,
        15.938016891479492
    ],
    "wp_3": [
        0.03524241968989372,
        11.908699989318848
    ],
    "wp_2": [
        0.012686734087765217,
        7.9201765060424805
    ],
    "wp_1": [
        -0.00343236792832613,
        3.9323999881744385
    ],
    "aim": [
        -0.00343236792832613,
        3.9323999881744385
    ],
    "target": [
        0.44795169495652953,
        35.91425882382112
    ],
    "desired_speed": 8.042258548736571,
    "angle": -0.0005556257710203402,
    "angle_last": 0.001964714032714365,
    "angle_target": 0.007940025173343818,
    "angle_final": -0.0005556257710203402,
    "delta": 0.0,
    "agent": "only_traj",
    "steer_traj": -0.0026180481709435982,
    "throttle_traj": 0.07642227226457307,
    "brake_traj": 0.0,
    "plan": [
        [
            -0.00343236792832613,
            3.9323999881744385
        ],
        [
            0.012686734087765217,
            7.9201765060424805
        ],
        [
            0.03524241968989372,
            11.908699989318848
        ],
        [
            0.04764050990343094,
            15.938016891479492
        ],
        [
            0.05969218537211418,
            19.997892379760742
        ],
        [
            0.07216014713048935,
            24.037893295288086
        ]
    ],
    "command": 3,
    "all_plan": [
        [
            [
                0.06320841610431671,
                3.8414571285247803
            ],
            [
                -0.05021749436855316,
                7.510767459869385
            ],
            [
                -0.23142953217029572,
                11.153223037719727
            ],
            [
                -0.5252464413642883,
                14.65570068359375
            ],
            [
                -0.9559932351112366,
                18.275545120239258
            ],
            [
                -1.5011790990829468,
                21.700611114501953
            ]
        ],
        [
            [
                0.4745101034641266,
                3.1491971015930176
            ],
            [
                1.0330475568771362,
                6.1670241355896
            ],
            [
                2.360250473022461,
                8.881402969360352
            ],
            [
                4.285475254058838,
                11.587908744812012
            ],
            [
                6.006389141082764,
                14.291006088256836
            ],
            [
                7.397456169128418,
                17.114749908447266
            ]
        ],
        [
            [
                0.026061922311782837,
                4.0396575927734375
            ],
            [
                0.030192965641617775,
                8.131969451904297
            ],
            [
                0.04825272411108017,
                12.168876647949219
            ],
            [
                0.06411024928092957,
                16.19544219970703
            ],
            [
                0.09823170304298401,
                20.21898651123047
            ],
            [
                0.1491978019475937,
                24.302186965942383
            ]
        ],
        [
            [
                -0.00343236792832613,
                3.9323999881744385
            ],
            [
                0.012686734087765217,
                7.9201765060424805
            ],
            [
                0.03524241968989372,
                11.908699989318848
            ],
            [
                0.04764050990343094,
                15.938016891479492
            ],
            [
                0.05969218537211418,
                19.997892379760742
            ],
            [
                0.07216014713048935,
                24.037893295288086
            ]
        ],
        [
            [
                -0.03111492097377777,
                3.3008205890655518
            ],
            [
                -0.11576522886753082,
                7.0526123046875
            ],
            [
                -0.23223477602005005,
                11.080087661743164
            ],
            [
                -0.32537657022476196,
                15.766325950622559
            ],
            [
                -0.440893292427063,
                20.8775577545166
            ],
            [
                -0.5020158886909485,
                26.11672592163086
            ]
        ],
        [
            [
                0.4022926688194275,
                3.9551546573638916
            ],
            [
                0.5353613495826721,
                7.555861949920654
            ],
            [
                0.7618498206138611,
                11.044193267822266
            ],
            [
                0.8426926136016846,
                14.682473182678223
            ],
            [
                0.8657767176628113,
                18.46458625793457
            ],
            [
                0.9442675113677979,
                22.352659225463867
            ]
        ]
    ]
}