{
    "speed": 7.945066726536815,
    "steer": -0.00016726389003451914,
    "throttle": 0.0,
    "brake": 0.0,
    "wp_4": [
        0.09541510045528412,
        15.877714157104492
    ],
    "wp_3": [
        0.07784111797809601,
        11.887031555175781
    ],
    "wp_2": [
        0.03961186483502388,
        7.922223091125488
    ],
    "wp_1": [
        0.009314517490565777,
        3.954871892929077
    ],
    "aim": [
        0.009314517490565777,
        3.954871892929077
    ],
    "target": [
        1.1879002793341975,
        31.025802696985053
    ],
    "desired_speed": 7.916195869445801,
    "angle": 0.001499350477264163,
    "angle_last": 0.001762995779226655,
    "angle_target": 0.024362676604494073,
    "angle_final": 0.001499350477264163,
    "delta": 0.0,
    "agent": "only_traj",
    "steer_traj": -0.0001672638832129335,
    "throttle_traj": 0.0,
    "brake_traj": 0.0,
    "plan": [
        [
            0.009314517490565777,
            3.954871892929077
        ],
        [
            0.03961186483502388,
            7.922223091125488
        ],
        [
            0.07784111797809601,
            11.887031555175781
        ],
        [
            0.09541510045528412,
            15.877714157104492
        ],
        [
            0.10866650938987732,
            19.85663414001465
        ],
        [
            0.11943444609642029,
            23.744985580444336
        ]
    ],
    "command": 3,
    "all_plan": [
        [
            [
                0.05776548385620117,
                3.8592793941497803
            ],
            [
                -0.04250779747962952,
                7.514091968536377
            ],
            [
                -0.20875264704227448,
                11.100553512573242
            ],
            [
                -0.4751783013343811,
                14.528419494628906
            ],
            [
                -0.886008620262146,
                18.07052993774414
            ],
            [
                -1.391629695892334,
                21.40596580505371
            ]
        ],
        [
            [
                0.47466838359832764,
                3.1615421772003174
            ],
            [
                1.078690767288208,
                6.138045310974121
            ],
            [
                2.439265251159668,
                8.785948753356934
            ],
            [
                4.392729759216309,
                11.434213638305664
            ],
            [
                6.183030128479004,
                14.060975074768066
            ],
            [
                7.629180431365967,
                16.79990577697754
            ]
        ],
        [
            [
                0.018498137593269348,
                4.076718330383301
            ],
            [
                0.010515222325921059,
                8.162796020507812
            ],
            [
                0.04356274753808975,
                12.179590225219727
            ],
            [
                0.07456527650356293,
                16.176544189453125
            ],
            [
                0.11380493640899658,
                20.14472007751465
            ],
            [
                0.15677417814731598,
                24.171464920043945
            ]
        ],
        [
            [
                0.009314517490565777,
                3.954871892929077
            ],
            [
                0.03961186483502388,
                7.922223091125488
            ],
            [
                0.07784111797809601,
                11.887031555175781
            ],
            [
                0.09541510045528412,
                15.877714157104492
            ],
            [
                0.10866650938987732,
                19.85663414001465
            ],
            [
                0.11943444609642029,
                23.744985580444336
            ]
        ],
        [
            [
                -0.04384191334247589,
                3.2897801399230957
            ],
            [
                -0.1273135244846344,
                7.018925666809082
            ],
            [
                -0.23918646574020386,
                11.013814926147461
            ],
            [
                -0.331699013710022,
                15.653714179992676
            ],
            [
                -0.43710803985595703,
                20.73843002319336
            ],
            [
                -0.5059565305709839,
                25.93243980407715
            ]
        ],
        [
            [
                0.39328259229660034,
                3.9285836219787598
            ],
            [
                0.49689340591430664,
                7.520554542541504
            ],
            [
                0.7328091263771057,
                10.975578308105469
            ],
            [
                0.801507830619812,
                14.569822311401367
            ],
            [
                0.8347287178039551,
                18.316476821899414
            ],
            [
                0.8901673555374146,
                22.167675018310547
            ]
        ]
    ]
}