{
    "speed": 7.521569544602424,
    "steer": -0.001110520912334323,
    "throttle": 0.75,
    "brake": 0.0,
    "wp_4": [
        0.07105059176683426,
        15.634143829345703
    ],
    "wp_3": [
        0.05403519794344902,
        11.678857803344727
    ],
    "wp_2": [
        0.023298684507608414,
        7.770090103149414
    ],
    "wp_1": [
        0.0014445139095187187,
        3.865743398666382
    ],
    "aim": [
        0.0014445139095187187,
        3.865743398666382
    ],
    "target": [
        0.48503163680240996,
        28.03825576581901
    ],
    "desired_speed": 7.8373010635375975,
    "angle": 0.00023789042855358565,
    "angle_last": 0.0030438839215763797,
    "angle_target": 0.011011738289266621,
    "angle_final": 0.00023789042855358565,
    "delta": 0.25,
    "agent": "only_traj",
    "steer_traj": -0.0011105209327289254,
    "throttle_traj": 0.75,
    "brake_traj": 0.0,
    "plan": [
        [
            0.0014445139095187187,
            3.865743398666382
        ],
        [
            0.023298684507608414,
            7.770090103149414
        ],
        [
            0.05403519794344902,
            11.678857803344727
        ],
        [
            0.07105059176683426,
            15.634143829345703
        ],
        [
            0.08674539625644684,
            19.590078353881836
        ],
        [
            0.10524268448352814,
            23.458702087402344
        ]
    ],
    "command": 3,
    "all_plan": [
        [
            [
                0.062342748045921326,
                3.796692132949829
            ],
            [
                -0.03276918828487396,
                7.410923480987549
            ],
            [
                -0.19156868755817413,
                10.972278594970703
            ],
            [
                -0.45058971643447876,
                14.370503425598145
            ],
            [
                -0.8442203998565674,
                17.87029457092285
            ],
            [
                -1.3382108211517334,
                21.167476654052734
            ]
        ],
        [
            [
                0.45870473980903625,
                3.119593858718872
            ],
            [
                1.0223572254180908,
                6.081481456756592
            ],
            [
                2.3376364707946777,
                8.722073554992676
            ],
            [
                4.248626708984375,
                11.348427772521973
            ],
            [
                5.995718002319336,
                13.948450088500977
            ],
            [
                7.404021263122559,
                16.650545120239258
            ]
        ],
        [
            [
                0.028134718537330627,
                3.9910924434661865
            ],
            [
                0.022118428722023964,
                8.014176368713379
            ],
            [
                0.04648653417825699,
                11.986980438232422
            ],
            [
                0.07703118026256561,
                15.950122833251953
            ],
            [
                0.11561055481433868,
                19.89227867126465
            ],
            [
                0.16001710295677185,
                23.88835906982422
            ]
        ],
        [
            [
                0.0014445139095187187,
                3.865743398666382
            ],
            [
                0.023298684507608414,
                7.770090103149414
            ],
            [
                0.05403519794344902,
                11.678857803344727
            ],
            [
                0.07105059176683426,
                15.634143829345703
            ],
            [
                0.08674539625644684,
                19.590078353881836
            ],
            [
                0.10524268448352814,
                23.458702087402344
            ]
        ],
        [
            [
                -0.037966057658195496,
                3.2121143341064453
            ],
            [
                -0.11365791410207748,
                6.879809379577637
            ],
            [
                -0.2188233733177185,
                10.811595916748047
            ],
            [
                -0.3090945780277252,
                15.390644073486328
            ],
            [
                -0.41505470871925354,
                20.403423309326172
            ],
            [
                -0.4715295433998108,
                25.53021240234375
            ]
        ],
        [
            [
                0.38164806365966797,
                3.855802536010742
            ],
            [
                0.493097186088562,
                7.381801128387451
            ],
            [
                0.7305978536605835,
                10.78307819366455
            ],
            [
                0.7989475727081299,
                14.345051765441895
            ],
            [
                0.8233715295791626,
                18.055770874023438
            ],
            [
                0.8848448395729065,
                21.876508712768555
            ]
        ]
    ]
}