{
    "speed": 8.208122862505165,
    "steer": -0.00026126232114620507,
    "throttle": 0.75,
    "brake": 0.0,
    "wp_4": [
        0.13757161796092987,
        16.66303253173828
    ],
    "wp_3": [
        0.08818881213665009,
        12.47901439666748
    ],
    "wp_2": [
        0.034506071358919144,
        8.308971405029297
    ],
    "wp_1": [
        -0.0031247632578015327,
        4.143324851989746
    ],
    "aim": [
        -0.0031247632578015327,
        4.143324851989746
    ],
    "target": [
        0.8586906793175874,
        15.588881841720445
    ],
    "desired_speed": 8.389439773559571,
    "angle": -0.00048011423519631036,
    "angle_last": 0.006443572635454838,
    "angle_target": 0.035031863359072005,
    "angle_final": -0.00048011423519631036,
    "delta": 0.18131691105440595,
    "agent": "only_traj",
    "steer_traj": -0.0002612623261099255,
    "throttle_traj": 0.75,
    "brake_traj": 0.0,
    "plan": [
        [
            -0.0031247632578015327,
            4.143324851989746
        ],
        [
            0.034506071358919144,
            8.308971405029297
        ],
        [
            0.08818881213665009,
            12.47901439666748
        ],
        [
            0.13757161796092987,
            16.66303253173828
        ],
        [
            0.18754304945468903,
            20.87923812866211
        ],
        [
            0.23042285442352295,
            25.115604400634766
        ]
    ],
    "command": 3,
    "all_plan": [
        [
            [
                0.03195516765117645,
                3.992497205734253
            ],
            [
                -0.14245103299617767,
                7.786440849304199
            ],
            [
                -0.3935096263885498,
                11.546365737915039
            ],
            [
                -0.7779412865638733,
                15.203392028808594
            ],
            [
                -1.313201665878296,
                18.968849182128906
            ],
            [
                -1.980562448501587,
                22.567541122436523
            ]
        ],
        [
            [
                0.4979463815689087,
                3.2724568843841553
            ],
            [
                1.0918693542480469,
                6.414802551269531
            ],
            [
                2.46746826171875,
                9.279284477233887
            ],
            [
                4.438229560852051,
                12.174933433532715
            ],
            [
                6.163734436035156,
                15.097919464111328
            ],
            [
                7.56204080581665,
                18.14754295349121
            ]
        ],
        [
            [
                0.026380613446235657,
                4.217534065246582
            ],
            [
                0.055463410913944244,
                8.472371101379395
            ],
            [
                0.10460597276687622,
                12.668645858764648
            ],
            [
                0.1504741609096527,
                16.852855682373047
            ],
            [
                0.21805573999881744,
                21.0505313873291
            ],
            [
                0.3236510157585144,
                25.314599990844727
            ]
        ],
        [
            [
                -0.0031247632578015327,
                4.143324851989746
            ],
            [
                0.034506071358919144,
                8.308971405029297
            ],
            [
                0.08818881213665009,
                12.47901439666748
            ],
            [
                0.13757161796092987,
                16.66303253173828
            ],
            [
                0.18754304945468903,
                20.87923812866211
            ],
            [
                0.23042285442352295,
                25.115604400634766
            ]
        ],
        [
            [
                -0.03767688572406769,
                3.4886183738708496
            ],
            [
                -0.1213269978761673,
                7.430117607116699
            ],
            [
                -0.2073153257369995,
                11.68740463256836
            ],
            [
                -0.24539686739444733,
                16.601572036743164
            ],
            [
                -0.3187424838542938,
                21.911951065063477
            ],
            [
                -0.33782851696014404,
                27.36270523071289
            ]
        ],
        [
            [
                0.41240715980529785,
                4.200154781341553
            ],
            [
                0.6013730764389038,
                8.011486053466797
            ],
            [
                0.8492428064346313,
                11.661044120788574
            ],
            [
                0.9794217348098755,
                15.431979179382324
            ],
            [
                1.0587421655654907,
                19.325834274291992
            ],
            [
                1.2167125940322876,
                23.318012237548828
            ]
        ]
    ]
}