{
    "speed": 8.522512868090445,
    "steer": -0.0008836305933073163,
    "throttle": 0.047108281403779984,
    "brake": 0.0,
    "wp_4": [
        0.08391667157411575,
        16.606853485107422
    ],
    "wp_3": [
        0.055949073284864426,
        12.438424110412598
    ],
    "wp_2": [
        0.019171152263879776,
        8.284344673156738
    ],
    "wp_1": [
        -0.007101734168827534,
        4.131813049316406
    ],
    "aim": [
        -0.007101734168827534,
        4.131813049316406
    ],
    "target": [
        1.4676068582150545,
        54.53920720201499
    ],
    "desired_speed": 8.35484046936035,
    "angle": -0.0010942241325712346,
    "angle_last": 0.0028458084356460097,
    "angle_target": 0.017126800653142073,
    "angle_final": -0.0010942241325712346,
    "delta": 0.0,
    "agent": "only_traj",
    "steer_traj": -0.0008836305862375644,
    "throttle_traj": 0.04710828034439636,
    "brake_traj": 0.0,
    "plan": [
        [
            -0.007101734168827534,
            4.131813049316406
        ],
        [
            0.019171152263879776,
            8.284344673156738
        ],
        [
            0.055949073284864426,
            12.438424110412598
        ],
        [
            0.08391667157411575,
            16.606853485107422
        ],
        [
            0.11000202596187592,
            20.80626678466797
        ],
        [
            0.12883147597312927,
            25.018451690673828
        ]
    ],
    "command": 3,
    "all_plan": [
        [
            [
                0.03987725079059601,
                3.9877865314483643
            ],
            [
                -0.1224551796913147,
                7.777613162994385
            ],
            [
                -0.3535730838775635,
                11.534790992736816
            ],
            [
                -0.7111893892288208,
                15.182906150817871
            ],
            [
                -1.2187855243682861,
                18.950031280517578
            ],
            [
                -1.8487544059753418,
                22.54079818725586
            ]
        ],
        [
            [
                0.5065773129463196,
                3.2574119567871094
            ],
            [
                1.1050000190734863,
                6.374781608581543
            ],
            [
                2.492637872695923,
                9.201857566833496
            ],
            [
                4.481044769287109,
                12.050582885742188
            ],
            [
                6.2304534912109375,
                14.9245023727417
            ],
            [
                7.656303405761719,
                17.92819595336914
            ]
        ],
        [
            [
                0.016457706689834595,
                4.209193229675293
            ],
            [
                0.031323619186878204,
                8.452048301696777
            ],
            [
                0.0648924708366394,
                12.63344669342041
            ],
            [
                0.08938472718000412,
                16.801204681396484
            ],
            [
                0.13225877285003662,
                20.983840942382812
            ],
            [
                0.21126537024974823,
                25.226200103759766
            ]
        ],
        [
            [
                -0.007101734168827534,
                4.131813049316406
            ],
            [
                0.019171152263879776,
                8.284344673156738
            ],
            [
                0.055949073284864426,
                12.438424110412598
            ],
            [
                0.08391667157411575,
                16.606853485107422
            ],
            [
                0.11000202596187592,
                20.80626678466797
            ],
            [
                0.12883147597312927,
                25.018451690673828
            ]
        ],
        [
            [
                -0.03432177007198334,
                3.4720335006713867
            ],
            [
                -0.1331954002380371,
                7.389765739440918
            ],
            [
                -0.24366924166679382,
                11.621689796447754
            ],
            [
                -0.3122263550758362,
                16.509262084960938
            ],
            [
                -0.41913506388664246,
                21.810487747192383
            ],
            [
                -0.46443429589271545,
                27.247968673706055
            ]
        ],
        [
            [
                0.42002958059310913,
                4.167312145233154
            ],
            [
                0.5889691114425659,
                7.957404136657715
            ],
            [
                0.8185954093933105,
                11.595680236816406
            ],
            [
                0.9238104820251465,
                15.361356735229492
            ],
            [
                0.9713754057884216,
                19.26043128967285
            ],
            [
                1.0924620628356934,
                23.26025390625
            ]
        ]
    ]
}