{
    "speed": 7.876807466666903,
    "steer": 0.0008608722710050642,
    "throttle": 0.75,
    "brake": 0.0,
    "wp_4": [
        0.17269626259803772,
        16.52242660522461
    ],
    "wp_3": [
        0.11774495244026184,
        12.358510971069336
    ],
    "wp_2": [
        0.05324387922883034,
        8.218215942382812
    ],
    "wp_1": [
        0.0029226643964648247,
        4.086175918579102
    ],
    "aim": [
        0.0029226643964648247,
        4.086175918579102
    ],
    "target": [
        2.431169358941616,
        37.99356057224992
    ],
    "desired_speed": 8.337328720092774,
    "angle": 0.0004553181171323249,
    "angle_last": 0.0061769675848520065,
    "angle_target": 0.040681188984519875,
    "angle_final": 0.0004553181171323249,
    "delta": 0.25,
    "agent": "only_traj",
    "steer_traj": 0.0008608722985436237,
    "throttle_traj": 0.75,
    "brake_traj": 0.0,
    "plan": [
        [
            0.0029226643964648247,
            4.086175918579102
        ],
        [
            0.05324387922883034,
            8.218215942382812
        ],
        [
            0.11774495244026184,
            12.358510971069336
        ],
        [
            0.17269626259803772,
            16.52242660522461
        ],
        [
            0.22705991566181183,
            20.717792510986328
        ],
        [
            0.26790982484817505,
            24.927776336669922
        ]
    ],
    "command": 3,
    "all_plan": [
        [
            [
                0.047464728355407715,
                3.9472343921661377
            ],
            [
                -0.11172497272491455,
                7.7057952880859375
            ],
            [
                -0.35775864124298096,
                11.438016891479492
            ],
            [
                -0.7447488903999329,
                15.060134887695312
            ],
            [
                -1.282323956489563,
                18.7983455657959
            ],
            [
                -1.9539755582809448,
                22.352771759033203
            ]
        ],
        [
            [
                0.48296958208084106,
                3.262380361557007
            ],
            [
                1.0662071704864502,
                6.404154300689697
            ],
            [
                2.4209952354431152,
                9.273797035217285
            ],
            [
                4.3585638999938965,
                12.160911560058594
            ],
            [
                6.061822891235352,
                15.066408157348633
            ],
            [
                7.43511962890625,
                18.104169845581055
            ]
        ],
        [
            [
                0.03791229426860809,
                4.171926498413086
            ],
            [
                0.07479486614465714,
                8.406444549560547
            ],
            [
                0.12707272171974182,
                12.578093528747559
            ],
            [
                0.1794198453426361,
                16.746950149536133
            ],
            [
                0.24910765886306763,
                20.924304962158203
            ],
            [
                0.3500927686691284,
                25.167207717895508
            ]
        ],
        [
            [
                0.0029226643964648247,
                4.086175918579102
            ],
            [
                0.05324387922883034,
                8.218215942382812
            ],
            [
                0.11774495244026184,
                12.358510971069336
            ],
            [
                0.17269626259803772,
                16.52242660522461
            ],
            [
                0.22705991566181183,
                20.717792510986328
            ],
            [
                0.26790982484817505,
                24.927776336669922
            ]
        ],
        [
            [
                -0.03572428226470947,
                3.4602770805358887
            ],
            [
                -0.10288354754447937,
                7.375613212585449
            ],
            [
                -0.17621712386608124,
                11.59747314453125
            ],
            [
                -0.20713569223880768,
                16.478023529052734
            ],
            [
                -0.2716752886772156,
                21.755752563476562
            ],
            [
                -0.2724178433418274,
                27.16864013671875
            ]
        ],
        [
            [
                0.40593528747558594,
                4.162079334259033
            ],
            [
                0.5900921821594238,
                7.932031631469727
            ],
            [
                0.8437605500221252,
                11.548749923706055
            ],
            [
                0.9790222644805908,
                15.282846450805664
            ],
            [
                1.0621353387832642,
                19.157394409179688
            ],
            [
                1.2159371376037598,
                23.127391815185547
            ]
        ]
    ]
}