{
    "speed": 7.963732924051992,
    "steer": -0.0018787635490298271,
    "throttle": 0.75,
    "brake": 0.0,
    "wp_4": [
        0.025333084166049957,
        16.631370544433594
    ],
    "wp_3": [
        0.02159721776843071,
        12.424951553344727
    ],
    "wp_2": [
        0.00568005908280611,
        8.236894607543945
    ],
    "wp_1": [
        -0.01435475517064333,
        4.076229095458984
    ],
    "aim": [
        -0.01435475517064333,
        4.076229095458984
    ],
    "target": [
        2.054799729447024,
        29.361404399505805
    ],
    "desired_speed": 8.416483306884764,
    "angle": -0.0022418476951149326,
    "angle_last": -0.002605896777876612,
    "angle_target": 0.04448005287371489,
    "angle_final": -0.0022418476951149326,
    "delta": 0.25,
    "agent": "only_traj",
    "steer_traj": -0.0018787635350990346,
    "throttle_traj": 0.75,
    "brake_traj": 0.0,
    "plan": [
        [
            -0.01435475517064333,
            4.076229095458984
        ],
        [
            0.00568005908280611,
            8.236894607543945
        ],
        [
            0.02159721776843071,
            12.424951553344727
        ],
        [
            0.025333084166049957,
            16.631370544433594
        ],
        [
            0.019554417580366135,
            20.862680435180664
        ],
        [
            0.0021387431770563126,
            25.11731719970703
        ]
    ],
    "command": 3,
    "all_plan": [
        [
            [
                0.03625616431236267,
                3.964904546737671
            ],
            [
                -0.15366129577159882,
                7.749744892120361
            ],
            [
                -0.420044481754303,
                11.511629104614258
            ],
            [
                -0.8275263905525208,
                15.170910835266113
            ],
            [
                -1.3646436929702759,
                18.936616897583008
            ],
            [
                -2.040299415588379,
                22.51423454284668
            ]
        ],
        [
            [
                0.502967119216919,
                3.2446534633636475
            ],
            [
                1.0855047702789307,
                6.3777265548706055
            ],
            [
                2.475839138031006,
                9.193865776062012
            ],
            [
                4.464357376098633,
                12.006305694580078
            ],
            [
                6.22571325302124,
                14.846176147460938
            ],
            [
                7.684584617614746,
                17.8187255859375
            ]
        ],
        [
            [
                0.00888787116855383,
                4.179108619689941
            ],
            [
                0.01182261947542429,
                8.437170028686523
            ],
            [
                0.02091655693948269,
                12.621129989624023
            ],
            [
                0.019107535481452942,
                16.816251754760742
            ],
            [
                0.025558695197105408,
                21.027482986450195
            ],
            [
                0.0561484657227993,
                25.288686752319336
            ]
        ],
        [
            [
                -0.01435475517064333,
                4.076229095458984
            ],
            [
                0.00568005908280611,
                8.236894607543945
            ],
            [
                0.02159721776843071,
                12.424951553344727
            ],
            [
                0.025333084166049957,
                16.631370544433594
            ],
            [
                0.019554417580366135,
                20.862680435180664
            ],
            [
                0.0021387431770563126,
                25.11731719970703
            ]
        ],
        [
            [
                -0.029017850756645203,
                3.4897046089172363
            ],
            [
                -0.14496301114559174,
                7.384613037109375
            ],
            [
                -0.2757219076156616,
                11.613079071044922
            ],
            [
                -0.36430883407592773,
                16.489410400390625
            ],
            [
                -0.4957115054130554,
                21.773006439208984
            ],
            [
                -0.5582873821258545,
                27.213247299194336
            ]
        ],
        [
            [
                0.4267582297325134,
                4.156056880950928
            ],
            [
                0.5876021385192871,
                7.9259138107299805
            ],
            [
                0.7952266931533813,
                11.563295364379883
            ],
            [
                0.8975235223770142,
                15.323073387145996
            ],
            [
                0.9064943790435791,
                19.242645263671875
            ],
            [
                0.9890073537826538,
                23.253372192382812
            ]
        ]
    ]
}