{
    "speed": 7.631916624239437,
    "steer": 0.0010968026472255588,
    "throttle": 0.75,
    "brake": 0.0,
    "wp_4": [
        0.1559271663427353,
        15.838603973388672
    ],
    "wp_3": [
        0.11420939862728119,
        11.829365730285645
    ],
    "wp_2": [
        0.057983506470918655,
        7.850508689880371
    ],
    "wp_1": [
        0.011786307208240032,
        3.8843979835510254
    ],
    "aim": [
        0.011786307208240032,
        3.8843979835510254
    ],
    "target": [
        2.301119842742982,
        17.553327589436705
    ],
    "desired_speed": 7.999453163146973,
    "angle": 0.00193170145172597,
    "angle_last": 0.004756895365415578,
    "angle_target": 0.08298324156206235,
    "angle_final": 0.00193170145172597,
    "delta": 0.25,
    "agent": "only_traj",
    "steer_traj": 0.001096802684992712,
    "throttle_traj": 0.75,
    "brake_traj": 0.0,
    "plan": [
        [
            0.011786307208240032,
            3.8843979835510254
        ],
        [
            0.057983506470918655,
            7.850508689880371
        ],
        [
            0.11420939862728119,
            11.829365730285645
        ],
        [
            0.1559271663427353,
            15.838603973388672
        ],
        [
            0.1914137452840805,
            19.872034072875977
        ],
        [
            0.22137615084648132,
            23.881879806518555
        ]
    ],
    "command": 3,
    "all_plan": [
        [
            [
                0.06109972298145294,
                3.8036530017852783
            ],
            [
                -0.04948738217353821,
                7.436667442321777
            ],
            [
                -0.24007688462734222,
                11.034393310546875
            ],
            [
                -0.5584534406661987,
                14.484837532043457
            ],
            [
                -1.0252107381820679,
                18.0506649017334
            ],
            [
                -1.6074814796447754,
                21.420059204101562
            ]
        ],
        [
            [
                0.451186865568161,
                3.1389505863189697
            ],
            [
                1.0003669261932373,
                6.163344383239746
            ],
            [
                2.301771640777588,
                8.90681266784668
            ],
            [
                4.173949718475342,
                11.642924308776855
            ],
            [
                5.859372615814209,
                14.3731689453125
            ],
            [
                7.211637496948242,
                17.216785430908203
            ]
        ],
        [
            [
                0.042251020669937134,
                4.007564067840576
            ],
            [
                0.06258215755224228,
                8.07268238067627
            ],
            [
                0.09483818709850311,
                12.098031044006348
            ],
            [
                0.14817407727241516,
                16.118427276611328
            ],
            [
                0.20410771667957306,
                20.133739471435547
            ],
            [
                0.2846245765686035,
                24.209718704223633
            ]
        ],
        [
            [
                0.011786307208240032,
                3.8843979835510254
            ],
            [
                0.057983506470918655,
                7.850508689880371
            ],
            [
                0.11420939862728119,
                11.829365730285645
            ],
            [
                0.1559271663427353,
                15.838603973388672
            ],
            [
                0.1914137452840805,
                19.872034072875977
            ],
            [
                0.22137615084648132,
                23.881879806518555
            ]
        ],
        [
            [
                -0.03670653700828552,
                3.2786624431610107
            ],
            [
                -0.0971631407737732,
                7.013692378997803
            ],
            [
                -0.1679084300994873,
                11.031035423278809
            ],
            [
                -0.21846821904182434,
                15.695646286010742
            ],
            [
                -0.28929999470710754,
                20.768186569213867
            ],
            [
                -0.3067222833633423,
                25.959970474243164
            ]
        ],
        [
            [
                0.3843677043914795,
                3.940960168838501
            ],
            [
                0.531310498714447,
                7.532344818115234
            ],
            [
                0.7832043766975403,
                10.991109848022461
            ],
            [
                0.8835520148277283,
                14.581219673156738
            ],
            [
                0.945941686630249,
                18.334922790527344
            ],
            [
                1.0608296394348145,
                22.185609817504883
            ]
        ]
    ]
}