{
    "speed": 8.157687028946173,
    "steer": 0.00018869061022996902,
    "throttle": 0.054807644337415695,
    "brake": 0.0,
    "wp_4": [
        0.19748324155807495,
        16.397621154785156
    ],
    "wp_3": [
        0.1268288791179657,
        12.353437423706055
    ],
    "wp_2": [
        0.05578121915459633,
        8.29190444946289
    ],
    "wp_1": [
        0.003649096004664898,
        4.1878252029418945
    ],
    "aim": [
        0.003649096004664898,
        4.1878252029418945
    ],
    "target": [
        2.2389629410751017,
        13.713036551548889
    ],
    "desired_speed": 8.119971656799317,
    "angle": 0.0005547353150513994,
    "angle_last": 0.01540834770307813,
    "angle_target": 0.10303342287907823,
    "angle_final": 0.0005547353150513994,
    "delta": 0.0,
    "agent": "only_traj",
    "steer_traj": 0.00018869061502543535,
    "throttle_traj": 0.05480764464292548,
    "brake_traj": 0.0,
    "plan": [
        [
            0.003649096004664898,
            4.1878252029418945
        ],
        [
            0.05578121915459633,
            8.29190444946289
        ],
        [
            0.1268288791179657,
            12.353437423706055
        ],
        [
            0.19748324155807495,
            16.397621154785156
        ],
        [
            0.2808108329772949,
            20.451541900634766
        ],
        [
            0.3784326910972595,
            24.484148025512695
        ]
    ],
    "command": 3,
    "all_plan": [
        [
            [
                0.024564089253544807,
                3.967297315597534
            ],
            [
                -0.10819390416145325,
                7.705500602722168
            ],
            [
                -0.31225496530532837,
                11.391942977905273
            ],
            [
                -0.6170753836631775,
                14.92043399810791
            ],
            [
                -1.1007988452911377,
                18.571643829345703
            ],
            [
                -1.6761212348937988,
                22.055248260498047
            ]
        ],
        [
            [
                0.5068981647491455,
                3.244230270385742
            ],
            [
                1.1622521877288818,
                6.318170547485352
            ],
            [
                2.5519962310791016,
                9.115438461303711
            ],
            [
                4.519556045532227,
                11.98344612121582
            ],
            [
                6.269714832305908,
                14.837873458862305
            ],
            [
                7.660552978515625,
                17.819480895996094
            ]
        ],
        [
            [
                0.021633759140968323,
                4.23814582824707
            ],
            [
                0.056929729878902435,
                8.41042709350586
            ],
            [
                0.15308400988578796,
                12.531219482421875
            ],
            [
                0.23395520448684692,
                16.60955238342285
            ],
            [
                0.3521728515625,
                20.66318702697754
            ],
            [
                0.5025781393051147,
                24.814266204833984
            ]
        ],
        [
            [
                0.003649096004664898,
                4.1878252029418945
            ],
            [
                0.05578121915459633,
                8.29190444946289
            ],
            [
                0.1268288791179657,
                12.353437423706055
            ],
            [
                0.19748324155807495,
                16.397621154785156
            ],
            [
                0.2808108329772949,
                20.451541900634766
            ],
            [
                0.3784326910972595,
                24.484148025512695
            ]
        ],
        [
            [
                -0.06134863197803497,
                3.4367756843566895
            ],
            [
                -0.11958928406238556,
                7.3470258712768555
            ],
            [
                -0.18850716948509216,
                11.516876220703125
            ],
            [
                -0.18880301713943481,
                16.34600257873535
            ],
            [
                -0.21768668293952942,
                21.5814266204834
            ],
            [
                -0.2477632313966751,
                26.907970428466797
            ]
        ],
        [
            [
                0.39365291595458984,
                4.137359142303467
            ],
            [
                0.5585548877716064,
                7.92657995223999
            ],
            [
                0.8200904130935669,
                11.524457931518555
            ],
            [
                0.9363186955451965,
                15.222579956054688
            ],
            [
                1.0664335489273071,
                19.031661987304688
            ],
            [
                1.2413432598114014,
                22.926223754882812
            ]
        ]
    ]
}