{
    "speed": 8.730827387339318,
    "steer": -5.854657865711488e-05,
    "throttle": 0.05966765433549881,
    "brake": 0.0,
    "wp_4": [
        0.19116021692752838,
        16.79143714904785
    ],
    "wp_3": [
        0.11576816439628601,
        12.626654624938965
    ],
    "wp_2": [
        0.0446057952940464,
        8.464764595031738
    ],
    "wp_1": [
        -0.005586941726505756,
        4.26746940612793
    ],
    "aim": [
        -0.005586941726505756,
        4.26746940612793
    ],
    "target": [
        2.0912728958797393,
        4.263123219045724
    ],
    "desired_speed": 8.381601333618164,
    "angle": -0.0008334626882583032,
    "angle_last": 0.016010998060845587,
    "angle_target": 0.29033595625852626,
    "angle_final": -0.0008334626882583032,
    "delta": 0.0,
    "agent": "only_traj",
    "steer_traj": -5.8546580412178014e-05,
    "throttle_traj": 0.05966765269719709,
    "brake_traj": 0.0,
    "plan": [
        [
            -0.005586941726505756,
            4.26746940612793
        ],
        [
            0.0446057952940464,
            8.464764595031738
        ],
        [
            0.11576816439628601,
            12.626654624938965
        ],
        [
            0.19116021692752838,
            16.79143714904785
        ],
        [
            0.28221750259399414,
            20.99106788635254
        ],
        [
            0.38853639364242554,
            25.217557907104492
        ]
    ],
    "command": 3,
    "all_plan": [
        [
            [
                0.012444781139492989,
                4.0386552810668945
            ],
            [
                -0.16445842385292053,
                7.8455095291137695
            ],
            [
                -0.41658350825309753,
                11.624621391296387
            ],
            [
                -0.7825543880462646,
                15.28155517578125
            ],
            [
                -1.3115346431732178,
                19.05577850341797
            ],
            [
                -1.9685617685317993,
                22.6800594329834
            ]
        ],
        [
            [
                0.5184694528579712,
                3.309150218963623
            ],
            [
                1.154923915863037,
                6.463289260864258
            ],
            [
                2.555220603942871,
                9.350022315979004
            ],
            [
                4.547248840332031,
                12.317160606384277
            ],
            [
                6.2688069343566895,
                15.304586410522461
            ],
            [
                7.652971267700195,
                18.420320510864258
            ]
        ],
        [
            [
                0.02420736849308014,
                4.303388595581055
            ],
            [
                0.06738298386335373,
                8.567366600036621
            ],
            [
                0.16239577531814575,
                12.781757354736328
            ],
            [
                0.23735907673835754,
                16.96590232849121
            ],
            [
                0.3701416850090027,
                21.14467430114746
            ],
            [
                0.541754424571991,
                25.414104461669922
            ]
        ],
        [
            [
                -0.005586941726505756,
                4.26746940612793
            ],
            [
                0.0446057952940464,
                8.464764595031738
            ],
            [
                0.11576816439628601,
                12.626654624938965
            ],
            [
                0.19116021692752838,
                16.79143714904785
            ],
            [
                0.28221750259399414,
                20.99106788635254
            ],
            [
                0.38853639364242554,
                25.217557907104492
            ]
        ],
        [
            [
                -0.058357492089271545,
                3.5395703315734863
            ],
            [
                -0.12853072583675385,
                7.548507213592529
            ],
            [
                -0.19652733206748962,
                11.843494415283203
            ],
            [
                -0.18401208519935608,
                16.808273315429688
            ],
            [
                -0.20488378405570984,
                22.166215896606445
            ],
            [
                -0.22641494870185852,
                27.63398551940918
            ]
        ],
        [
            [
                0.40912920236587524,
                4.27260160446167
            ],
            [
                0.6104837656021118,
                8.153711318969727
            ],
            [
                0.8736019134521484,
                11.855239868164062
            ],
            [
                1.024305820465088,
                15.663986206054688
            ],
            [
                1.1668848991394043,
                19.560256958007812
            ],
            [
                1.3757009506225586,
                23.539705276489258
            ]
        ]
    ]
}