{
    "speed": 7.350443056066486,
    "steer": 0.25824159383773804,
    "throttle": 0.75,
    "brake": 0.0,
    "wp_4": [
        -1.7991912364959717,
        16.36941909790039
    ],
    "wp_3": [
        -1.1445438861846924,
        12.378957748413086
    ],
    "wp_2": [
        -0.5715435743331909,
        8.399263381958008
    ],
    "wp_1": [
        -0.14001412689685822,
        4.3199896812438965
    ],
    "aim": [
        -0.14001412689685822,
        4.3199896812438965
    ],
    "target": [
        1.463963184871628,
        2.783588938034889
    ],
    "desired_speed": 8.036004161834716,
    "angle": -0.020626060756112032,
    "angle_last": -0.10444492799465607,
    "angle_target": 0.30823412697950453,
    "angle_final": 0.30823412697950453,
    "delta": 0.25,
    "agent": "only_traj",
    "steer_traj": 0.25824160154283043,
    "throttle_traj": 0.75,
    "brake_traj": 0.0,
    "plan": [
        [
            -0.14001412689685822,
            4.3199896812438965
        ],
        [
            -0.5715435743331909,
            8.399263381958008
        ],
        [
            -1.1445438861846924,
            12.378957748413086
        ],
        [
            -1.7991912364959717,
            16.36941909790039
        ],
        [
            -2.4288878440856934,
            20.3447265625
        ],
        [
            -3.0656282901763916,
            24.19094467163086
        ]
    ],
    "command": 3,
    "all_plan": [
        [
            [
                -0.24419160187244415,
                4.161555767059326
            ],
            [
                -0.6691636443138123,
                8.099254608154297
            ],
            [
                -1.2071468830108643,
                12.008525848388672
            ],
            [
                -1.711441993713379,
                15.82478141784668
            ],
            [
                -2.371433973312378,
                19.69620704650879
            ],
            [
                -3.009739875793457,
                23.48992156982422
            ]
        ],
        [
            [
                0.8947309255599976,
                3.061871290206909
            ],
            [
                2.0058705806732178,
                5.606693744659424
            ],
            [
                3.8910534381866455,
                7.716304779052734
            ],
            [
                6.550111293792725,
                9.991928100585938
            ],
            [
                9.030296325683594,
                12.204150199890137
            ],
            [
                11.190138816833496,
                14.630085945129395
            ]
        ],
        [
            [
                -0.16557694971561432,
                4.319085121154785
            ],
            [
                -0.5344250202178955,
                8.50285530090332
            ],
            [
                -0.970467209815979,
                12.614845275878906
            ],
            [
                -1.491404414176941,
                16.562658309936523
            ],
            [
                -2.0315096378326416,
                20.49542236328125
            ],
            [
                -2.6467831134796143,
                24.487682342529297
            ]
        ],
        [
            [
                -0.14001412689685822,
                4.3199896812438965
            ],
            [
                -0.5715435743331909,
                8.399263381958008
            ],
            [
                -1.1445438861846924,
                12.378957748413086
            ],
            [
                -1.7991912364959717,
                16.36941909790039
            ],
            [
                -2.4288878440856934,
                20.3447265625
            ],
            [
                -3.0656282901763916,
                24.19094467163086
            ]
        ],
        [
            [
                -0.25168490409851074,
                3.4659295082092285
            ],
            [
                -1.0183706283569336,
                7.092395305633545
            ],
            [
                -2.0905938148498535,
                11.150548934936523
            ],
            [
                -2.9982128143310547,
                15.831782341003418
            ],
            [
                -3.8790578842163086,
                20.89946746826172
            ],
            [
                -4.793565273284912,
                26.000717163085938
            ]
        ],
        [
            [
                0.3856341242790222,
                4.15859842300415
            ],
            [
                0.10217228531837463,
                8.062620162963867
            ],
            [
                -0.27649804949760437,
                11.782587051391602
            ],
            [
                -0.9866253137588501,
                15.598226547241211
            ],
            [
                -1.7287572622299194,
                19.59964370727539
            ],
            [
                -2.498875141143799,
                23.6085147857666
            ]
        ]
    ]
}