{
    "speed": -8.817242328693293e-06,
    "steer": 0.0008815668406896293,
    "throttle": 0.75,
    "brake": 0.0,
    "wp_4": [
        -1.2889591455459595,
        16.46732521057129
    ],
    "wp_3": [
        -0.8197405338287354,
        12.013599395751953
    ],
    "wp_2": [
        -0.3871379792690277,
        7.8111891746521
    ],
    "wp_1": [
        -0.09559550136327744,
        3.690709114074707
    ],
    "aim": [
        -0.09559550136327744,
        3.690709114074707
    ],
    "target": [
        -0.17446415271157845,
        54.75919001116621
    ],
    "desired_speed": 8.883251762390136,
    "angle": -0.016485827754222637,
    "angle_last": -0.07650945428930392,
    "angle_target": -0.0020282796980636898,
    "angle_final": -0.0020282796980636898,
    "delta": 0.25,
    "agent": "only_traj",
    "steer_traj": 0.0008815668195304529,
    "throttle_traj": 0.75,
    "brake_traj": 0.0,
    "plan": [
        [
            -0.09559550136327744,
            3.690709114074707
        ],
        [
            -0.3871379792690277,
            7.8111891746521
        ],
        [
            -0.8197405338287354,
            12.013599395751953
        ],
        [
            -1.2889591455459595,
            16.46732521057129
        ],
        [
            -1.8059738874435425,
            21.030773162841797
        ],
        [
            -2.3792614936828613,
            25.777996063232422
        ]
    ]
}