{
    "speed": 1.4589229259386325,
    "steer": -0.0042593637481331825,
    "throttle": 0.75,
    "brake": 0.0,
    "wp_4": [
        -0.563023567199707,
        11.350159645080566
    ],
    "wp_3": [
        -0.23436686396598816,
        7.936958312988281
    ],
    "wp_2": [
        -0.07351512461900711,
        4.332278251647949
    ],
    "wp_1": [
        -0.06665042787790298,
        1.5607984066009521
    ],
    "aim": [
        -0.06665042787790298,
        1.5607984066009521
    ],
    "target": [
        -0.41659454761675585,
        54.04552954875418
    ],
    "desired_speed": 7.874719429016113,
    "angle": -0.02716892663503958,
    "angle_last": 0.18344595181057505,
    "angle_target": -0.004907104728283868,
    "angle_final": -0.004907104728283868,
    "delta": 0.25,
    "agent": "only_traj",
    "steer_traj": -0.0042593635845673905,
    "throttle_traj": 0.75,
    "brake_traj": 0.0,
    "plan": [
        [
            -0.06665042787790298,
            1.5607984066009521
        ],
        [
            -0.07351512461900711,
            4.332278251647949
        ],
        [
            -0.23436686396598816,
            7.936958312988281
        ],
        [
            -0.563023567199707,
            11.350159645080566
        ],
        [
            -2.576998472213745,
            16.118593215942383
        ],
        [
            -1.2408294677734375,
            20.626495361328125
        ]
    ]
}