{
    "speed": 3.107108825415177,
    "steer": -0.01621556654572487,
    "throttle": 0.75,
    "brake": 0.0,
    "wp_4": [
        -0.820564329624176,
        12.681408882141113
    ],
    "wp_3": [
        -0.2835850417613983,
        9.574811935424805
    ],
    "wp_2": [
        -0.11130084842443466,
        5.761914253234863
    ],
    "wp_1": [
        -0.08674988895654678,
        2.4147651195526123
    ],
    "aim": [
        -0.08674988895654678,
        2.4147651195526123
    ],
    "target": [
        -0.9553678141516753,
        51.79505237488658
    ],
    "desired_speed": 8.305001068115233,
    "angle": -0.02286059508857709,
    "angle_last": 0.20147074513924793,
    "angle_target": -0.011741219502255722,
    "angle_final": -0.011741219502255722,
    "delta": 0.25,
    "agent": "only_traj",
    "steer_traj": -0.01621556640389081,
    "throttle_traj": 0.75,
    "brake_traj": 0.0,
    "plan": [
        [
            -0.08674988895654678,
            2.4147651195526123
        ],
        [
            -0.11130084842443466,
            5.761914253234863
        ],
        [
            -0.2835850417613983,
            9.574811935424805
        ],
        [
            -0.820564329624176,
            12.681408882141113
        ],
        [
            -2.5149354934692383,
            18.153446197509766
        ],
        [
            -1.0468013286590576,
            22.63663101196289
        ]
    ]
}