{
    "speed": 5.186586183354412,
    "steer": -0.016491349786520004,
    "throttle": 0.0,
    "brake": 0.0,
    "wp_4": [
        -0.8848176002502441,
        14.094051361083984
    ],
    "wp_3": [
        -0.19306151568889618,
        11.06692886352539
    ],
    "wp_2": [
        -0.05493009835481644,
        7.180387496948242
    ],
    "wp_1": [
        0.09834867715835571,
        3.4830236434936523
    ],
    "aim": [
        0.09834867715835571,
        3.4830236434936523
    ],
    "target": [
        -0.7854474222368908,
        49.412683304644126
    ],
    "desired_speed": 8.347613334655762,
    "angle": 0.01797118646164847,
    "angle_last": 0.27176310574549867,
    "angle_target": -0.010118641964602892,
    "angle_final": -0.010118641964602892,
    "delta": 0.25,
    "agent": "only_traj",
    "steer_traj": -0.016491349561433468,
    "throttle_traj": 0.0,
    "brake_traj": 0.0,
    "plan": [
        [
            0.09834867715835571,
            3.4830236434936523
        ],
        [
            -0.05493009835481644,
            7.180387496948242
        ],
        [
            -0.19306151568889618,
            11.06692886352539
        ],
        [
            -0.8848176002502441,
            14.094051361083984
        ],
        [
            -2.032137632369995,
            20.195817947387695
        ],
        [
            -0.3902137577533722,
            23.805587768554688
        ]
    ]
}