{
    "speed": 5.132082761623631,
    "steer": 0.005656075198203325,
    "throttle": 0.0,
    "brake": 0.0,
    "wp_4": [
        -1.3530893325805664,
        13.725730895996094
    ],
    "wp_3": [
        -0.27504420280456543,
        10.630271911621094
    ],
    "wp_2": [
        -0.1080128401517868,
        6.729960918426514
    ],
    "wp_1": [
        -0.05937620624899864,
        3.0469751358032227
    ],
    "aim": [
        -0.05937620624899864,
        3.0469751358032227
    ],
    "target": [
        0.6577867846520733,
        46.74993915567188
    ],
    "desired_speed": 8.381972217559813,
    "angle": -0.012404182597213794,
    "angle_last": 0.20671648220379926,
    "angle_target": 0.008956855333263227,
    "angle_final": 0.008956855333263227,
    "delta": 0.25,
    "agent": "only_traj",
    "steer_traj": 0.005656075325533164,
    "throttle_traj": 0.0,
    "brake_traj": 0.0,
    "plan": [
        [
            -0.05937620624899864,
            3.0469751358032227
        ],
        [
            -0.1080128401517868,
            6.729960918426514
        ],
        [
            -0.27504420280456543,
            10.630271911621094
        ],
        [
            -1.3530893325805664,
            13.725730895996094
        ],
        [
            -2.3285882472991943,
            19.321290969848633
        ],
        [
            -0.9216600060462952,
            23.500812530517578
        ]
    ]
}