{
    "speed": 4.954015739493108,
    "steer": -0.00998186320066452,
    "throttle": 0.75,
    "brake": 0.0,
    "wp_4": [
        -2.3638885021209717,
        13.698531150817871
    ],
    "wp_3": [
        -0.4121752083301544,
        9.77855396270752
    ],
    "wp_2": [
        -0.12495136260986328,
        6.192714214324951
    ],
    "wp_1": [
        1.1479365825653076,
        2.6953508853912354
    ],
    "aim": [
        1.1479365825653076,
        2.6953508853912354
    ],
    "target": [
        -0.33811016174244024,
        44.974936173435815
    ],
    "desired_speed": 8.17919626235962,
    "angle": 0.2563212622879523,
    "angle_last": 0.12116388528093366,
    "angle_target": -0.00478585580414062,
    "angle_final": -0.00478585580414062,
    "delta": 0.25,
    "agent": "only_traj",
    "steer_traj": -0.009981863137182256,
    "throttle_traj": 0.75,
    "brake_traj": 0.0,
    "plan": [
        [
            1.1479365825653076,
            2.6953508853912354
        ],
        [
            -0.12495136260986328,
            6.192714214324951
        ],
        [
            -0.4121752083301544,
            9.77855396270752
        ],
        [
            -2.3638885021209717,
            13.698531150817871
        ],
        [
            -1.8738855123519897,
            18.808250427246094
        ],
        [
            -1.189683437347412,
            22.359676361083984
        ]
    ]
}