{
    "speed": 4.797205829596191,
    "steer": -0.011723504401743412,
    "throttle": 0.75,
    "brake": 0.0,
    "wp_4": [
        -0.4362765848636627,
        14.448025703430176
    ],
    "wp_3": [
        -0.269902765750885,
        10.335320472717285
    ],
    "wp_2": [
        -0.10549714416265488,
        6.469850540161133
    ],
    "wp_1": [
        -0.0579775907099247,
        2.8744606971740723
    ],
    "aim": [
        -0.0579775907099247,
        2.8744606971740723
    ],
    "target": [
        1.3526266299050151,
        42.22807270690077
    ],
    "desired_speed": 8.19213008880615,
    "angle": -0.012838810301398938,
    "angle_last": -0.025522699263084953,
    "angle_target": 0.020384888059697664,
    "angle_final": -0.012838810301398938,
    "delta": 0.25,
    "agent": "only_traj",
    "steer_traj": -0.011723504756128688,
    "throttle_traj": 0.75,
    "brake_traj": 0.0,
    "plan": [
        [
            -0.0579775907099247,
            2.8744606971740723
        ],
        [
            -0.10549714416265488,
            6.469850540161133
        ],
        [
            -0.269902765750885,
            10.335320472717285
        ],
        [
            -0.4362765848636627,
            14.448025703430176
        ],
        [
            -0.62486332654953,
            18.8595027923584
        ],
        [
            -0.8045865297317505,
            23.339981079101562
        ]
    ]
}