{
    "speed": 4.910160776304251,
    "steer": 0.007240853272378445,
    "throttle": 0.75,
    "brake": 0.0,
    "wp_4": [
        -0.37331458926200867,
        14.847272872924805
    ],
    "wp_3": [
        -0.25105157494544983,
        10.67476749420166
    ],
    "wp_2": [
        -0.12172875553369522,
        6.738439083099365
    ],
    "wp_1": [
        -0.061766866594552994,
        3.0159096717834473
    ],
    "aim": [
        -0.061766866594552994,
        3.0159096717834473
    ],
    "target": [
        0.5309662452166952,
        39.35121972396485
    ],
    "desired_speed": 8.306615543365478,
    "angle": -0.013036354550393862,
    "angle_last": -0.026663264963486304,
    "angle_target": 0.0085893931906952,
    "angle_final": 0.0085893931906952,
    "delta": 0.25,
    "agent": "only_traj",
    "steer_traj": 0.007240853160493014,
    "throttle_traj": 0.75,
    "brake_traj": 0.0,
    "plan": [
        [
            -0.061766866594552994,
            3.0159096717834473
        ],
        [
            -0.12172875553369522,
            6.738439083099365
        ],
        [
            -0.25105157494544983,
            10.67476749420166
        ],
        [
            -0.37331458926200867,
            14.847272872924805
        ],
        [
            -0.555901825428009,
            19.2605037689209
        ],
        [
            -0.7448951005935669,
            23.77031707763672
        ]
    ]
}