{
    "speed": 5.175850867287347,
    "steer": -0.005312072113156319,
    "throttle": 0.0,
    "brake": 0.0,
    "wp_4": [
        -0.34477493166923523,
        14.799405097961426
    ],
    "wp_3": [
        -0.2246619015932083,
        10.717708587646484
    ],
    "wp_2": [
        -0.10249943286180496,
        6.822330474853516
    ],
    "wp_1": [
        0.5511183142662048,
        3.5693421363830566
    ],
    "aim": [
        0.5511183142662048,
        3.5693421363830566
    ],
    "target": [
        -0.1247824732353302,
        37.88574217555849
    ],
    "desired_speed": 7.992835903167725,
    "angle": 0.09752604249234433,
    "angle_last": -0.02736662266601606,
    "angle_target": -0.0020967967866383588,
    "angle_final": -0.0020967967866383588,
    "delta": 0.25,
    "agent": "only_traj",
    "steer_traj": -0.005312072055057292,
    "throttle_traj": 0.0,
    "brake_traj": 0.0,
    "plan": [
        [
            0.5511183142662048,
            3.5693421363830566
        ],
        [
            -0.10249943286180496,
            6.822330474853516
        ],
        [
            -0.2246619015932083,
            10.717708587646484
        ],
        [
            -0.34477493166923523,
            14.799405097961426
        ],
        [
            -0.5352721810340881,
            19.108474731445312
        ],
        [
            -0.7230714559555054,
            23.474489212036133
        ]
    ]
}