{
    "speed": 4.974369811241539,
    "steer": 0.009515739977359772,
    "throttle": 0.75,
    "brake": 0.0,
    "wp_4": [
        -0.25163477659225464,
        14.616344451904297
    ],
    "wp_3": [
        -0.13066239655017853,
        10.57868766784668
    ],
    "wp_2": [
        -0.059529855847358704,
        6.755380630493164
    ],
    "wp_1": [
        1.0848097801208496,
        3.279266834259033
    ],
    "aim": [
        1.0848097801208496,
        3.279266834259033
    ],
    "target": [
        0.4863452950819611,
        34.42748864567827
    ],
    "desired_speed": 8.107408237457275,
    "angle": 0.20338509538162092,
    "angle_last": -0.007360239677140933,
    "angle_target": 0.00899271046822717,
    "angle_final": 0.00899271046822717,
    "delta": 0.25,
    "agent": "only_traj",
    "steer_traj": 0.009515739725584177,
    "throttle_traj": 0.75,
    "brake_traj": 0.0,
    "plan": [
        [
            1.0848097801208496,
            3.279266834259033
        ],
        [
            -0.059529855847358704,
            6.755380630493164
        ],
        [
            -0.13066239655017853,
            10.57868766784668
        ],
        [
            -0.25163477659225464,
            14.616344451904297
        ],
        [
            -0.31773167848587036,
            18.98040771484375
        ],
        [
            -0.3683803081512451,
            23.361005783081055
        ]
    ]
}