{
    "speed": 4.820721713939006,
    "steer": -0.006768602412194014,
    "throttle": 0.75,
    "brake": 0.0,
    "wp_4": [
        -0.4736747443675995,
        14.337921142578125
    ],
    "wp_3": [
        -0.1972646415233612,
        10.34271240234375
    ],
    "wp_2": [
        -0.08504420518875122,
        6.503582000732422
    ],
    "wp_1": [
        0.21644993126392365,
        2.5963094234466553
    ],
    "aim": [
        0.21644993126392365,
        2.5963094234466553
    ],
    "target": [
        -0.4656946252600691,
        33.19900610924258
    ],
    "desired_speed": 8.304276180267333,
    "angle": 0.05295146905893333,
    "angle_last": 0.04556044546707175,
    "angle_target": -0.008929513204319577,
    "angle_final": -0.008929513204319577,
    "delta": 0.25,
    "agent": "only_traj",
    "steer_traj": -0.006768602412317051,
    "throttle_traj": 0.75,
    "brake_traj": 0.0,
    "plan": [
        [
            0.21644993126392365,
            2.5963094234466553
        ],
        [
            -0.08504420518875122,
            6.503582000732422
        ],
        [
            -0.1972646415233612,
            10.34271240234375
        ],
        [
            -0.4736747443675995,
            14.337921142578125
        ],
        [
            -0.8854043483734131,
            18.830089569091797
        ],
        [
            -0.5646843314170837,
            23.303884506225586
        ]
    ]
}