{
    "speed": 4.929688893613624,
    "steer": 0.005971450358629227,
    "throttle": 0.75,
    "brake": 0.0,
    "wp_4": [
        -0.14388220012187958,
        14.620715141296387
    ],
    "wp_3": [
        -0.0978768989443779,
        10.49084186553955
    ],
    "wp_2": [
        -0.061935387551784515,
        6.604639530181885
    ],
    "wp_1": [
        0.036082129925489426,
        1.717182993888855
    ],
    "aim": [
        0.036082129925489426,
        1.717182993888855
    ],
    "target": [
        0.3128021437927364,
        30.63741279697286
    ],
    "desired_speed": 8.71255121231079,
    "angle": 0.013374924496174554,
    "angle_last": 0.0026124436390039074,
    "angle_target": 0.006499540676059986,
    "angle_final": 0.006499540676059986,
    "delta": 0.25,
    "agent": "only_traj",
    "steer_traj": 0.005971450449650317,
    "throttle_traj": 0.75,
    "brake_traj": 0.0,
    "plan": [
        [
            0.036082129925489426,
            1.717182993888855
        ],
        [
            -0.061935387551784515,
            6.604639530181885
        ],
        [
            -0.0978768989443779,
            10.49084186553955
        ],
        [
            -0.14388220012187958,
            14.620715141296387
        ],
        [
            -0.2991957366466522,
            19.016271591186523
        ],
        [
            -0.2808190584182739,
            23.494375228881836
        ]
    ]
}