{
    "speed": 5.1943848892536675,
    "steer": 0.0050032068975269794,
    "throttle": 0.0,
    "brake": 0.0,
    "wp_4": [
        -0.09798836708068848,
        15.045770645141602
    ],
    "wp_3": [
        -0.07422560453414917,
        10.918615341186523
    ],
    "wp_2": [
        -0.05260711908340454,
        7.004397869110107
    ],
    "wp_1": [
        -0.1862400621175766,
        3.2217371463775635
    ],
    "aim": [
        -0.1862400621175766,
        3.2217371463775635
    ],
    "target": [
        0.1041755963771216,
        27.594778733423087
    ],
    "desired_speed": 8.289817428588867,
    "angle": -0.036760333613516154,
    "angle_last": 0.019263610034596437,
    "angle_target": 0.002403350649344086,
    "angle_final": 0.002403350649344086,
    "delta": 0.25,
    "agent": "only_traj",
    "steer_traj": 0.005003207062956903,
    "throttle_traj": 0.0,
    "brake_traj": 0.0,
    "plan": [
        [
            -0.1862400621175766,
            3.2217371463775635
        ],
        [
            -0.05260711908340454,
            7.004397869110107
        ],
        [
            -0.07422560453414917,
            10.918615341186523
        ],
        [
            -0.09798836708068848,
            15.045770645141602
        ],
        [
            -0.33004695177078247,
            19.399337768554688
        ],
        [
            -0.19274304807186127,
            23.935535430908203
        ]
    ]
}