{
    "speed": 4.9793354596482295,
    "steer": -0.004923716653138399,
    "throttle": 0.75,
    "brake": 0.0,
    "wp_4": [
        -0.017866935580968857,
        14.63603687286377
    ],
    "wp_3": [
        -0.02760796993970871,
        10.573744773864746
    ],
    "wp_2": [
        -0.01753663644194603,
        6.761094570159912
    ],
    "wp_1": [
        -0.4946646988391876,
        2.879579544067383
    ],
    "aim": [
        -0.4946646988391876,
        2.879579544067383
    ],
    "target": [
        -0.35017423500692146,
        25.334955216537203
    ],
    "desired_speed": 8.295856952667236,
    "angle": -0.10830375720274092,
    "angle_last": -0.04597873637231925,
    "angle_target": -0.00879865961207205,
    "angle_final": -0.00879865961207205,
    "delta": 0.25,
    "agent": "only_traj",
    "steer_traj": -0.004923716573098404,
    "throttle_traj": 0.75,
    "brake_traj": 0.0,
    "plan": [
        [
            -0.4946646988391876,
            2.879579544067383
        ],
        [
            -0.01753663644194603,
            6.761094570159912
        ],
        [
            -0.02760796993970871,
            10.573744773864746
        ],
        [
            -0.017866935580968857,
            14.63603687286377
        ],
        [
            -0.2764017581939697,
            18.8719539642334
        ],
        [
            -0.6162881851196289,
            23.569820404052734
        ]
    ]
}