{
    "speed": 4.825653778415786,
    "steer": 0.0028351987712085247,
    "throttle": 0.75,
    "brake": 0.0,
    "wp_4": [
        -0.06286444514989853,
        14.71363639831543
    ],
    "wp_3": [
        -0.05199207738041878,
        10.635687828063965
    ],
    "wp_2": [
        -0.11324792355298996,
        6.82696008682251
    ],
    "wp_1": [
        -0.5540316104888916,
        3.0782999992370605
    ],
    "aim": [
        -0.5540316104888916,
        3.0782999992370605
    ],
    "target": [
        0.08606670425162033,
        22.503795850932054
    ],
    "desired_speed": 8.170392036437988,
    "angle": -0.11336500326871117,
    "angle_last": 0.0016614536335657986,
    "angle_target": 0.0024347669560206993,
    "angle_final": 0.0024347669560206993,
    "delta": 0.25,
    "agent": "only_traj",
    "steer_traj": 0.002835198879541761,
    "throttle_traj": 0.75,
    "brake_traj": 0.0,
    "plan": [
        [
            -0.5540316104888916,
            3.0782999992370605
        ],
        [
            -0.11324792355298996,
            6.82696008682251
        ],
        [
            -0.05199207738041878,
            10.635687828063965
        ],
        [
            -0.06286444514989853,
            14.71363639831543
        ],
        [
            -0.08210987597703934,
            19.07356071472168
        ],
        [
            -0.07061529904603958,
            23.477890014648438
        ]
    ]
}