{
    "speed": 4.9340956497336625,
    "steer": -0.00523750064894557,
    "throttle": 0.75,
    "brake": 0.0,
    "wp_4": [
        -0.06532534956932068,
        14.5655517578125
    ],
    "wp_3": [
        -0.08496860414743423,
        10.473747253417969
    ],
    "wp_2": [
        -0.32919928431510925,
        6.656371593475342
    ],
    "wp_1": [
        -0.032114531844854355,
        2.9415550231933594
    ],
    "aim": [
        -0.032114531844854355,
        2.9415550231933594
    ],
    "target": [
        0.8071506272002847,
        19.918720406902803
    ],
    "desired_speed": 8.185853958129883,
    "angle": -0.006950048871986277,
    "angle_last": 0.0005875961140582385,
    "angle_target": 0.025783135671167322,
    "angle_final": -0.006950048871986277,
    "delta": 0.25,
    "agent": "only_traj",
    "steer_traj": -0.005237500704905342,
    "throttle_traj": 0.75,
    "brake_traj": 0.0,
    "plan": [
        [
            -0.032114531844854355,
            2.9415550231933594
        ],
        [
            -0.32919928431510925,
            6.656371593475342
        ],
        [
            -0.08496860414743423,
            10.473747253417969
        ],
        [
            -0.06532534956932068,
            14.5655517578125
        ],
        [
            -0.0848129540681839,
            18.962173461914062
        ],
        [
            -0.08072949200868607,
            23.386432647705078
        ]
    ]
}