{
    "speed": 5.201220642981635,
    "steer": -0.002245974959805608,
    "throttle": 0.0,
    "brake": 0.0,
    "wp_4": [
        0.058731552213430405,
        15.0260648727417
    ],
    "wp_3": [
        0.026679009199142456,
        10.913366317749023
    ],
    "wp_2": [
        -0.0060524833388626575,
        7.027811050415039
    ],
    "wp_1": [
        -0.01369682140648365,
        3.2465367317199707
    ],
    "aim": [
        -0.01369682140648365,
        3.2465367317199707
    ],
    "target": [
        0.7350892425483696,
        16.592448009056007
    ],
    "desired_speed": 8.200193786621094,
    "angle": -0.0026858099911657614,
    "angle_last": 0.008500977395444234,
    "angle_target": 0.028185505792915486,
    "angle_final": -0.0026858099911657614,
    "delta": 0.25,
    "agent": "only_traj",
    "steer_traj": -0.0022459748569725515,
    "throttle_traj": 0.0,
    "brake_traj": 0.0,
    "plan": [
        [
            -0.01369682140648365,
            3.2465367317199707
        ],
        [
            -0.0060524833388626575,
            7.027811050415039
        ],
        [
            0.026679009199142456,
            10.913366317749023
        ],
        [
            0.058731552213430405,
            15.0260648727417
        ],
        [
            0.10140161216259003,
            19.37117576599121
        ],
        [
            0.15982553362846375,
            23.746150970458984
        ]
    ]
}