{
    "speed": 4.954809145204105,
    "steer": 0.0005609169602394104,
    "throttle": 0.75,
    "brake": 0.0,
    "wp_4": [
        -0.028075149282813072,
        14.86148452758789
    ],
    "wp_3": [
        -0.609072744846344,
        10.732780456542969
    ],
    "wp_2": [
        -0.4364010691642761,
        6.795857906341553
    ],
    "wp_1": [
        0.006144572980701923,
        3.189149856567383
    ],
    "aim": [
        0.006144572980701923,
        3.189149856567383
    ],
    "target": [
        0.28030112336255875,
        14.99402117958102
    ],
    "desired_speed": 8.108377265930175,
    "angle": 0.0012265982564083203,
    "angle_last": 0.010178168291636253,
    "angle_target": 0.011899706710772924,
    "angle_final": 0.0012265982564083203,
    "delta": 0.25,
    "agent": "only_traj",
    "steer_traj": 0.0005609169385677189,
    "throttle_traj": 0.75,
    "brake_traj": 0.0,
    "plan": [
        [
            0.006144572980701923,
            3.189149856567383
        ],
        [
            -0.4364010691642761,
            6.795857906341553
        ],
        [
            -0.609072744846344,
            10.732780456542969
        ],
        [
            -0.028075149282813072,
            14.86148452758789
        ],
        [
            0.08833172917366028,
            19.077716827392578
        ],
        [
            0.15722429752349854,
            23.386423110961914
        ]
    ]
}