{
    "speed": 4.821099153889767,
    "steer": 0.000661003403365612,
    "throttle": 0.75,
    "brake": 0.0,
    "wp_4": [
        -0.2625929117202759,
        15.030181884765625
    ],
    "wp_3": [
        -0.6257339715957642,
        10.746381759643555
    ],
    "wp_2": [
        -0.18929457664489746,
        6.872713565826416
    ],
    "wp_1": [
        0.009508783929049969,
        3.2850303649902344
    ],
    "aim": [
        0.009508783929049969,
        3.2850303649902344
    ],
    "target": [
        -0.6460126572754741,
        12.94565068760901
    ],
    "desired_speed": 8.080235195159911,
    "angle": 0.0018427572105342484,
    "angle_last": 0.0015929240688933376,
    "angle_target": -0.031742210024812756,
    "angle_final": 0.0018427572105342484,
    "delta": 0.25,
    "agent": "only_traj",
    "steer_traj": 0.0006610034151757608,
    "throttle_traj": 0.75,
    "brake_traj": 0.0,
    "plan": [
        [
            0.009508783929049969,
            3.2850303649902344
        ],
        [
            -0.18929457664489746,
            6.872713565826416
        ],
        [
            -0.6257339715957642,
            10.746381759643555
        ],
        [
            -0.2625929117202759,
            15.030181884765625
        ],
        [
            -0.05409151315689087,
            19.15932846069336
        ],
        [
            -0.04339337348937988,
            23.434967041015625
        ]
    ]
}