{
    "speed": 4.934618655744714,
    "steer": -0.021810485050082207,
    "throttle": 0.75,
    "brake": 0.0,
    "wp_4": [
        -0.2847422659397125,
        15.034872055053711
    ],
    "wp_3": [
        -0.33906781673431396,
        10.649603843688965
    ],
    "wp_2": [
        -0.014449589885771275,
        6.910530090332031
    ],
    "wp_1": [
        0.32104626297950745,
        3.563408613204956
    ],
    "aim": [
        0.32104626297950745,
        3.563408613204956
    ],
    "target": [
        -0.2187886210754144,
        10.314701833784873
    ],
    "desired_speed": 8.053220081329346,
    "angle": 0.05720197167042304,
    "angle_last": 0.0027256729972445636,
    "angle_target": -0.01350153217496895,
    "angle_final": -0.01350153217496895,
    "delta": 0.25,
    "agent": "only_traj",
    "steer_traj": -0.021810485981351956,
    "throttle_traj": 0.75,
    "brake_traj": 0.0,
    "plan": [
        [
            0.32104626297950745,
            3.563408613204956
        ],
        [
            -0.014449589885771275,
            6.910530090332031
        ],
        [
            -0.33906781673431396,
            10.649603843688965
        ],
        [
            -0.2847422659397125,
            15.034872055053711
        ],
        [
            0.0034653255715966225,
            19.265304565429688
        ],
        [
            0.022261852398514748,
            23.655439376831055
        ]
    ]
}