{
    "speed": 5.175719047627531,
    "steer": 0.05259016528725624,
    "throttle": 0.0,
    "brake": 0.0,
    "wp_4": [
        -0.30736303329467773,
        15.249578475952148
    ],
    "wp_3": [
        -0.06647481769323349,
        10.88455581665039
    ],
    "wp_2": [
        0.0013629640452563763,
        7.052185535430908
    ],
    "wp_1": [
        0.9508419632911682,
        3.7347965240478516
    ],
    "aim": [
        0.9508419632911682,
        3.7347965240478516
    ],
    "target": [
        0.5487774782762257,
        7.941892998475136
    ],
    "desired_speed": 8.179823875427246,
    "angle": 0.1587054888169733,
    "angle_last": 0.01222904642641875,
    "angle_target": 0.043920026253431874,
    "angle_final": 0.043920026253431874,
    "delta": 0.25,
    "agent": "only_traj",
    "steer_traj": 0.052590166655909924,
    "throttle_traj": 0.0,
    "brake_traj": 0.0,
    "plan": [
        [
            0.9508419632911682,
            3.7347965240478516
        ],
        [
            0.0013629640452563763,
            7.052185535430908
        ],
        [
            -0.06647481769323349,
            10.88455581665039
        ],
        [
            -0.30736303329467773,
            15.249578475952148
        ],
        [
            0.14121943712234497,
            19.545690536499023
        ],
        [
            0.227173313498497,
            24.019729614257812
        ]
    ]
}