{
    "speed": 4.962013465471652,
    "steer": 0.022293906658887863,
    "throttle": 0.75,
    "brake": 0.0,
    "wp_4": [
        -0.5967200994491577,
        14.62429141998291
    ],
    "wp_3": [
        -0.128097265958786,
        10.636310577392578
    ],
    "wp_2": [
        -0.04486194998025894,
        6.868893146514893
    ],
    "wp_1": [
        1.3328818082809448,
        3.3562204837799072
    ],
    "aim": [
        1.3328818082809448,
        3.3562204837799072
    ],
    "target": [
        0.16035558814098538,
        5.654457764868985
    ],
    "desired_speed": 8.060054683685303,
    "angle": 0.240665482127403,
    "angle_last": 0.0024857815753955596,
    "angle_target": 0.018049154902834923,
    "angle_final": 0.018049154902834923,
    "delta": 0.25,
    "agent": "only_traj",
    "steer_traj": 0.022293907149754003,
    "throttle_traj": 0.75,
    "brake_traj": 0.0,
    "plan": [
        [
            1.3328818082809448,
            3.3562204837799072
        ],
        [
            -0.04486194998025894,
            6.868893146514893
        ],
        [
            -0.128097265958786,
            10.636310577392578
        ],
        [
            -0.5967200994491577,
            14.62429141998291
        ],
        [
            -0.30262625217437744,
            18.97616958618164
        ],
        [
            -0.28610432147979736,
            23.20751190185547
        ]
    ]
}