{
    "speed": 4.782754182153265,
    "steer": -0.01881292276084423,
    "throttle": 0.75,
    "brake": 0.0,
    "wp_4": [
        -0.39286622405052185,
        14.432332992553711
    ],
    "wp_3": [
        -0.1516043245792389,
        10.534883499145508
    ],
    "wp_2": [
        -0.04994384944438934,
        6.7472076416015625
    ],
    "wp_1": [
        0.9656544923782349,
        2.823913335800171
    ],
    "aim": [
        0.9656544923782349,
        2.823913335800171
    ],
    "target": [
        -2.2430372675591617,
        54.51846648174911
    ],
    "desired_speed": 8.136246585845948,
    "angle": 0.20976046984390162,
    "angle_last": 0.026096075934332528,
    "angle_target": -0.02617749672364355,
    "angle_final": -0.02617749672364355,
    "delta": 0.25,
    "agent": "only_traj",
    "steer_traj": -0.018812922882835037,
    "throttle_traj": 0.75,
    "brake_traj": 0.0,
    "plan": [
        [
            0.9656544923782349,
            2.823913335800171
        ],
        [
            -0.04994384944438934,
            6.7472076416015625
        ],
        [
            -0.1516043245792389,
            10.534883499145508
        ],
        [
            -0.39286622405052185,
            14.432332992553711
        ],
        [
            -0.6264785528182983,
            18.888620376586914
        ],
        [
            -0.4571629464626312,
            23.016796112060547
        ]
    ]
}