{
    "speed": 4.900040064693176,
    "steer": -0.012597103603184223,
    "throttle": 0.75,
    "brake": 0.0,
    "wp_4": [
        -0.021581001579761505,
        14.957303047180176
    ],
    "wp_3": [
        -0.02361861616373062,
        10.856596946716309
    ],
    "wp_2": [
        -0.0066459025256335735,
        6.990448474884033
    ],
    "wp_1": [
        0.9197239875793457,
        3.3510336875915527
    ],
    "aim": [
        0.9197239875793457,
        3.3510336875915527
    ],
    "target": [
        -1.16526040232867,
        50.440344191116104
    ],
    "desired_speed": 8.264623355865478,
    "angle": 0.17052748379639449,
    "angle_last": 0.07262765034693373,
    "angle_target": -0.014704417609930196,
    "angle_final": -0.014704417609930196,
    "delta": 0.25,
    "agent": "only_traj",
    "steer_traj": -0.012597103285194748,
    "throttle_traj": 0.75,
    "brake_traj": 0.0,
    "plan": [
        [
            0.9197239875793457,
            3.3510336875915527
        ],
        [
            -0.0066459025256335735,
            6.990448474884033
        ],
        [
            -0.02361861616373062,
            10.856596946716309
        ],
        [
            -0.021581001579761505,
            14.957303047180176
        ],
        [
            -0.5397310256958008,
            19.320411682128906
        ],
        [
            -0.022296948358416557,
            23.836299896240234
        ]
    ]
}