{
    "speed": 5.170294793178258,
    "steer": -0.004689477849751711,
    "throttle": 0.0,
    "brake": 0.0,
    "wp_4": [
        0.0683150365948677,
        15.198887825012207
    ],
    "wp_3": [
        0.004114154726266861,
        10.99133586883545
    ],
    "wp_2": [
        -0.005856827832758427,
        7.0646233558654785
    ],
    "wp_1": [
        0.35652053356170654,
        2.895096778869629
    ],
    "aim": [
        0.35652053356170654,
        2.895096778869629
    ],
    "target": [
        -0.6130584171058544,
        48.129075692536595
    ],
    "desired_speed": 8.620154476165771,
    "angle": 0.07800467882553087,
    "angle_last": 0.07541110421569547,
    "angle_target": -0.008108695175885769,
    "angle_final": -0.008108695175885769,
    "delta": 0.25,
    "agent": "only_traj",
    "steer_traj": -0.004689477673056463,
    "throttle_traj": 0.0,
    "brake_traj": 0.0,
    "plan": [
        [
            0.35652053356170654,
            2.895096778869629
        ],
        [
            -0.005856827832758427,
            7.0646233558654785
        ],
        [
            0.004114154726266861,
            10.99133586883545
        ],
        [
            0.0683150365948677,
            15.198887825012207
        ],
        [
            -0.4659155607223511,
            19.618253707885742
        ],
        [
            0.09884116053581238,
            24.363601684570312
        ]
    ]
}