{
    "speed": 4.948816716463953,
    "steer": -0.009667543694376945,
    "throttle": 0.75,
    "brake": 0.0,
    "wp_4": [
        0.09992285072803497,
        14.771307945251465
    ],
    "wp_3": [
        0.0519607774913311,
        10.694584846496582
    ],
    "wp_2": [
        0.01584925502538681,
        6.897387981414795
    ],
    "wp_1": [
        0.04817330464720726,
        3.116288661956787
    ],
    "aim": [
        0.04817330464720726,
        3.116288661956787
    ],
    "target": [
        -0.196736325293144,
        45.451692782806944
    ],
    "desired_speed": 8.239860916137694,
    "angle": 0.009840453382674513,
    "angle_last": -0.010952312052641416,
    "angle_target": -0.002755572890135688,
    "angle_final": -0.002755572890135688,
    "delta": 0.25,
    "agent": "only_traj",
    "steer_traj": -0.009667543380212711,
    "throttle_traj": 0.75,
    "brake_traj": 0.0,
    "plan": [
        [
            0.04817330464720726,
            3.116288661956787
        ],
        [
            0.01584925502538681,
            6.897387981414795
        ],
        [
            0.0519607774913311,
            10.694584846496582
        ],
        [
            0.09992285072803497,
            14.771307945251465
        ],
        [
            -0.29836952686309814,
            19.00300407409668
        ],
        [
            -0.37911418080329895,
            23.695951461791992
        ]
    ]
}