{
    "speed": 4.816552121161269,
    "steer": -0.006624128203839064,
    "throttle": 0.75,
    "brake": 0.0,
    "wp_4": [
        -0.12229736149311066,
        14.776026725769043
    ],
    "wp_3": [
        -0.09138504415750504,
        10.721525192260742
    ],
    "wp_2": [
        -0.08626950532197952,
        6.952075004577637
    ],
    "wp_1": [
        -0.008664162829518318,
        3.1872949600219727
    ],
    "aim": [
        -0.008664162829518318,
        3.1872949600219727
    ],
    "target": [
        -0.139854102528866,
        42.99575531735266
    ],
    "desired_speed": 8.077589797973634,
    "angle": -0.0017304941992533113,
    "angle_last": -0.3013441035679681,
    "angle_target": -0.0020707526186892152,
    "angle_final": -0.0017304941992533113,
    "delta": 0.25,
    "agent": "only_traj",
    "steer_traj": -0.006624128037685606,
    "throttle_traj": 0.75,
    "brake_traj": 0.0,
    "plan": [
        [
            -0.008664162829518318,
            3.1872949600219727
        ],
        [
            -0.08626950532197952,
            6.952075004577637
        ],
        [
            -0.09138504415750504,
            10.721525192260742
        ],
        [
            -0.12229736149311066,
            14.776026725769043
        ],
        [
            -0.19398120045661926,
            19.051179885864258
        ],
        [
            -2.167248010635376,
            22.903804779052734
        ]
    ]
}