{
    "speed": 4.9257198044179775,
    "steer": -0.014092045836150646,
    "throttle": 0.75,
    "brake": 0.0,
    "wp_4": [
        -0.28190064430236816,
        14.40329647064209
    ],
    "wp_3": [
        -0.177705317735672,
        10.406320571899414
    ],
    "wp_2": [
        -0.2232375144958496,
        6.603896617889404
    ],
    "wp_1": [
        -0.03635090962052345,
        2.9908876419067383
    ],
    "aim": [
        -0.03635090962052345,
        2.9908876419067383
    ],
    "target": [
        0.6484406472502426,
        41.582757462611916
    ],
    "desired_speed": 7.7070734024047844,
    "angle": -0.007737038446353302,
    "angle_last": -0.22086170784798448,
    "angle_target": 0.009926630796066534,
    "angle_final": -0.007737038446353302,
    "delta": 0.25,
    "agent": "only_traj",
    "steer_traj": -0.014092045581497589,
    "throttle_traj": 0.75,
    "brake_traj": 0.0,
    "plan": [
        [
            -0.03635090962052345,
            2.9908876419067383
        ],
        [
            -0.2232375144958496,
            6.603896617889404
        ],
        [
            -0.177705317735672,
            10.406320571899414
        ],
        [
            -0.28190064430236816,
            14.40329647064209
        ],
        [
            -0.4683397710323334,
            18.629953384399414
        ],
        [
            -1.6985162496566772,
            22.032442092895508
        ]
    ]
}