{
    "speed": 5.19405414642933,
    "steer": -0.005415798630565405,
    "throttle": 0.0,
    "brake": 0.0,
    "wp_4": [
        -0.2410300374031067,
        15.123132705688477
    ],
    "wp_3": [
        -0.20036381483078003,
        11.032257080078125
    ],
    "wp_2": [
        -0.5709903836250305,
        7.0953898429870605
    ],
    "wp_1": [
        -0.040406905114650726,
        3.285710334777832
    ],
    "aim": [
        -0.040406905114650726,
        3.285710334777832
    ],
    "target": [
        -0.10173374189315076,
        38.179132603651304
    ],
    "desired_speed": 7.857585716247559,
    "angle": -0.007828562981231474,
    "angle_last": -0.11781828660755947,
    "angle_target": -0.0016963601293241855,
    "angle_final": -0.0016963601293241855,
    "delta": 0.25,
    "agent": "only_traj",
    "steer_traj": -0.005415798532458149,
    "throttle_traj": 0.0,
    "brake_traj": 0.0,
    "plan": [
        [
            -0.040406905114650726,
            3.285710334777832
        ],
        [
            -0.5709903836250305,
            7.0953898429870605
        ],
        [
            -0.20036381483078003,
            11.032257080078125
        ],
        [
            -0.2410300374031067,
            15.123132705688477
        ],
        [
            -0.3785797953605652,
            19.398273468017578
        ],
        [
            -1.0179932117462158,
            22.813745498657227
        ]
    ]
}