{
    "speed": 4.965039895541091,
    "steer": -0.006025232374668121,
    "throttle": 0.75,
    "brake": 0.0,
    "wp_4": [
        -0.5323664546012878,
        14.275492668151855
    ],
    "wp_3": [
        -0.3879106640815735,
        10.24406909942627
    ],
    "wp_2": [
        -0.5315068960189819,
        6.356053352355957
    ],
    "wp_1": [
        -0.027601849287748337,
        2.9279136657714844
    ],
    "aim": [
        -0.027601849287748337,
        2.9279136657714844
    ],
    "target": [
        -0.33194110379997976,
        35.22131833738348
    ],
    "desired_speed": 7.853896522521972,
    "angle": -0.006001335596271506,
    "angle_last": -0.15531443144012314,
    "angle_target": -0.005999605459393156,
    "angle_final": -0.005999605459393156,
    "delta": 0.25,
    "agent": "only_traj",
    "steer_traj": -0.006025232160322631,
    "throttle_traj": 0.75,
    "brake_traj": 0.0,
    "plan": [
        [
            -0.027601849287748337,
            2.9279136657714844
        ],
        [
            -0.5315068960189819,
            6.356053352355957
        ],
        [
            -0.3879106640815735,
            10.24406909942627
        ],
        [
            -0.5323664546012878,
            14.275492668151855
        ],
        [
            -0.8033051490783691,
            18.602933883666992
        ],
        [
            -1.7475831508636475,
            22.396345138549805
        ]
    ]
}