{
    "speed": 4.822472431771069,
    "steer": 0.0013166393619030714,
    "throttle": 0.75,
    "brake": 0.0,
    "wp_4": [
        -0.2984673082828522,
        14.402388572692871
    ],
    "wp_3": [
        -0.24996908009052277,
        10.32850170135498
    ],
    "wp_2": [
        -0.061548009514808655,
        6.519603729248047
    ],
    "wp_1": [
        0.1538494974374771,
        3.236416816711426
    ],
    "aim": [
        0.1538494974374771,
        3.236416816711426
    ],
    "target": [
        0.12779636305506425,
        33.585200397024245
    ],
    "desired_speed": 7.919770908355713,
    "angle": 0.03024025526774237,
    "angle_last": -0.019694043498368403,
    "angle_target": 0.0024224151691085412,
    "angle_final": 0.0024224151691085412,
    "delta": 0.25,
    "agent": "only_traj",
    "steer_traj": 0.0013166393675816009,
    "throttle_traj": 0.75,
    "brake_traj": 0.0,
    "plan": [
        [
            0.1538494974374771,
            3.236416816711426
        ],
        [
            -0.061548009514808655,
            6.519603729248047
        ],
        [
            -0.24996908009052277,
            10.32850170135498
        ],
        [
            -0.2984673082828522,
            14.402388572692871
        ],
        [
            -0.4544633626937866,
            18.686138153076172
        ],
        [
            -0.5885423421859741,
            23.0189266204834
        ]
    ]
}