{
    "speed": 4.93268468986949,
    "steer": 0.01619804836809635,
    "throttle": 0.75,
    "brake": 0.0,
    "wp_4": [
        -0.5598986744880676,
        14.334637641906738
    ],
    "wp_3": [
        -0.37430357933044434,
        10.184513092041016
    ],
    "wp_2": [
        -0.15423078835010529,
        6.3366007804870605
    ],
    "wp_1": [
        0.9125133156776428,
        3.167557954788208
    ],
    "aim": [
        0.9125133156776428,
        3.167557954788208
    ],
    "target": [
        0.8213628492895411,
        30.75317494024683
    ],
    "desired_speed": 8.129815101623535,
    "angle": 0.1785632013549145,
    "angle_last": -0.03712506571519483,
    "angle_target": 0.016998945702536312,
    "angle_final": 0.016998945702536312,
    "delta": 0.25,
    "agent": "only_traj",
    "steer_traj": 0.016198048593171935,
    "throttle_traj": 0.75,
    "brake_traj": 0.0,
    "plan": [
        [
            0.9125133156776428,
            3.167557954788208
        ],
        [
            -0.15423078835010529,
            6.3366007804870605
        ],
        [
            -0.37430357933044434,
            10.184513092041016
        ],
        [
            -0.5598986744880676,
            14.334637641906738
        ],
        [
            -0.7467347383499146,
            18.76201820373535
        ],
        [
            -1.0113961696624756,
            23.295276641845703
        ]
    ]
}