{
    "speed": 5.192156887934565,
    "steer": -0.0005502743879333138,
    "throttle": 0.0,
    "brake": 0.0,
    "wp_4": [
        -0.8118931651115417,
        15.172969818115234
    ],
    "wp_3": [
        -0.4580480456352234,
        10.923844337463379
    ],
    "wp_2": [
        -0.15816494822502136,
        7.013241291046143
    ],
    "wp_1": [
        0.9107991456985474,
        3.597914218902588
    ],
    "aim": [
        0.9107991456985474,
        3.597914218902588
    ],
    "target": [
        -0.21447062383173776,
        27.3444829683843
    ],
    "desired_speed": 8.254696369171143,
    "angle": 0.15784207701489292,
    "angle_last": -0.039205617227371495,
    "angle_target": -0.004993089107265418,
    "angle_final": -0.004993089107265418,
    "delta": 0.25,
    "agent": "only_traj",
    "steer_traj": -0.0005502744095566825,
    "throttle_traj": 0.0,
    "brake_traj": 0.0,
    "plan": [
        [
            0.9107991456985474,
            3.597914218902588
        ],
        [
            -0.15816494822502136,
            7.013241291046143
        ],
        [
            -0.4580480456352234,
            10.923844337463379
        ],
        [
            -0.8118931651115417,
            15.172969818115234
        ],
        [
            -0.7774518728256226,
            19.55821418762207
        ],
        [
            -1.0535887479782104,
            24.03644561767578
        ]
    ]
}