{
    "speed": 4.979429351444167,
    "steer": -0.005444226320832968,
    "throttle": 0.75,
    "brake": 0.0,
    "wp_4": [
        -0.4789316952228546,
        14.316866874694824
    ],
    "wp_3": [
        -0.31554538011550903,
        10.284843444824219
    ],
    "wp_2": [
        -0.12391898036003113,
        6.499716758728027
    ],
    "wp_1": [
        0.6840834021568298,
        2.9410388469696045
    ],
    "aim": [
        0.6840834021568298,
        2.9410388469696045
    ],
    "target": [
        -0.2956958244510046,
        24.716091015360732
    ],
    "desired_speed": 8.08898048400879,
    "angle": 0.14549028702885108,
    "angle_last": -0.0347326781219117,
    "angle_target": -0.00761596273034568,
    "angle_final": -0.00761596273034568,
    "delta": 0.25,
    "agent": "only_traj",
    "steer_traj": -0.005444226145660518,
    "throttle_traj": 0.75,
    "brake_traj": 0.0,
    "plan": [
        [
            0.6840834021568298,
            2.9410388469696045
        ],
        [
            -0.12391898036003113,
            6.499716758728027
        ],
        [
            -0.31554538011550903,
            10.284843444824219
        ],
        [
            -0.4789316952228546,
            14.316866874694824
        ],
        [
            -0.7407601475715637,
            18.636184692382812
        ],
        [
            -0.9818218350410461,
            23.050251007080078
        ]
    ]
}