{
    "speed": 4.82907555459316,
    "steer": -0.01786576211452484,
    "throttle": 0.75,
    "brake": 0.0,
    "wp_4": [
        -0.5665103197097778,
        14.347262382507324
    ],
    "wp_3": [
        -0.37357038259506226,
        10.302797317504883
    ],
    "wp_2": [
        -0.1560252606868744,
        6.507463455200195
    ],
    "wp_1": [
        0.6755668520927429,
        2.889664649963379
    ],
    "aim": [
        0.6755668520927429,
        2.889664649963379
    ],
    "target": [
        -0.4952991349768294,
        23.428057186921023
    ],
    "desired_speed": 8.156145286560058,
    "angle": 0.146207608673684,
    "angle_last": -0.03669354954163158,
    "angle_target": -0.013456952714265983,
    "angle_final": -0.013456952714265983,
    "delta": 0.25,
    "agent": "only_traj",
    "steer_traj": -0.017865762180102832,
    "throttle_traj": 0.75,
    "brake_traj": 0.0,
    "plan": [
        [
            0.6755668520927429,
            2.889664649963379
        ],
        [
            -0.1560252606868744,
            6.507463455200195
        ],
        [
            -0.37357038259506226,
            10.302797317504883
        ],
        [
            -0.5665103197097778,
            14.347262382507324
        ],
        [
            -0.8489354252815247,
            18.704784393310547
        ],
        [
            -1.105912446975708,
            23.158302307128906
        ]
    ]
}