{
    "speed": 4.9369275652553855,
    "steer": -0.009956537745893002,
    "throttle": 0.75,
    "brake": 0.0,
    "wp_4": [
        -0.6650784611701965,
        14.616679191589355
    ],
    "wp_3": [
        -0.4361776113510132,
        10.566768646240234
    ],
    "wp_2": [
        -0.1811598241329193,
        6.715912818908691
    ],
    "wp_1": [
        0.48570019006729126,
        2.8900575637817383
    ],
    "aim": [
        0.48570019006729126,
        2.8900575637817383
    ],
    "target": [
        -0.2547087357718518,
        21.43742213089244
    ],
    "desired_speed": 8.131690979003906,
    "angle": 0.10599911983071747,
    "angle_last": -0.08542603857778322,
    "angle_target": -0.007563642059157059,
    "angle_final": -0.007563642059157059,
    "delta": 0.25,
    "agent": "only_traj",
    "steer_traj": -0.00995653736576348,
    "throttle_traj": 0.75,
    "brake_traj": 0.0,
    "plan": [
        [
            0.48570019006729126,
            2.8900575637817383
        ],
        [
            -0.1811598241329193,
            6.715912818908691
        ],
        [
            -0.4361776113510132,
            10.566768646240234
        ],
        [
            -0.6650784611701965,
            14.616679191589355
        ],
        [
            -0.9944406747817993,
            18.95769500732422
        ],
        [
            -1.5531961917877197,
            23.096681594848633
        ]
    ]
}