{
    "speed": 5.187819460894851,
    "steer": 0.017549391835927963,
    "throttle": 0.0,
    "brake": 0.0,
    "wp_4": [
        -0.5227453708648682,
        15.103137016296387
    ],
    "wp_3": [
        0.04466580972075462,
        11.190560340881348
    ],
    "wp_2": [
        0.36258697509765625,
        6.851770401000977
    ],
    "wp_1": [
        -0.10176864266395569,
        2.9668028354644775
    ],
    "aim": [
        -0.10176864266395569,
        2.9668028354644775
    ],
    "target": [
        0.4695311590000224,
        18.51565366018166
    ],
    "desired_speed": 8.341480445861816,
    "angle": -0.02182900885093283,
    "angle_last": -0.04142732598239508,
    "angle_target": 0.016140330604012893,
    "angle_final": 0.016140330604012893,
    "delta": 0.25,
    "agent": "only_traj",
    "steer_traj": 0.01754939098159888,
    "throttle_traj": 0.0,
    "brake_traj": 0.0,
    "plan": [
        [
            -0.10176864266395569,
            2.9668028354644775
        ],
        [
            0.36258697509765625,
            6.851770401000977
        ],
        [
            0.04466580972075462,
            11.190560340881348
        ],
        [
            -0.5227453708648682,
            15.103137016296387
        ],
        [
            -0.9423547387123108,
            19.54667854309082
        ],
        [
            -1.2137714624404907,
            23.711687088012695
        ]
    ]
}