{
    "speed": 4.9786225768262,
    "steer": 0.010083035565912724,
    "throttle": 0.75,
    "brake": 0.0,
    "wp_4": [
        -0.6606814861297607,
        14.575490951538086
    ],
    "wp_3": [
        -0.4486701488494873,
        10.482681274414062
    ],
    "wp_2": [
        -0.22277654707431793,
        6.650858402252197
    ],
    "wp_1": [
        -0.5622146725654602,
        2.965496301651001
    ],
    "aim": [
        -0.5622146725654602,
        2.965496301651001
    ],
    "target": [
        0.28153196133035485,
        15.521755046461198
    ],
    "desired_speed": 8.246949958801268,
    "angle": -0.11927812570616353,
    "angle_last": -0.05238044500839987,
    "angle_target": 0.011545676507194331,
    "angle_final": 0.011545676507194331,
    "delta": 0.25,
    "agent": "only_traj",
    "steer_traj": 0.010083035241855979,
    "throttle_traj": 0.75,
    "brake_traj": 0.0,
    "plan": [
        [
            -0.5622146725654602,
            2.965496301651001
        ],
        [
            -0.22277654707431793,
            6.650858402252197
        ],
        [
            -0.4486701488494873,
            10.482681274414062
        ],
        [
            -0.6606814861297607,
            14.575490951538086
        ],
        [
            -0.9600913524627686,
            18.992755889892578
        ],
        [
            -1.334222674369812,
            23.52959632873535
        ]
    ]
}