{
    "speed": 4.821192002659238,
    "steer": 0.01554375421255827,
    "throttle": 0.75,
    "brake": 0.0,
    "wp_4": [
        -0.643034815788269,
        14.316912651062012
    ],
    "wp_3": [
        -0.42675599455833435,
        10.338187217712402
    ],
    "wp_2": [
        -0.42999741435050964,
        6.655428409576416
    ],
    "wp_1": [
        -0.4987545311450958,
        2.909712791442871
    ],
    "aim": [
        -0.4987545311450958,
        2.909712791442871
    ],
    "target": [
        0.2989860813688161,
        13.573065028686845
    ],
    "desired_speed": 7.971849632263184,
    "angle": -0.10807282091780372,
    "angle_last": -0.07548667140658989,
    "angle_target": 0.014021127389532248,
    "angle_final": 0.014021127389532248,
    "delta": 0.25,
    "agent": "only_traj",
    "steer_traj": 0.015543754570824554,
    "throttle_traj": 0.75,
    "brake_traj": 0.0,
    "plan": [
        [
            -0.4987545311450958,
            2.909712791442871
        ],
        [
            -0.42999741435050964,
            6.655428409576416
        ],
        [
            -0.42675599455833435,
            10.338187217712402
        ],
        [
            -0.643034815788269,
            14.316912651062012
        ],
        [
            -0.9567883014678955,
            18.635669708251953
        ],
        [
            -1.4519517421722412,
            22.792057037353516
        ]
    ]
}