{
    "speed": 4.924197875992478,
    "steer": -0.0066702417097985744,
    "throttle": 0.75,
    "brake": 0.0,
    "wp_4": [
        -0.7338788509368896,
        14.28622055053711
    ],
    "wp_3": [
        -0.5638144612312317,
        10.392411231994629
    ],
    "wp_2": [
        -0.6242774724960327,
        6.538134574890137
    ],
    "wp_1": [
        -0.192910835146904,
        2.9315648078918457
    ],
    "aim": [
        -0.192910835146904,
        2.9315648078918457
    ],
    "target": [
        -0.17360299435731275,
        11.432182285260971
    ],
    "desired_speed": 7.790555953979491,
    "angle": -0.041832280309186065,
    "angle_last": -0.19521647246232843,
    "angle_target": -0.009666623746443613,
    "angle_final": -0.009666623746443613,
    "delta": 0.25,
    "agent": "only_traj",
    "steer_traj": -0.006670241480608399,
    "throttle_traj": 0.75,
    "brake_traj": 0.0,
    "plan": [
        [
            -0.192910835146904,
            2.9315648078918457
        ],
        [
            -0.6242774724960327,
            6.538134574890137
        ],
        [
            -0.5638144612312317,
            10.392411231994629
        ],
        [
            -0.7338788509368896,
            14.28622055053711
        ],
        [
            -1.1098660230636597,
            18.50004768371582
        ],
        [
            -2.2754390239715576,
            22.18120002746582
        ]
    ]
}