{
    "speed": 5.178430347571338,
    "steer": -0.02148575149476528,
    "throttle": 0.0,
    "brake": 0.0,
    "wp_4": [
        -0.6948812007904053,
        14.315380096435547
    ],
    "wp_3": [
        -0.7580337524414062,
        10.420906066894531
    ],
    "wp_2": [
        -0.4469335377216339,
        6.563723564147949
    ],
    "wp_1": [
        -0.09104704111814499,
        3.047653913497925
    ],
    "aim": [
        -0.09104704111814499,
        3.047653913497925
    ],
    "target": [
        0.3602221067523065,
        8.030094887578212
    ],
    "desired_speed": 7.810979270935059,
    "angle": -0.019012997747127353,
    "angle_last": -0.20406042907263325,
    "angle_target": 0.028538999685497758,
    "angle_final": -0.019012997747127353,
    "delta": 0.25,
    "agent": "only_traj",
    "steer_traj": -0.02148575237122907,
    "throttle_traj": 0.0,
    "brake_traj": 0.0,
    "plan": [
        [
            -0.09104704111814499,
            3.047653913497925
        ],
        [
            -0.4469335377216339,
            6.563723564147949
        ],
        [
            -0.7580337524414062,
            10.420906066894531
        ],
        [
            -0.6948812007904053,
            14.315380096435547
        ],
        [
            -1.0369840860366821,
            18.489822387695312
        ],
        [
            -2.3099825382232666,
            22.324317932128906
        ]
    ]
}