{
    "speed": 4.967398240358683,
    "steer": -0.008982505649328232,
    "throttle": 0.75,
    "brake": 0.0,
    "wp_4": [
        -0.6978254318237305,
        13.746557235717773
    ],
    "wp_3": [
        -0.7596691250801086,
        9.7998628616333
    ],
    "wp_2": [
        -0.23684775829315186,
        6.191811561584473
    ],
    "wp_1": [
        -0.03568700700998306,
        2.8758418560028076
    ],
    "aim": [
        -0.03568700700998306,
        2.8758418560028076
    ],
    "target": [
        0.5562540169250777,
        5.933724671165888
    ],
    "desired_speed": 7.660570526123046,
    "angle": -0.007899521057608829,
    "angle_last": -0.027596648259063935,
    "angle_target": 0.05950569246156313,
    "angle_final": -0.007899521057608829,
    "delta": 0.25,
    "agent": "only_traj",
    "steer_traj": -0.00898250601412651,
    "throttle_traj": 0.75,
    "brake_traj": 0.0,
    "plan": [
        [
            -0.03568700700998306,
            2.8758418560028076
        ],
        [
            -0.23684775829315186,
            6.191811561584473
        ],
        [
            -0.7596691250801086,
            9.7998628616333
        ],
        [
            -0.6978254318237305,
            13.746557235717773
        ],
        [
            -0.7041561007499695,
            17.772268295288086
        ],
        [
            -0.8866288661956787,
            21.97904396057129
        ]
    ]
}