{
    "speed": 4.825941089467089,
    "steer": 4.3005689803976566e-05,
    "throttle": 0.75,
    "brake": 0.0,
    "wp_4": [
        -0.39671823382377625,
        13.952146530151367
    ],
    "wp_3": [
        -0.5355528593063354,
        9.986437797546387
    ],
    "wp_2": [
        -0.1036083921790123,
        6.404163837432861
    ],
    "wp_1": [
        0.0171651653945446,
        3.032177209854126
    ],
    "aim": [
        0.0171651653945446,
        3.032177209854126
    ],
    "target": [
        0.40781408492631327,
        3.1383997396640004
    ],
    "desired_speed": 7.700230598449708,
    "angle": 0.0036038835425266473,
    "angle_last": -0.022426878076281284,
    "angle_target": 0.08226354011434042,
    "angle_final": 0.0036038835425266473,
    "delta": 0.25,
    "agent": "only_traj",
    "steer_traj": 4.300568858266857e-05,
    "throttle_traj": 0.75,
    "brake_traj": 0.0,
    "plan": [
        [
            0.0171651653945446,
            3.032177209854126
        ],
        [
            -0.1036083921790123,
            6.404163837432861
        ],
        [
            -0.5355528593063354,
            9.986437797546387
        ],
        [
            -0.39671823382377625,
            13.952146530151367
        ],
        [
            -0.5090022087097168,
            18.122756958007812
        ],
        [
            -0.654391884803772,
            22.24814224243164
        ]
    ]
}