{
    "speed": 4.9692392740072675,
    "steer": 0.027509702369570732,
    "throttle": 0.75,
    "brake": 0.0,
    "wp_4": [
        -0.5546057820320129,
        14.340031623840332
    ],
    "wp_3": [
        -0.37987959384918213,
        10.25110149383545
    ],
    "wp_2": [
        -0.05459672585129738,
        6.640298366546631
    ],
    "wp_1": [
        0.2586045563220978,
        3.3640475273132324
    ],
    "aim": [
        0.2586045563220978,
        3.3640475273132324
    ],
    "target": [
        -0.22055919962576026,
        1.709751464750795
    ],
    "desired_speed": 7.311289596557618,
    "angle": 0.04884280670920755,
    "angle_last": -0.07230866027677374,
    "angle_target": -0.08167336583098235,
    "angle_final": 0.04884280670920755,
    "delta": 0.25,
    "agent": "only_traj",
    "steer_traj": 0.02750970273748307,
    "throttle_traj": 0.75,
    "brake_traj": 0.0,
    "plan": [
        [
            0.2586045563220978,
            3.3640475273132324
        ],
        [
            -0.05459672585129738,
            6.640298366546631
        ],
        [
            -0.37987959384918213,
            10.25110149383545
        ],
        [
            -0.5546057820320129,
            14.340031623840332
        ],
        [
            -0.3597090244293213,
            18.410673141479492
        ],
        [
            -0.7216706871986389,
            21.583740234375
        ]
    ]
}