{
    "speed": 1.960372125282526e-05,
    "steer": -0.007918852381408215,
    "throttle": 0.75,
    "brake": 0.0,
    "wp_4": [
        -2.3819029331207275,
        15.510270118713379
    ],
    "wp_3": [
        -0.1477717012166977,
        10.717729568481445
    ],
    "wp_2": [
        -0.07950910925865173,
        7.157162666320801
    ],
    "wp_1": [
        -0.03872210904955864,
        3.358491897583008
    ],
    "aim": [
        -0.03872210904955864,
        3.358491897583008
    ],
    "target": [
        -0.4861938954375654,
        52.23917319767064
    ],
    "desired_speed": 8.675907993316649,
    "angle": -0.007339597327649339,
    "angle_last": 0.001593531196819561,
    "angle_target": -0.005924896806291067,
    "angle_final": -0.005924896806291067,
    "delta": 0.25,
    "agent": "only_traj",
    "steer_traj": -0.00791885262507054,
    "throttle_traj": 0.75,
    "brake_traj": 0.0,
    "plan": [
        [
            -0.03872210904955864,
            3.358491897583008
        ],
        [
            -0.07950910925865173,
            7.157162666320801
        ],
        [
            -0.1477717012166977,
            10.717729568481445
        ],
        [
            -2.3819029331207275,
            15.510270118713379
        ],
        [
            -0.15250732004642487,
            19.930278778076172
        ],
        [
            -0.14226560294628143,
            24.021800994873047
        ]
    ]
}