{
    "speed": 1.4909693397708994,
    "steer": -0.0013803059700876474,
    "throttle": 0.75,
    "brake": 0.0,
    "wp_4": [
        0.002435504924505949,
        9.551801681518555
    ],
    "wp_3": [
        -0.021419767290353775,
        6.432610034942627
    ],
    "wp_2": [
        -0.006785653531551361,
        3.4814748764038086
    ],
    "wp_1": [
        -0.0023472956381738186,
        1.2233147621154785
    ],
    "aim": [
        -0.006785653531551361,
        3.4814748764038086
    ],
    "target": [
        -0.2322201186855385,
        52.28317760368627
    ],
    "desired_speed": 6.060610961914064,
    "angle": -0.001240769635763397,
    "angle_last": -0.32297789296308493,
    "angle_target": -0.0028275815229952404,
    "angle_final": -0.001240769635763397,
    "delta": 0.25,
    "agent": "only_traj",
    "steer_traj": -0.0013803059983629865,
    "throttle_traj": 0.75,
    "brake_traj": 0.0,
    "plan": [
        [
            -0.0023472956381738186,
            1.2233147621154785
        ],
        [
            -0.006785653531551361,
            3.4814748764038086
        ],
        [
            -0.021419767290353775,
            6.432610034942627
        ],
        [
            0.002435504924505949,
            9.551801681518555
        ],
        [
            -0.0006970258546061814,
            11.56197738647461
        ],
        [
            -2.3389499187469482,
            15.768513679504395
        ]
    ]
}