{
    "speed": 3.2101786039919777,
    "steer": 0.0071518137119710445,
    "throttle": 0.75,
    "brake": 0.0,
    "wp_4": [
        -0.037571776658296585,
        9.555809020996094
    ],
    "wp_3": [
        -0.06126315891742706,
        6.927817344665527
    ],
    "wp_2": [
        -0.015312721952795982,
        4.225527286529541
    ],
    "wp_1": [
        -0.03900325670838356,
        1.7829586267471313
    ],
    "aim": [
        -0.03900325670838356,
        1.7829586267471313
    ],
    "target": [
        0.4326143696900935,
        52.35924871969448
    ],
    "desired_speed": 4.951551246643066,
    "angle": -0.01392420325150474,
    "angle_last": -0.09442572350116436,
    "angle_target": 0.00525990348079715,
    "angle_final": 0.00525990348079715,
    "delta": 0.25,
    "agent": "only_traj",
    "steer_traj": 0.007151813664807844,
    "throttle_traj": 0.75,
    "brake_traj": 0.0,
    "plan": [
        [
            -0.03900325670838356,
            1.7829586267471313
        ],
        [
            -0.015312721952795982,
            4.225527286529541
        ],
        [
            -0.06126315891742706,
            6.927817344665527
        ],
        [
            -0.037571776658296585,
            9.555809020996094
        ],
        [
            -0.03334137797355652,
            12.04284381866455
        ],
        [
            -0.3463958501815796,
            14.137961387634277
        ]
    ]
}