{
    "speed": 5.236199135086519,
    "steer": 0.010091215372085571,
    "throttle": 0.0,
    "brake": 0.0,
    "wp_4": [
        0.004654191434383392,
        14.706587791442871
    ],
    "wp_3": [
        -0.05740869417786598,
        10.592729568481445
    ],
    "wp_2": [
        -0.04074537009000778,
        6.731779098510742
    ],
    "wp_1": [
        -0.46077656745910645,
        3.179109811782837
    ],
    "aim": [
        -0.46077656745910645,
        3.179109811782837
    ],
    "target": [
        0.5149384579179364,
        44.99846225268914
    ],
    "desired_speed": 7.974535083770752,
    "angle": -0.09163278325855537,
    "angle_last": 0.011129234188065142,
    "angle_target": 0.007284819945182389,
    "angle_final": 0.007284819945182389,
    "delta": 0.25,
    "agent": "only_traj",
    "steer_traj": 0.01009121508221638,
    "throttle_traj": 0.0,
    "brake_traj": 0.0,
    "plan": [
        [
            -0.46077656745910645,
            3.179109811782837
        ],
        [
            -0.04074537009000778,
            6.731779098510742
        ],
        [
            -0.05740869417786598,
            10.592729568481445
        ],
        [
            0.004654191434383392,
            14.706587791442871
        ],
        [
            0.12057969719171524,
            18.946367263793945
        ],
        [
            0.19298985600471497,
            23.087982177734375
        ]
    ]
}