{
    "speed": 5.259209903836203,
    "steer": -0.004238653928041458,
    "throttle": 0.0,
    "brake": 0.0,
    "wp_4": [
        -0.055344317108392715,
        13.938876152038574
    ],
    "wp_3": [
        -0.1042124330997467,
        10.056940078735352
    ],
    "wp_2": [
        -0.040245138108730316,
        6.405727386474609
    ],
    "wp_1": [
        -0.039394501596689224,
        2.9052679538726807
    ],
    "aim": [
        -0.039394501596689224,
        2.9052679538726807
    ],
    "target": [
        -0.2773884925253574,
        40.6657486478522
    ],
    "desired_speed": 7.545152187347412,
    "angle": -0.008631793227624973,
    "angle_last": 0.004067653387170513,
    "angle_target": -0.004342432294426016,
    "angle_final": -0.004342432294426016,
    "delta": 0.25,
    "agent": "only_traj",
    "steer_traj": -0.004238653765273625,
    "throttle_traj": 0.0,
    "brake_traj": 0.0,
    "plan": [
        [
            -0.039394501596689224,
            2.9052679538726807
        ],
        [
            -0.040245138108730316,
            6.405727386474609
        ],
        [
            -0.1042124330997467,
            10.056940078735352
        ],
        [
            -0.055344317108392715,
            13.938876152038574
        ],
        [
            -0.017974499613046646,
            17.863658905029297
        ],
        [
            0.00696633942425251,
            21.76702308654785
        ]
    ]
}