{
    "speed": 5.240831539858994,
    "steer": -0.00605286518111825,
    "throttle": 0.0,
    "brake": 0.0,
    "wp_4": [
        -0.09097687900066376,
        13.187749862670898
    ],
    "wp_3": [
        -0.1161697655916214,
        9.508737564086914
    ],
    "wp_2": [
        -0.05367443710565567,
        6.048270225524902
    ],
    "wp_1": [
        -0.02807196043431759,
        2.7339751720428467
    ],
    "aim": [
        -0.02807196043431759,
        2.7339751720428467
    ],
    "target": [
        0.5362696198675716,
        37.22576297713239
    ],
    "desired_speed": 7.206111717224121,
    "angle": -0.0065364429722466165,
    "angle_last": 0.005332680312447652,
    "angle_target": 0.009170429352050875,
    "angle_final": -0.0065364429722466165,
    "delta": 0.25,
    "agent": "only_traj",
    "steer_traj": -0.006052865336477146,
    "throttle_traj": 0.0,
    "brake_traj": 0.0,
    "plan": [
        [
            -0.02807196043431759,
            2.7339751720428467
        ],
        [
            -0.05367443710565567,
            6.048270225524902
        ],
        [
            -0.1161697655916214,
            9.508737564086914
        ],
        [
            -0.09097687900066376,
            13.187749862670898
        ],
        [
            -0.039125800132751465,
            16.978160858154297
        ],
        [
            -0.007546760141849518,
            20.748018264770508
        ]
    ]
}