{
    "speed": 5.252752357370176,
    "steer": -0.0011671768734231591,
    "throttle": 0.0,
    "brake": 0.0,
    "wp_4": [
        0.081061452627182,
        13.474952697753906
    ],
    "wp_3": [
        -0.008855152875185013,
        9.75001335144043
    ],
    "wp_2": [
        0.0084603950381279,
        6.220983982086182
    ],
    "wp_1": [
        -0.010231038555502892,
        2.8320164680480957
    ],
    "aim": [
        -0.010231038555502892,
        2.8320164680480957
    ],
    "target": [
        -0.05481667718249145,
        35.64960075485952
    ],
    "desired_speed": 7.340160465240478,
    "angle": -0.002299828412069263,
    "angle_last": 0.016790322645144042,
    "angle_target": -0.000978898846200124,
    "angle_final": -0.000978898846200124,
    "delta": 0.25,
    "agent": "only_traj",
    "steer_traj": -0.0011671768709924737,
    "throttle_traj": 0.0,
    "brake_traj": 0.0,
    "plan": [
        [
            -0.010231038555502892,
            2.8320164680480957
        ],
        [
            0.0084603950381279,
            6.220983982086182
        ],
        [
            -0.008855152875185013,
            9.75001335144043
        ],
        [
            0.081061452627182,
            13.474952697753906
        ],
        [
            0.1825515180826187,
            17.325077056884766
        ],
        [
            0.28420743346214294,
            21.178560256958008
        ]
    ]
}