{
    "speed": 5.229656571468421,
    "steer": 0.003340898547321558,
    "throttle": 0.0,
    "brake": 0.0,
    "wp_4": [
        0.11725582182407379,
        12.790582656860352
    ],
    "wp_3": [
        0.014265555888414383,
        9.302558898925781
    ],
    "wp_2": [
        0.03637715429067612,
        6.023433685302734
    ],
    "wp_1": [
        -0.4130915701389313,
        2.9184820652008057
    ],
    "aim": [
        -0.4130915701389313,
        2.9184820652008057
    ],
    "target": [
        0.26544330307553865,
        27.629204765535484
    ],
    "desired_speed": 6.76053409576416,
    "angle": -0.08951458981495285,
    "angle_last": -0.03405838666884988,
    "angle_target": 0.006116037638132107,
    "angle_final": 0.006116037638132107,
    "delta": 0.25,
    "agent": "only_traj",
    "steer_traj": 0.0033408985209811156,
    "throttle_traj": 0.0,
    "brake_traj": 0.0,
    "plan": [
        [
            -0.4130915701389313,
            2.9184820652008057
        ],
        [
            0.03637715429067612,
            6.023433685302734
        ],
        [
            0.014265555888414383,
            9.302558898925781
        ],
        [
            0.11725582182407379,
            12.790582656860352
        ],
        [
            0.1751474291086197,
            16.291885375976562
        ],
        [
            -0.011661476455628872,
            19.78038215637207
        ]
    ]
}