{
    "speed": 5.22959051431098,
    "steer": 0.0019180274102836847,
    "throttle": 0.0,
    "brake": 0.0,
    "wp_4": [
        0.134764164686203,
        14.09506607055664
    ],
    "wp_3": [
        0.026384007185697556,
        10.086331367492676
    ],
    "wp_2": [
        0.03892853111028671,
        6.366467475891113
    ],
    "wp_1": [
        -0.028715074062347412,
        2.8586478233337402
    ],
    "aim": [
        -0.028715074062347412,
        2.8586478233337402
    ],
    "target": [
        -0.7580903148230737,
        20.368905312597448
    ],
    "desired_speed": 7.767577838897706,
    "angle": -0.006394602710482685,
    "angle_last": 0.017101703380305845,
    "angle_target": -0.023682796142889154,
    "angle_final": -0.006394602710482685,
    "delta": 0.25,
    "agent": "only_traj",
    "steer_traj": 0.0019180274501697315,
    "throttle_traj": 0.0,
    "brake_traj": 0.0,
    "plan": [
        [
            -0.028715074062347412,
            2.8586478233337402
        ],
        [
            0.03892853111028671,
            6.366467475891113
        ],
        [
            0.026384007185697556,
            10.086331367492676
        ],
        [
            0.134764164686203,
            14.09506607055664
        ],
        [
            0.21324358880519867,
            18.20273780822754
        ],
        [
            0.322616845369339,
            22.273235321044922
        ]
    ]
}