{
    "speed": 5.235521796467983,
    "steer": -0.02204623445868492,
    "throttle": 0.0,
    "brake": 0.0,
    "wp_4": [
        0.10595889389514923,
        13.779906272888184
    ],
    "wp_3": [
        -0.06022951751947403,
        9.985038757324219
    ],
    "wp_2": [
        -0.34490975737571716,
        6.447101593017578
    ],
    "wp_1": [
        -0.09705674648284912,
        2.851078510284424
    ],
    "aim": [
        -0.09705674648284912,
        2.851078510284424
    ],
    "target": [
        -0.6756932079040208,
        18.734697430548056
    ],
    "desired_speed": 7.401870346069336,
    "angle": -0.02166349060004619,
    "angle_last": 0.013383803742095572,
    "angle_target": -0.02295063947866652,
    "angle_final": -0.02166349060004619,
    "delta": 0.25,
    "agent": "only_traj",
    "steer_traj": -0.022046235216857814,
    "throttle_traj": 0.0,
    "brake_traj": 0.0,
    "plan": [
        [
            -0.09705674648284912,
            2.851078510284424
        ],
        [
            -0.34490975737571716,
            6.447101593017578
        ],
        [
            -0.06022951751947403,
            9.985038757324219
        ],
        [
            0.10595889389514923,
            13.779906272888184
        ],
        [
            0.13669481873512268,
            17.587976455688477
        ],
        [
            0.21540096402168274,
            21.331199645996094
        ]
    ]
}