{
    "speed": 4.777937296134218,
    "steer": -0.001979625318199396,
    "throttle": 0.75,
    "brake": 0.0,
    "wp_4": [
        -0.020296096801757812,
        14.041301727294922
    ],
    "wp_3": [
        -0.056235816329717636,
        10.030170440673828
    ],
    "wp_2": [
        -0.027221068739891052,
        6.279541969299316
    ],
    "wp_1": [
        -0.006405828054994345,
        2.7877252101898193
    ],
    "aim": [
        -0.006405828054994345,
        2.7877252101898193
    ],
    "target": [
        -0.2011257545411434,
        7.5963150996544595
    ],
    "desired_speed": 7.7926383972167965,
    "angle": -0.0014628266747795894,
    "angle_last": 0.012299928611805325,
    "angle_target": -0.016851687082250575,
    "angle_final": -0.0014628266747795894,
    "delta": 0.25,
    "agent": "only_traj",
    "steer_traj": -0.0019796252423890898,
    "throttle_traj": 0.75,
    "brake_traj": 0.0,
    "plan": [
        [
            -0.006405828054994345,
            2.7877252101898193
        ],
        [
            -0.027221068739891052,
            6.279541969299316
        ],
        [
            -0.056235816329717636,
            10.030170440673828
        ],
        [
            -0.020296096801757812,
            14.041301727294922
        ],
        [
            0.033487871289253235,
            18.19769287109375
        ],
        [
            0.1121363639831543,
            22.26787757873535
        ]
    ]
}