{
    "speed": 4.788602678431422,
    "steer": 0.0015627456596121192,
    "throttle": 0.75,
    "brake": 0.0,
    "wp_4": [
        0.09794333577156067,
        14.40334701538086
    ],
    "wp_3": [
        0.030067306011915207,
        10.338473320007324
    ],
    "wp_2": [
        0.007232717704027891,
        6.5279645919799805
    ],
    "wp_1": [
        0.00977754034101963,
        2.9300642013549805
    ],
    "aim": [
        0.00977754034101963,
        2.9300642013549805
    ],
    "target": [
        0.14028868934254707,
        4.970800755612581
    ],
    "desired_speed": 7.876834774017334,
    "angle": 0.0021243886773111074,
    "angle_last": 0.022000466835020546,
    "angle_target": 0.017962267422507058,
    "angle_final": 0.0021243886773111074,
    "delta": 0.25,
    "agent": "only_traj",
    "steer_traj": 0.0015627456734585803,
    "throttle_traj": 0.75,
    "brake_traj": 0.0,
    "plan": [
        [
            0.00977754034101963,
            2.9300642013549805
        ],
        [
            0.007232717704027891,
            6.5279645919799805
        ],
        [
            0.030067306011915207,
            10.338473320007324
        ],
        [
            0.09794333577156067,
            14.40334701538086
        ],
        [
            0.23295851051807404,
            18.56534194946289
        ],
        [
            0.3730292022228241,
            22.616905212402344
        ]
    ]
}