{
    "speed": 4.79839790881315,
    "steer": -0.0018565075006335974,
    "throttle": 0.75,
    "brake": 0.0,
    "wp_4": [
        0.0012500882148742676,
        14.030451774597168
    ],
    "wp_3": [
        -0.04432215914130211,
        9.995067596435547
    ],
    "wp_2": [
        -0.023373425006866455,
        6.263436794281006
    ],
    "wp_1": [
        -0.00875803641974926,
        2.7820281982421875
    ],
    "aim": [
        -0.00875803641974926,
        2.7820281982421875
    ],
    "target": [
        1.7215838127658687,
        52.45099355384936
    ],
    "desired_speed": 7.764428520202637,
    "angle": -0.002004081221007711,
    "angle_last": 0.011723764209819361,
    "angle_target": 0.020888087952788802,
    "angle_final": -0.002004081221007711,
    "delta": 0.25,
    "agent": "only_traj",
    "steer_traj": -0.0018565075339795024,
    "throttle_traj": 0.75,
    "brake_traj": 0.0,
    "plan": [
        [
            -0.00875803641974926,
            2.7820281982421875
        ],
        [
            -0.023373425006866455,
            6.263436794281006
        ],
        [
            -0.04432215914130211,
            9.995067596435547
        ],
        [
            0.0012500882148742676,
            14.030451774597168
        ],
        [
            0.07366807758808136,
            18.15679359436035
        ],
        [
            0.14797678589820862,
            22.19143295288086
        ]
    ]
}