{
    "speed": 4.805106422560265,
    "steer": -0.004898555111140013,
    "throttle": 0.75,
    "brake": 0.0,
    "wp_4": [
        0.011297609657049179,
        14.282440185546875
    ],
    "wp_3": [
        -0.05679335817694664,
        10.160855293273926
    ],
    "wp_2": [
        -0.01557229459285736,
        6.344734191894531
    ],
    "wp_1": [
        -0.021456031128764153,
        2.8057825565338135
    ],
    "aim": [
        -0.021456031128764153,
        2.8057825565338135
    ],
    "target": [
        1.1893441997526797,
        51.572709661001056
    ],
    "desired_speed": 7.920008945465087,
    "angle": -0.004868131321975613,
    "angle_last": 0.009667421923700856,
    "angle_target": 0.014678806949659265,
    "angle_final": -0.004868131321975613,
    "delta": 0.25,
    "agent": "only_traj",
    "steer_traj": -0.004898554922116608,
    "throttle_traj": 0.75,
    "brake_traj": 0.0,
    "plan": [
        [
            -0.021456031128764153,
            2.8057825565338135
        ],
        [
            -0.01557229459285736,
            6.344734191894531
        ],
        [
            -0.05679335817694664,
            10.160855293273926
        ],
        [
            0.011297609657049179,
            14.282440185546875
        ],
        [
            0.04877428337931633,
            18.46639060974121
        ],
        [
            0.11161674559116364,
            22.6043701171875
        ]
    ]
}