{
    "speed": 4.961160697777071,
    "steer": 0.011462139897048473,
    "throttle": 0.75,
    "brake": 0.0,
    "wp_4": [
        0.4031849503517151,
        14.892837524414062
    ],
    "wp_3": [
        0.20419763028621674,
        10.771734237670898
    ],
    "wp_2": [
        0.10851529985666275,
        6.98069429397583
    ],
    "wp_1": [
        -0.19146378338336945,
        3.372040033340454
    ],
    "aim": [
        -0.19146378338336945,
        3.372040033340454
    ],
    "target": [
        1.118466841194004,
        46.59719630876269
    ],
    "desired_speed": 7.955648708343506,
    "angle": -0.03610835411174304,
    "angle_last": 0.048518676287595056,
    "angle_target": 0.015277773457939542,
    "angle_final": 0.015277773457939542,
    "delta": 0.25,
    "agent": "only_traj",
    "steer_traj": 0.011462139659137824,
    "throttle_traj": 0.75,
    "brake_traj": 0.0,
    "plan": [
        [
            -0.19146378338336945,
            3.372040033340454
        ],
        [
            0.10851529985666275,
            6.98069429397583
        ],
        [
            0.20419763028621674,
            10.771734237670898
        ],
        [
            0.4031849503517151,
            14.892837524414062
        ],
        [
            0.6383281946182251,
            19.033781051635742
        ],
        [
            0.9582845568656921,
            23.22383689880371
        ]
    ]
}