{
    "speed": 4.980382921733719,
    "steer": 0.0013737380504608154,
    "throttle": 0.75,
    "brake": 0.0,
    "wp_4": [
        -0.05786050111055374,
        14.579487800598145
    ],
    "wp_3": [
        -0.06047729030251503,
        10.477145195007324
    ],
    "wp_2": [
        -0.01641456037759781,
        6.592381477355957
    ],
    "wp_1": [
        -0.006549378391355276,
        2.953432083129883
    ],
    "aim": [
        -0.006549378391355276,
        2.953432083129883
    ],
    "target": [
        0.5923534313090004,
        40.54106577868612
    ],
    "desired_speed": 7.925373649597168,
    "angle": -0.0014116761469952716,
    "angle_last": 0.010653094111924473,
    "angle_target": 0.009301113998800402,
    "angle_final": -0.0014116761469952716,
    "delta": 0.25,
    "agent": "only_traj",
    "steer_traj": 0.00137373799675156,
    "throttle_traj": 0.75,
    "brake_traj": 0.0,
    "plan": [
        [
            -0.006549378391355276,
            2.953432083129883
        ],
        [
            -0.01641456037759781,
            6.592381477355957
        ],
        [
            -0.06047729030251503,
            10.477145195007324
        ],
        [
            -0.05786050111055374,
            14.579487800598145
        ],
        [
            -0.04511850327253342,
            18.747411727905273
        ],
        [
            0.022134356200695038,
            22.766019821166992
        ]
    ]
}