{
    "speed": 4.843164007366006,
    "steer": -0.002064896048977971,
    "throttle": 0.75,
    "brake": 0.0,
    "wp_4": [
        -0.1770816296339035,
        13.227777481079102
    ],
    "wp_3": [
        -0.1376010775566101,
        9.41153335571289
    ],
    "wp_2": [
        -0.03505308926105499,
        5.864400863647461
    ],
    "wp_1": [
        -0.010094044730067253,
        2.5793657302856445
    ],
    "aim": [
        -0.010094044730067253,
        2.5793657302856445
    ],
    "target": [
        1.2395327451670357,
        37.019335268315665
    ],
    "desired_speed": 7.488050079345703,
    "angle": -0.002491301381801954,
    "angle_last": -0.0018103315215516826,
    "angle_target": 0.021308225714319617,
    "angle_final": -0.002491301381801954,
    "delta": 0.25,
    "agent": "only_traj",
    "steer_traj": -0.002064896105843536,
    "throttle_traj": 0.75,
    "brake_traj": 0.0,
    "plan": [
        [
            -0.010094044730067253,
            2.5793657302856445
        ],
        [
            -0.03505308926105499,
            5.864400863647461
        ],
        [
            -0.1376010775566101,
            9.41153335571289
        ],
        [
            -0.1770816296339035,
            13.227777481079102
        ],
        [
            -0.22452706098556519,
            17.242586135864258
        ],
        [
            -0.23605801165103912,
            21.297412872314453
        ]
    ]
}