{
    "speed": 5.190928950582752,
    "steer": 0.023116465657949448,
    "throttle": 0.0,
    "brake": 0.0,
    "wp_4": [
        0.15030653774738312,
        15.27547836303711
    ],
    "wp_3": [
        0.05844183638691902,
        11.050246238708496
    ],
    "wp_2": [
        0.03732676804065704,
        7.0703253746032715
    ],
    "wp_1": [
        -0.23674264550209045,
        3.3385186195373535
    ],
    "aim": [
        -0.23674264550209045,
        3.3385186195373535
    ],
    "target": [
        0.8401812325718426,
        20.91055769702904
    ],
    "desired_speed": 8.193795013427735,
    "angle": -0.045068803392891994,
    "angle_last": 0.019120176062026168,
    "angle_target": 0.025565479137401335,
    "angle_final": 0.025565479137401335,
    "delta": 0.25,
    "agent": "only_traj",
    "steer_traj": 0.02311646502719804,
    "throttle_traj": 0.0,
    "brake_traj": 0.0,
    "plan": [
        [
            -0.23674264550209045,
            3.3385186195373535
        ],
        [
            0.03732676804065704,
            7.0703253746032715
        ],
        [
            0.05844183638691902,
            11.050246238708496
        ],
        [
            0.15030653774738312,
            15.27547836303711
        ],
        [
            0.24683323502540588,
            19.57406234741211
        ],
        [
            0.37406015396118164,
            23.80890655517578
        ]
    ]
}