{
    "speed": 4.984008289791218,
    "steer": -0.0016344073228538036,
    "throttle": 0.75,
    "brake": 0.0,
    "wp_4": [
        -0.03661726415157318,
        12.644988059997559
    ],
    "wp_3": [
        -0.03843648359179497,
        8.955338478088379
    ],
    "wp_2": [
        0.016440123319625854,
        5.555994510650635
    ],
    "wp_1": [
        0.021473171189427376,
        2.4314985275268555
    ],
    "aim": [
        0.021473171189427376,
        2.4314985275268555
    ],
    "target": [
        -0.04394331959863634,
        18.749279923823416
    ],
    "desired_speed": 7.245441436767577,
    "angle": 0.005621976769293081,
    "angle_last": 0.016721110061554578,
    "angle_target": -0.0014920644958315737,
    "angle_final": -0.0014920644958315737,
    "delta": 0.25,
    "agent": "only_traj",
    "steer_traj": -0.001634407332384077,
    "throttle_traj": 0.75,
    "brake_traj": 0.0,
    "plan": [
        [
            0.021473171189427376,
            2.4314985275268555
        ],
        [
            0.016440123319625854,
            5.555994510650635
        ],
        [
            -0.03843648359179497,
            8.955338478088379
        ],
        [
            -0.03661726415157318,
            12.644988059997559
        ],
        [
            -0.015552312135696411,
            16.572254180908203
        ],
        [
            0.08877121657133102,
            20.543228149414062
        ]
    ]
}