{
    "speed": 4.870069661790002,
    "steer": 0.0023624729365110397,
    "throttle": 0.75,
    "brake": 0.0,
    "wp_4": [
        0.04764808714389801,
        13.5830078125
    ],
    "wp_3": [
        0.010310043580830097,
        9.688386917114258
    ],
    "wp_2": [
        0.017248481512069702,
        6.058041572570801
    ],
    "wp_1": [
        0.020266147330403328,
        2.683641195297241
    ],
    "aim": [
        0.020266147330403328,
        2.683641195297241
    ],
    "target": [
        0.023059185751942157,
        16.78178340217603
    ],
    "desired_speed": 7.521545886993407,
    "angle": 0.00480751465626445,
    "angle_last": 0.02036440885583016,
    "angle_target": 0.0008747535344610965,
    "angle_final": 0.0008747535344610965,
    "delta": 0.25,
    "agent": "only_traj",
    "steer_traj": 0.0023624728353907783,
    "throttle_traj": 0.75,
    "brake_traj": 0.0,
    "plan": [
        [
            0.020266147330403328,
            2.683641195297241
        ],
        [
            0.017248481512069702,
            6.058041572570801
        ],
        [
            0.010310043580830097,
            9.688386917114258
        ],
        [
            0.04764808714389801,
            13.5830078125
        ],
        [
            0.1164516806602478,
            17.579750061035156
        ],
        [
            0.24140816926956177,
            21.48472785949707
        ]
    ]
}