{
    "speed": 4.6881685294676805,
    "steer": 0.005692377686500549,
    "throttle": 0.75,
    "brake": 0.0,
    "wp_4": [
        -0.06850269436836243,
        13.066685676574707
    ],
    "wp_3": [
        -0.030823945999145508,
        9.290191650390625
    ],
    "wp_2": [
        0.05690670758485794,
        5.731224060058594
    ],
    "wp_1": [
        0.03639715537428856,
        2.5260181427001953
    ],
    "aim": [
        0.03639715537428856,
        2.5260181427001953
    ],
    "target": [
        -0.11452946168191964,
        6.455015141506928
    ],
    "desired_speed": 7.074396324157714,
    "angle": 0.009172384990856488,
    "angle_last": 0.0035902231641866214,
    "angle_target": -0.011294174949367575,
    "angle_final": 0.009172384990856488,
    "delta": 0.25,
    "agent": "only_traj",
    "steer_traj": 0.0056923774602791405,
    "throttle_traj": 0.75,
    "brake_traj": 0.0,
    "plan": [
        [
            0.03639715537428856,
            2.5260181427001953
        ],
        [
            0.05690670758485794,
            5.731224060058594
        ],
        [
            -0.030823945999145508,
            9.290191650390625
        ],
        [
            -0.06850269436836243,
            13.066685676574707
        ],
        [
            -0.1525450050830841,
            16.7199649810791
        ],
        [
            -0.13286462426185608,
            20.209651947021484
        ]
    ]
}