{
    "speed": 4.695724462456425,
    "steer": -0.0020567341707646847,
    "throttle": 0.75,
    "brake": 0.0,
    "wp_4": [
        0.007991827093064785,
        12.037114143371582
    ],
    "wp_3": [
        -0.005030591040849686,
        8.502137184143066
    ],
    "wp_2": [
        0.033918388187885284,
        5.272919178009033
    ],
    "wp_1": [
        -0.4565924108028412,
        2.4064152240753174
    ],
    "aim": [
        -0.4565924108028412,
        2.4064152240753174
    ],
    "target": [
        -0.008020349561618664,
        4.3319963378775475
    ],
    "desired_speed": 6.833332061767578,
    "angle": -0.11937298944463594,
    "angle_last": 0.014452500674230234,
    "angle_target": -0.0011786499525969676,
    "angle_final": -0.0011786499525969676,
    "delta": 0.25,
    "agent": "only_traj",
    "steer_traj": -0.0020567341451773655,
    "throttle_traj": 0.75,
    "brake_traj": 0.0,
    "plan": [
        [
            -0.4565924108028412,
            2.4064152240753174
        ],
        [
            0.033918388187885284,
            5.272919178009033
        ],
        [
            -0.005030591040849686,
            8.502137184143066
        ],
        [
            0.007991827093064785,
            12.037114143371582
        ],
        [
            0.012374751269817352,
            15.74581527709961
        ],
        [
            0.09641032665967941,
            19.44686508178711
        ]
    ]
}