{
    "speed": 4.906186325104336,
    "steer": -0.0476301908493042,
    "throttle": 0.75,
    "brake": 0.0,
    "wp_4": [
        0.1498534381389618,
        13.556161880493164
    ],
    "wp_3": [
        0.07113778591156006,
        9.552786827087402
    ],
    "wp_2": [
        0.04529912769794464,
        5.885656356811523
    ],
    "wp_1": [
        -0.11615046858787537,
        2.527564287185669
    ],
    "aim": [
        -0.11615046858787537,
        2.527564287185669
    ],
    "target": [
        -0.14199241179934466,
        1.9722592048287166
    ],
    "desired_speed": 7.755460739135741,
    "angle": -0.029234299949060658,
    "angle_last": 0.027792467251191357,
    "angle_target": -0.045754371567578576,
    "angle_final": -0.029234299949060658,
    "delta": 0.25,
    "agent": "only_traj",
    "steer_traj": -0.04763019026855651,
    "throttle_traj": 0.75,
    "brake_traj": 0.0,
    "plan": [
        [
            -0.11615046858787537,
            2.527564287185669
        ],
        [
            0.04529912769794464,
            5.885656356811523
        ],
        [
            0.07113778591156006,
            9.552786827087402
        ],
        [
            0.1498534381389618,
            13.556161880493164
        ],
        [
            0.2930132746696472,
            17.755264282226562
        ],
        [
            0.4742938280105591,
            21.905075073242188
        ]
    ]
}