{
    "speed": 0.00010025830197964191,
    "steer": -0.0003741407417692244,
    "throttle": 0.75,
    "brake": 0.0,
    "wp_4": [
        -0.006032200530171394,
        4.257685661315918
    ],
    "wp_3": [
        -0.002455039881169796,
        2.858550548553467
    ],
    "wp_2": [
        -0.0014308309182524681,
        1.7384092807769775
    ],
    "wp_1": [
        0.0036901747807860374,
        0.8235874772071838
    ],
    "aim": [
        -0.002455039881169796,
        2.858550548553467
    ],
    "target": [
        -1.1499444717527874,
        53.07693200340393
    ],
    "desired_speed": 2.8250668764114377,
    "angle": -0.0005467465250993236,
    "angle_last": -0.002280855664374783,
    "angle_target": -0.013790602565201968,
    "angle_final": -0.0005467465250993236,
    "delta": 0.25,
    "agent": "only_traj",
    "steer_traj": -0.00037414072863441227,
    "throttle_traj": 0.75,
    "brake_traj": 0.0,
    "plan": [
        [
            0.0036901747807860374,
            0.8235874772071838
        ],
        [
            -0.0014308309182524681,
            1.7384092807769775
        ],
        [
            -0.002455039881169796,
            2.858550548553467
        ],
        [
            -0.006032200530171394,
            4.257685661315918
        ],
        [
            -0.016886429861187935,
            5.9651875495910645
        ],
        [
            -0.02376890927553177,
            7.886188507080078
        ]
    ],
    "command": 3,
    "all_plan": [
        [
            [
                -0.04659873992204666,
                0.7909295558929443
            ],
            [
                -0.06290146708488464,
                1.9386557340621948
            ],
            [
                -0.06084366515278816,
                3.287241220474243
            ],
            [
                -0.10624830424785614,
                4.528306484222412
            ],
            [
                -0.14713360369205475,
                5.548862934112549
            ],
            [
                -0.11999105662107468,
                6.489757537841797
            ]
        ],
        [
            [
                0.024605905637145042,
                1.1270524263381958
            ],
            [
                -0.022424710914492607,
                2.7527847290039062
            ],
            [
                0.005973702296614647,
                4.141346454620361
            ],
            [
                0.12477026134729385,
                5.346968173980713
            ],
            [
                0.4849112331867218,
                6.362569808959961
            ],
            [
                0.9275330305099487,
                7.370193004608154
            ]
        ],
        [
            [
                -0.0426715612411499,
                0.625390887260437
            ],
            [
                -0.06375934928655624,
                1.650675892829895
            ],
            [
                -0.08197493851184845,
                2.985708236694336
            ],
            [
                -0.08164775371551514,
                4.9431538581848145
            ],
            [
                -0.03745896741747856,
                7.330379486083984
            ],
            [
                -0.06307103484869003,
                10.04543685913086
            ]
        ],
        [
            [
                0.0036901747807860374,
                0.8235874772071838
            ],
            [
                -0.0014308309182524681,
                1.7384092807769775
            ],
            [
                -0.002455039881169796,
                2.858550548553467
            ],
            [
                -0.006032200530171394,
                4.257685661315918
            ],
            [
                -0.016886429861187935,
                5.9651875495910645
            ],
            [
                -0.02376890927553177,
                7.886188507080078
            ]
        ],
        [
            [
                -0.043939560651779175,
                0.14283132553100586
            ],
            [
                -0.07778635621070862,
                0.6199012994766235
            ],
            [
                -0.11076866090297699,
                1.287487268447876
            ],
            [
                -0.09324845671653748,
                2.30856990814209
            ],
            [
                -0.12451332807540894,
                3.7357380390167236
            ],
            [
                -0.1447906345129013,
                5.436144828796387
            ]
        ],
        [
            [
                0.014504261314868927,
                0.21232978999614716
            ],
            [
                0.048715900629758835,
                0.8628438711166382
            ],
            [
                0.07367988675832748,
                1.9338637590408325
            ],
            [
                0.08340553194284439,
                3.3714683055877686
            ],
            [
                0.053314208984375,
                5.154300689697266
            ],
            [
                6.090477108955383e-05,
                7.294159889221191
            ]
        ]
    ]
}