{
    "speed": 1.5341403823947874,
    "steer": 0.0012156174052506685,
    "throttle": 0.75,
    "brake": 0.0,
    "wp_4": [
        0.009239556267857552,
        6.966946601867676
    ],
    "wp_3": [
        0.012553219683468342,
        5.2680768966674805
    ],
    "wp_2": [
        0.006698069162666798,
        3.5182018280029297
    ],
    "wp_1": [
        0.0030098585411906242,
        1.7336444854736328
    ],
    "aim": [
        0.006698069162666798,
        3.5182018280029297
    ],
    "target": [
        -0.7347551955914777,
        52.32735859823107
    ],
    "desired_speed": 3.467313480377197,
    "angle": 0.00121202718617896,
    "angle_last": -0.0010678899587712965,
    "angle_target": -0.00893851628924187,
    "angle_final": 0.00121202718617896,
    "delta": 0.25,
    "agent": "only_traj",
    "steer_traj": 0.0012156173616478204,
    "throttle_traj": 0.75,
    "brake_traj": 0.0,
    "plan": [
        [
            0.0030098585411906242,
            1.7336444854736328
        ],
        [
            0.006698069162666798,
            3.5182018280029297
        ],
        [
            0.012553219683468342,
            5.2680768966674805
        ],
        [
            0.009239556267857552,
            6.966946601867676
        ],
        [
            0.004030434414744377,
            8.739898681640625
        ],
        [
            0.00124252587556839,
            10.401901245117188
        ]
    ],
    "command": 3,
    "all_plan": [
        [
            [
                -0.0691152960062027,
                1.6484570503234863
            ],
            [
                -0.12684366106987,
                3.4855475425720215
            ],
            [
                -0.16993765532970428,
                5.278676986694336
            ],
            [
                -0.1918213963508606,
                6.799876689910889
            ],
            [
                -0.26617997884750366,
                7.889333724975586
            ],
            [
                -0.21538175642490387,
                8.772720336914062
            ]
        ],
        [
            [
                0.028677036985754967,
                1.8751084804534912
            ],
            [
                0.046989381313323975,
                4.008737564086914
            ],
            [
                0.329157292842865,
                5.6133551597595215
            ],
            [
                0.9906255602836609,
                6.756680488586426
            ],
            [
                2.131700038909912,
                7.512806415557861
            ],
            [
                3.4600000381469727,
                8.256024360656738
            ]
        ],
        [
            [
                -0.0175093412399292,
                1.420569896697998
            ],
            [
                0.00664929486811161,
                3.2415285110473633
            ],
            [
                -4.582945257425308e-05,
                5.2948198318481445
            ],
            [
                0.006780591793358326,
                7.929884910583496
            ],
            [
                0.05207809433341026,
                10.79702377319336
            ],
            [
                0.022951610386371613,
                13.881427764892578
            ]
        ],
        [
            [
                0.0030098585411906242,
                1.7336444854736328
            ],
            [
                0.006698069162666798,
                3.5182018280029297
            ],
            [
                0.012553219683468342,
                5.2680768966674805
            ],
            [
                0.009239556267857552,
                6.966946601867676
            ],
            [
                0.004030434414744377,
                8.739898681640625
            ],
            [
                0.00124252587556839,
                10.401901245117188
            ]
        ],
        [
            [
                -0.07863717526197433,
                0.5104812383651733
            ],
            [
                -0.1573401689529419,
                1.4449851512908936
            ],
            [
                -0.1686497926712036,
                2.5909361839294434
            ],
            [
                -0.13822562992572784,
                4.298727035522461
            ],
            [
                -0.1460440456867218,
                6.527091026306152
            ],
            [
                -0.1372699737548828,
                8.94168472290039
            ]
        ],
        [
            [
                0.07429750263690948,
                0.653197169303894
            ],
            [
                0.09830917418003082,
                1.6927567720413208
            ],
            [
                0.1559167206287384,
                3.0521416664123535
            ],
            [
                0.158894345164299,
                4.902939796447754
            ],
            [
                0.16227847337722778,
                7.049638748168945
            ],
            [
                0.11642391979694366,
                9.510290145874023
            ]
        ]
    ]
}