{
    "speed": 3.365755417405854,
    "steer": 0.00010148164437850937,
    "throttle": 0.75,
    "brake": 0.0,
    "wp_4": [
        -0.026559658348560333,
        11.88093090057373
    ],
    "wp_3": [
        -0.015632886439561844,
        8.68190860748291
    ],
    "wp_2": [
        -0.015961434692144394,
        5.553814888000488
    ],
    "wp_1": [
        -0.0013218419626355171,
        2.5593132972717285
    ],
    "aim": [
        -0.0013218419626355171,
        2.5593132972717285
    ],
    "target": [
        0.46433086736608997,
        50.26670124725967
    ],
    "desired_speed": 6.108906936645508,
    "angle": -0.00032878759958513895,
    "angle_last": -0.0030548678793187838,
    "angle_target": 0.00588050929169616,
    "angle_final": -0.00032878759958513895,
    "delta": 0.25,
    "agent": "only_traj",
    "steer_traj": 0.00010148164726503134,
    "throttle_traj": 0.75,
    "brake_traj": 0.0,
    "plan": [
        [
            -0.0013218419626355171,
            2.5593132972717285
        ],
        [
            -0.015961434692144394,
            5.553814888000488
        ],
        [
            -0.015632886439561844,
            8.68190860748291
        ],
        [
            -0.026559658348560333,
            11.88093090057373
        ],
        [
            -0.04036775603890419,
            15.066378593444824
        ],
        [
            -0.05363653600215912,
            17.831464767456055
        ]
    ],
    "command": 3,
    "all_plan": [
        [
            [
                0.027903826907277107,
                2.877337694168091
            ],
            [
                -0.026023579761385918,
                5.853507995605469
            ],
            [
                -0.13019640743732452,
                8.739117622375488
            ],
            [
                -0.31879422068595886,
                11.312448501586914
            ],
            [
                -0.4935058355331421,
                13.393627166748047
            ],
            [
                -0.6222366094589233,
                15.142101287841797
            ]
        ],
        [
            [
                0.18792365491390228,
                2.8092856407165527
            ],
            [
                0.4003857374191284,
                5.780093669891357
            ],
            [
                1.0641703605651855,
                7.979604244232178
            ],
            [
                2.383922815322876,
                9.698155403137207
            ],
            [
                4.136113166809082,
                11.037894248962402
            ],
            [
                6.08568811416626,
                12.274734497070312
            ]
        ],
        [
            [
                -0.04009042680263519,
                2.5157363414764404
            ],
            [
                -0.028998082503676414,
                5.605701923370361
            ],
            [
                -0.03359270840883255,
                9.025772094726562
            ],
            [
                -0.01697213016450405,
                12.935291290283203
            ],
            [
                0.04523686319589615,
                17.074058532714844
            ],
            [
                0.022778470069169998,
                21.314939498901367
            ]
        ],
        [
            [
                -0.0013218419626355171,
                2.5593132972717285
            ],
            [
                -0.015961434692144394,
                5.553814888000488
            ],
            [
                -0.015632886439561844,
                8.68190860748291
            ],
            [
                -0.026559658348560333,
                11.88093090057373
            ],
            [
                -0.04036775603890419,
                15.066378593444824
            ],
            [
                -0.05363653600215912,
                17.831464767456055
            ]
        ],
        [
            [
                -0.03498932719230652,
                1.4313710927963257
            ],
            [
                -0.08337390422821045,
                3.432788848876953
            ],
            [
                -0.12429825961589813,
                5.809177875518799
            ],
            [
                -0.1736869215965271,
                8.887104034423828
            ],
            [
                -0.21980859339237213,
                12.613571166992188
            ],
            [
                -0.20066237449645996,
                16.587766647338867
            ]
        ],
        [
            [
                0.15991969406604767,
                1.7543118000030518
            ],
            [
                0.1872098445892334,
                3.8624989986419678
            ],
            [
                0.31795161962509155,
                6.262179374694824
            ],
            [
                0.2972954511642456,
                9.22497844696045
            ],
            [
                0.2189837396144867,
                12.507996559143066
            ],
            [
                0.07424657046794891,
                16.119035720825195
            ]
        ]
    ]
}