{
    "speed": 5.245979922415181,
    "steer": 0.0012721930397674441,
    "throttle": 0.75,
    "brake": 0.0,
    "wp_4": [
        0.002770261839032173,
        13.688410758972168
    ],
    "wp_3": [
        0.002649475820362568,
        10.002435684204102
    ],
    "wp_2": [
        -0.0006874678656458855,
        6.433980464935303
    ],
    "wp_1": [
        0.004342901520431042,
        2.9880211353302
    ],
    "aim": [
        0.004342901520431042,
        2.9880211353302
    ],
    "target": [
        0.7291522280037896,
        47.89097830869061
    ],
    "desired_speed": 7.136048793792725,
    "angle": 0.00092531102301998,
    "angle_last": -9.011043358858222e-05,
    "angle_target": 0.009691947813199304,
    "angle_final": 0.00092531102301998,
    "delta": 0.25,
    "agent": "only_traj",
    "steer_traj": 0.001272193029087269,
    "throttle_traj": 0.75,
    "brake_traj": 0.0,
    "plan": [
        [
            0.004342901520431042,
            2.9880211353302
        ],
        [
            -0.0006874678656458855,
            6.433980464935303
        ],
        [
            0.002649475820362568,
            10.002435684204102
        ],
        [
            0.002770261839032173,
            13.688410758972168
        ],
        [
            -0.005363011732697487,
            17.40388298034668
        ],
        [
            -0.005847897380590439,
            20.828128814697266
        ]
    ],
    "command": 3,
    "all_plan": [
        [
            [
                0.05521075427532196,
                3.254347801208496
            ],
            [
                -0.02085651457309723,
                6.535892963409424
            ],
            [
                -0.1394656002521515,
                9.787261962890625
            ],
            [
                -0.41583022475242615,
                12.823352813720703
            ],
            [
                -0.708337128162384,
                15.54693603515625
            ],
            [
                -1.0417850017547607,
                17.985614776611328
            ]
        ],
        [
            [
                0.2999412417411804,
                2.9555318355560303
            ],
            [
                0.6479525566101074,
                6.0545334815979
            ],
            [
                1.5271210670471191,
                8.493391990661621
            ],
            [
                3.0289745330810547,
                10.62022590637207
            ],
            [
                4.745563983917236,
                12.535887718200684
            ],
            [
                6.4856767654418945,
                14.398633003234863
            ]
        ],
        [
            [
                -0.023835599422454834,
                3.094660997390747
            ],
            [
                -0.025785347446799278,
                6.613062858581543
            ],
            [
                -0.01718234270811081,
                10.371696472167969
            ],
            [
                0.008031772449612617,
                14.455801010131836
            ],
            [
                0.05326758325099945,
                18.682729721069336
            ],
            [
                0.0720701515674591,
                22.972938537597656
            ]
        ],
        [
            [
                0.004342901520431042,
                2.9880211353302
            ],
            [
                -0.0006874678656458855,
                6.433980464935303
            ],
            [
                0.002649475820362568,
                10.002435684204102
            ],
            [
                0.002770261839032173,
                13.688410758972168
            ],
            [
                -0.005363011732697487,
                17.40388298034668
            ],
            [
                -0.005847897380590439,
                20.828128814697266
            ]
        ],
        [
            [
                -0.017308279871940613,
                2.1148977279663086
            ],
            [
                -0.08276604115962982,
                4.816737174987793
            ],
            [
                -0.1356501579284668,
                7.885335922241211
            ],
            [
                -0.20692718029022217,
                11.636037826538086
            ],
            [
                -0.26845312118530273,
                15.949917793273926
            ],
            [
                -0.27177974581718445,
                20.486642837524414
            ]
        ],
        [
            [
                0.243957057595253,
                2.59125018119812
            ],
            [
                0.31060072779655457,
                5.2888593673706055
            ],
            [
                0.49785515666007996,
                8.17480754852295
            ],
            [
                0.5106062293052673,
                11.462791442871094
            ],
            [
                0.4457855224609375,
                15.047916412353516
            ],
            [
                0.3696579039096832,
                18.88851547241211
            ]
        ]
    ]
}