{
    "speed": 6.963090535459612,
    "steer": 0.002416179748252034,
    "throttle": 0.75,
    "brake": 0.0,
    "wp_4": [
        0.008897863328456879,
        14.419116020202637
    ],
    "wp_3": [
        0.03168664500117302,
        10.753190994262695
    ],
    "wp_2": [
        0.022185105830430984,
        7.111795425415039
    ],
    "wp_1": [
        0.012477288953959942,
        3.4358506202697754
    ],
    "aim": [
        0.012477288953959942,
        3.4358506202697754
    ],
    "target": [
        0.8061180058680856,
        46.45458816923644
    ],
    "desired_speed": 7.185673809051513,
    "angle": 0.0023118394245325684,
    "angle_last": -0.008132961745241708,
    "angle_target": 0.011046038297142017,
    "angle_final": 0.0023118394245325684,
    "delta": 0.22258327359190133,
    "agent": "only_traj",
    "steer_traj": 0.0024161797477040615,
    "throttle_traj": 0.75,
    "brake_traj": 0.0,
    "plan": [
        [
            0.012477288953959942,
            3.4358506202697754
        ],
        [
            0.022185105830430984,
            7.111795425415039
        ],
        [
            0.03168664500117302,
            10.753190994262695
        ],
        [
            0.008897863328456879,
            14.419116020202637
        ],
        [
            -0.02082124724984169,
            18.014062881469727
        ],
        [
            -0.0640740692615509,
            21.399539947509766
        ]
    ],
    "command": 3,
    "all_plan": [
        [
            [
                0.06244941055774689,
                3.459760904312134
            ],
            [
                -0.04841490089893341,
                6.850700378417969
            ],
            [
                -0.20074397325515747,
                10.097187042236328
            ],
            [
                -0.5130083560943604,
                13.18347454071045
            ],
            [
                -0.8988474011421204,
                16.13556671142578
            ],
            [
                -1.3362712860107422,
                18.83920669555664
            ]
        ],
        [
            [
                0.415189266204834,
                3.025679111480713
            ],
            [
                0.9678025841712952,
                5.960492134094238
            ],
            [
                2.1506786346435547,
                8.360371589660645
            ],
            [
                3.9557738304138184,
                10.541682243347168
            ],
            [
                5.814069747924805,
                12.623614311218262
            ],
            [
                7.589170455932617,
                14.773859024047852
            ]
        ],
        [
            [
                -0.018471673130989075,
                3.4921765327453613
            ],
            [
                -0.043001964688301086,
                7.269373893737793
            ],
            [
                -0.04048483446240425,
                11.084177017211914
            ],
            [
                -0.042082227766513824,
                15.07096004486084
            ],
            [
                -0.03275351971387863,
                19.079404830932617
            ],
            [
                -0.024241935461759567,
                23.128604888916016
            ]
        ],
        [
            [
                0.012477288953959942,
                3.4358506202697754
            ],
            [
                0.022185105830430984,
                7.111795425415039
            ],
            [
                0.03168664500117302,
                10.753190994262695
            ],
            [
                0.008897863328456879,
                14.419116020202637
            ],
            [
                -0.02082124724984169,
                18.014062881469727
            ],
            [
                -0.0640740692615509,
                21.399539947509766
            ]
        ],
        [
            [
                -0.03199486434459686,
                2.598292350769043
            ],
            [
                -0.15250395238399506,
                5.684096336364746
            ],
            [
                -0.2676897346973419,
                9.133108139038086
            ],
            [
                -0.38267889618873596,
                13.176475524902344
            ],
            [
                -0.529126763343811,
                17.72547149658203
            ],
            [
                -0.596876859664917,
                22.44622039794922
            ]
        ],
        [
            [
                0.3320051431655884,
                3.080697774887085
            ],
            [
                0.41395270824432373,
                6.125248908996582
            ],
            [
                0.5662264823913574,
                9.154679298400879
            ],
            [
                0.5627868175506592,
                12.448259353637695
            ],
            [
                0.4964081048965454,
                15.986892700195312
            ],
            [
                0.4419238567352295,
                19.68735122680664
            ]
        ]
    ]
}