{
    "speed": 8.63777651722298,
    "steer": 0.0023884307593107224,
    "throttle": 0.75,
    "brake": 0.0,
    "wp_4": [
        -0.23971763253211975,
        18.26525115966797
    ],
    "wp_3": [
        -0.08083111047744751,
        13.76042366027832
    ],
    "wp_2": [
        -0.011308024637401104,
        9.158748626708984
    ],
    "wp_1": [
        0.01284345518797636,
        4.572574615478516
    ],
    "aim": [
        0.01284345518797636,
        4.572574615478516
    ],
    "target": [
        0.11913774078994294,
        41.091127356109915
    ],
    "desired_speed": 8.801724052429199,
    "angle": 0.0017881156971741466,
    "angle_last": -0.03761661166246341,
    "angle_target": 0.0018457811643972446,
    "angle_final": 0.0017881156971741466,
    "delta": 0.16394753520621919,
    "agent": "only_traj",
    "steer_traj": 0.0023884306801875786,
    "throttle_traj": 0.75,
    "brake_traj": 0.0,
    "plan": [
        [
            0.01284345518797636,
            4.572574615478516
        ],
        [
            -0.011308024637401104,
            9.158748626708984
        ],
        [
            -0.08083111047744751,
            13.76042366027832
        ],
        [
            -0.23971763253211975,
            18.26525115966797
        ],
        [
            -0.4397226870059967,
            22.55560874938965
        ],
        [
            -0.6767183542251587,
            26.561832427978516
        ]
    ],
    "command": 3,
    "all_plan": [
        [
            [
                -0.12507565319538116,
                4.3532328605651855
            ],
            [
                -0.5361466407775879,
                8.42270565032959
            ],
            [
                -1.0155843496322632,
                12.26924991607666
            ],
            [
                -1.5292766094207764,
                16.010244369506836
            ],
            [
                -2.3137402534484863,
                19.891393661499023
            ],
            [
                -3.1128909587860107,
                23.52483367919922
            ]
        ],
        [
            [
                0.7499723434448242,
                3.4948105812072754
            ],
            [
                1.8148236274719238,
                6.557206153869629
            ],
            [
                3.661757707595825,
                9.188316345214844
            ],
            [
                6.195590972900391,
                11.932657241821289
            ],
            [
                8.67138671875,
                14.751446723937988
            ],
            [
                10.838685035705566,
                17.658594131469727
            ]
        ],
        [
            [
                -0.06565015017986298,
                4.677862644195557
            ],
            [
                -0.19709432125091553,
                9.369915962219238
            ],
            [
                -0.2879664897918701,
                13.962068557739258
            ],
            [
                -0.42772144079208374,
                18.48398780822754
            ],
            [
                -0.6024091243743896,
                22.989139556884766
            ],
            [
                -0.7289955615997314,
                27.533607482910156
            ]
        ],
        [
            [
                0.01284345518797636,
                4.572574615478516
            ],
            [
                -0.011308024637401104,
                9.158748626708984
            ],
            [
                -0.08083111047744751,
                13.76042366027832
            ],
            [
                -0.23971763253211975,
                18.26525115966797
            ],
            [
                -0.4397226870059967,
                22.55560874938965
            ],
            [
                -0.6767183542251587,
                26.561832427978516
            ]
        ],
        [
            [
                -0.15304626524448395,
                3.9273810386657715
            ],
            [
                -0.5663807988166809,
                8.075773239135742
            ],
            [
                -0.9983564615249634,
                12.78538703918457
            ],
            [
                -1.3073745965957642,
                18.02564239501953
            ],
            [
                -1.6485960483551025,
                23.62323570251465
            ],
            [
                -1.931138277053833,
                29.34127426147461
            ]
        ],
        [
            [
                0.43548113107681274,
                4.562911033630371
            ],
            [
                0.4730762839317322,
                8.836665153503418
            ],
            [
                0.5278308391571045,
                12.790740013122559
            ],
            [
                0.3492608070373535,
                16.69405174255371
            ],
            [
                0.16796444356441498,
                20.867725372314453
            ],
            [
                -0.0873442143201828,
                25.052335739135742
            ]
        ]
    ]
}