{
    "speed": 8.652824591318996,
    "steer": -0.005376423243433237,
    "throttle": 0.75,
    "brake": 0.0,
    "wp_4": [
        -0.5142061114311218,
        18.767642974853516
    ],
    "wp_3": [
        -0.30361664295196533,
        14.156693458557129
    ],
    "wp_2": [
        -0.15268497169017792,
        9.458433151245117
    ],
    "wp_1": [
        -0.05355513468384743,
        4.739187240600586
    ],
    "aim": [
        -0.05355513468384743,
        4.739187240600586
    ],
    "target": [
        -0.17268054621367207,
        25.867491274912542
    ],
    "desired_speed": 9.209541320800781,
    "angle": -0.007193810734364954,
    "angle_last": -0.03756128713018631,
    "angle_target": -0.004249744048220127,
    "angle_final": -0.004249744048220127,
    "delta": 0.25,
    "agent": "only_traj",
    "steer_traj": -0.00537642338949877,
    "throttle_traj": 0.75,
    "brake_traj": 0.0,
    "plan": [
        [
            -0.05355513468384743,
            4.739187240600586
        ],
        [
            -0.15268497169017792,
            9.458433151245117
        ],
        [
            -0.30361664295196533,
            14.156693458557129
        ],
        [
            -0.5142061114311218,
            18.767642974853516
        ],
        [
            -0.7586092948913574,
            23.295190811157227
        ],
        [
            -1.021188497543335,
            27.740428924560547
        ]
    ],
    "command": 3,
    "all_plan": [
        [
            [
                -0.1887231171131134,
                4.391410827636719
            ],
            [
                -0.7399234771728516,
                8.511177062988281
            ],
            [
                -1.3407891988754272,
                12.528979301452637
            ],
            [
                -2.0023531913757324,
                16.54636001586914
            ],
            [
                -2.9397847652435303,
                20.720382690429688
            ],
            [
                -3.9230456352233887,
                24.69213104248047
            ]
        ],
        [
            [
                0.7836508750915527,
                3.5712039470672607
            ],
            [
                1.743716835975647,
                6.78230619430542
            ],
            [
                3.5583105087280273,
                9.672758102416992
            ],
            [
                6.05009651184082,
                12.671998023986816
            ],
            [
                8.346765518188477,
                15.77624225616455
            ],
            [
                10.37753677368164,
                19.009735107421875
            ]
        ],
        [
            [
                -0.08854682743549347,
                4.770389556884766
            ],
            [
                -0.22372137010097504,
                9.557540893554688
            ],
            [
                -0.3598857522010803,
                14.231904983520508
            ],
            [
                -0.557043194770813,
                18.925168991088867
            ],
            [
                -0.7439212799072266,
                23.605077743530273
            ],
            [
                -0.8649949431419373,
                28.36330795288086
            ]
        ],
        [
            [
                -0.05355513468384743,
                4.739187240600586
            ],
            [
                -0.15268497169017792,
                9.458433151245117
            ],
            [
                -0.30361664295196533,
                14.156693458557129
            ],
            [
                -0.5142061114311218,
                18.767642974853516
            ],
            [
                -0.7586092948913574,
                23.295190811157227
            ],
            [
                -1.021188497543335,
                27.740428924560547
            ]
        ],
        [
            [
                -0.15233640372753143,
                4.124244689941406
            ],
            [
                -0.6701176166534424,
                8.439102172851562
            ],
            [
                -1.1962120532989502,
                13.384493827819824
            ],
            [
                -1.5110430717468262,
                18.831642150878906
            ],
            [
                -1.8868955373764038,
                24.61171531677246
            ],
            [
                -2.2390763759613037,
                30.53935432434082
            ]
        ],
        [
            [
                0.44802993535995483,
                4.852601051330566
            ],
            [
                0.561721682548523,
                9.345047950744629
            ],
            [
                0.5496048927307129,
                13.510007858276367
            ],
            [
                0.39073625206947327,
                17.643800735473633
            ],
            [
                0.19957438111305237,
                22.001007080078125
            ],
            [
                -0.008986309170722961,
                26.32577896118164
            ]
        ]
    ]
}