{
    "speed": 7.930851419698599,
    "steer": 0.007382625248283148,
    "throttle": 0.75,
    "brake": 0.0,
    "wp_4": [
        0.42288264632225037,
        17.598737716674805
    ],
    "wp_3": [
        0.31796807050704956,
        13.184452056884766
    ],
    "wp_2": [
        0.18324324488639832,
        8.721442222595215
    ],
    "wp_1": [
        0.06643575429916382,
        4.288097381591797
    ],
    "aim": [
        0.06643575429916382,
        4.288097381591797
    ],
    "target": [
        0.6458759811193684,
        13.371477946730373
    ],
    "desired_speed": 8.629324340820313,
    "angle": 0.009862385879009332,
    "angle_last": 0.008581877191613496,
    "angle_target": 0.030726453085873205,
    "angle_final": 0.009862385879009332,
    "delta": 0.25,
    "agent": "only_traj",
    "steer_traj": 0.007382625352677805,
    "throttle_traj": 0.75,
    "brake_traj": 0.0,
    "plan": [
        [
            0.06643575429916382,
            4.288097381591797
        ],
        [
            0.18324324488639832,
            8.721442222595215
        ],
        [
            0.31796807050704956,
            13.184452056884766
        ],
        [
            0.42288264632225037,
            17.598737716674805
        ],
        [
            0.5086699724197388,
            21.834510803222656
        ],
        [
            0.5628758072853088,
            25.855356216430664
        ]
    ],
    "command": 3,
    "all_plan": [
        [
            [
                -0.06322287023067474,
                4.183401584625244
            ],
            [
                -0.4571302533149719,
                8.088544845581055
            ],
            [
                -0.942575216293335,
                11.79171085357666
            ],
            [
                -1.5423864126205444,
                15.320091247558594
            ],
            [
                -2.392660140991211,
                18.951066970825195
            ],
            [
                -3.306309700012207,
                22.32431411743164
            ]
        ],
        [
            [
                0.6034801006317139,
                3.4536142349243164
            ],
            [
                1.5077117681503296,
                6.656354904174805
            ],
            [
                3.0903329849243164,
                9.500761032104492
            ],
            [
                5.298620223999023,
                12.399028778076172
            ],
            [
                7.411288738250732,
                15.351662635803223
            ],
            [
                9.241619110107422,
                18.326292037963867
            ]
        ],
        [
            [
                0.014631076715886593,
                4.456052780151367
            ],
            [
                0.05539589375257492,
                9.01705551147461
            ],
            [
                0.1497790515422821,
                13.487077713012695
            ],
            [
                0.2344602644443512,
                17.947463989257812
            ],
            [
                0.2948625087738037,
                22.40532875061035
            ],
            [
                0.4264317750930786,
                26.85642433166504
            ]
        ],
        [
            [
                0.06643575429916382,
                4.288097381591797
            ],
            [
                0.18324324488639832,
                8.721442222595215
            ],
            [
                0.31796807050704956,
                13.184452056884766
            ],
            [
                0.42288264632225037,
                17.598737716674805
            ],
            [
                0.5086699724197388,
                21.834510803222656
            ],
            [
                0.5628758072853088,
                25.855356216430664
            ]
        ],
        [
            [
                -0.09165939688682556,
                3.7303497791290283
            ],
            [
                -0.2049364149570465,
                7.81326961517334
            ],
            [
                -0.2766150236129761,
                12.357080459594727
            ],
            [
                -0.2463754415512085,
                17.445846557617188
            ],
            [
                -0.21765312552452087,
                22.872011184692383
            ],
            [
                -0.15295284986495972,
                28.44603729248047
            ]
        ],
        [
            [
                0.3381294012069702,
                4.325865268707275
            ],
            [
                0.5079864859580994,
                8.354437828063965
            ],
            [
                0.7813979983329773,
                12.113619804382324
            ],
            [
                0.8684716820716858,
                15.82271671295166
            ],
            [
                0.9806358814239502,
                19.744691848754883
            ],
            [
                1.0817532539367676,
                23.710187911987305
            ]
        ]
    ]
}