{
    "speed": 8.681072536675613,
    "steer": 0.0025495218578726053,
    "throttle": 0.0570099838078022,
    "brake": 0.0,
    "wp_4": [
        0.24244993925094604,
        17.30263900756836
    ],
    "wp_3": [
        0.16661173105239868,
        12.98121452331543
    ],
    "wp_2": [
        0.08339709043502808,
        8.63926887512207
    ],
    "wp_1": [
        0.017402898520231247,
        4.28885555267334
    ],
    "aim": [
        0.017402898520231247,
        4.28885555267334
    ],
    "target": [
        0.9147246625722134,
        9.870560279970352
    ],
    "desired_speed": 8.635292243957519,
    "angle": 0.0025832256075544084,
    "angle_last": 0.008340695622921269,
    "angle_target": 0.05882880871364371,
    "angle_final": 0.0025832256075544084,
    "delta": 0.0,
    "agent": "only_traj",
    "steer_traj": 0.002549521790194493,
    "throttle_traj": 0.057009984948861545,
    "brake_traj": 0.0,
    "plan": [
        [
            0.017402898520231247,
            4.28885555267334
        ],
        [
            0.08339709043502808,
            8.63926887512207
        ],
        [
            0.16661173105239868,
            12.98121452331543
        ],
        [
            0.24244993925094604,
            17.30263900756836
        ],
        [
            0.315693736076355,
            21.606292724609375
        ],
        [
            0.37161222100257874,
            25.874134063720703
        ]
    ],
    "command": 3,
    "all_plan": [
        [
            [
                -0.02006886713206768,
                4.104016304016113
            ],
            [
                -0.33024829626083374,
                7.993382453918457
            ],
            [
                -0.7011653184890747,
                11.79864501953125
            ],
            [
                -1.2125483751296997,
                15.504677772521973
            ],
            [
                -1.942723274230957,
                19.33458137512207
            ],
            [
                -2.7702529430389404,
                22.949975967407227
            ]
        ],
        [
            [
                0.561246931552887,
                3.391327381134033
            ],
            [
                1.28715181350708,
                6.638757705688477
            ],
            [
                2.7519571781158447,
                9.61207389831543
            ],
            [
                4.820956230163574,
                12.615304946899414
            ],
            [
                6.675830364227295,
                15.670538902282715
            ],
            [
                8.228816032409668,
                18.822818756103516
            ]
        ],
        [
            [
                0.020954295992851257,
                4.384611129760742
            ],
            [
                0.06691194325685501,
                8.843719482421875
            ],
            [
                0.1473049521446228,
                13.208467483520508
            ],
            [
                0.21167075634002686,
                17.580169677734375
            ],
            [
                0.28527945280075073,
                21.960660934448242
            ],
            [
                0.4231024980545044,
                26.38275718688965
            ]
        ],
        [
            [
                0.017402898520231247,
                4.28885555267334
            ],
            [
                0.08339709043502808,
                8.63926887512207
            ],
            [
                0.16661173105239868,
                12.98121452331543
            ],
            [
                0.24244993925094604,
                17.30263900756836
            ],
            [
                0.315693736076355,
                21.606292724609375
            ],
            [
                0.37161222100257874,
                25.874134063720703
            ]
        ],
        [
            [
                -0.06675542891025543,
                3.6667933464050293
            ],
            [
                -0.18347640335559845,
                7.758237361907959
            ],
            [
                -0.27888941764831543,
                12.248725891113281
            ],
            [
                -0.27718204259872437,
                17.33646583557129
            ],
            [
                -0.30614686012268066,
                22.79078483581543
            ],
            [
                -0.2908414602279663,
                28.393129348754883
            ]
        ],
        [
            [
                0.38684529066085815,
                4.369809150695801
            ],
            [
                0.5921283960342407,
                8.366300582885742
            ],
            [
                0.8508768081665039,
                12.143494606018066
            ],
            [
                0.9601688385009766,
                15.966395378112793
            ],
            [
                1.068465232849121,
                19.941574096679688
            ],
            [
                1.2280430793762207,
                23.986286163330078
            ]
        ]
    ]
}