{
    "speed": 7.01747994694036,
    "steer": -0.00024313943868037313,
    "throttle": 0.0,
    "brake": 1.0,
    "wp_4": [
        -0.12134727835655212,
        14.777164459228516
    ],
    "wp_3": [
        -0.07703597843647003,
        10.925002098083496
    ],
    "wp_2": [
        -0.045931946486234665,
        7.089940071105957
    ],
    "wp_1": [
        -0.012121115811169147,
        3.45723032951355
    ],
    "aim": [
        -0.012121115811169147,
        3.45723032951355
    ],
    "target": [
        2.3204301425291924,
        47.22788234703255
    ],
    "desired_speed": 5.972156381607056,
    "angle": -0.002231981866313803,
    "angle_last": -0.007451384757065214,
    "angle_target": 0.0312536719365889,
    "angle_final": -0.002231981866313803,
    "delta": 0.0,
    "agent": "only_traj",
    "steer_traj": -0.00024313943862725145,
    "throttle_traj": 0.0,
    "brake_traj": 1.0,
    "plan": [
        [
            -0.012121115811169147,
            3.45723032951355
        ],
        [
            -0.045931946486234665,
            7.089940071105957
        ],
        [
            -0.07703597843647003,
            10.925002098083496
        ],
        [
            -0.12134727835655212,
            14.777164459228516
        ],
        [
            -0.1400373876094818,
            17.289291381835938
        ],
        [
            -0.1528855264186859,
            18.386938095092773
        ]
    ],
    "command": 3,
    "all_plan": [
        [
            [
                -0.03480001538991928,
                3.873534917831421
            ],
            [
                -0.21256649494171143,
                7.44856595993042
            ],
            [
                -0.5761826038360596,
                10.284381866455078
            ],
            [
                -0.8384904861450195,
                12.171582221984863
            ],
            [
                -1.0185329914093018,
                13.55543041229248
            ],
            [
                -1.0926265716552734,
                14.504460334777832
            ]
        ],
        [
            [
                0.3407255709171295,
                3.5648915767669678
            ],
            [
                1.4664632081985474,
                6.192963600158691
            ],
            [
                3.5485525131225586,
                7.502021312713623
            ],
            [
                6.593252182006836,
                8.299278259277344
            ],
            [
                10.173487663269043,
                8.761985778808594
            ],
            [
                13.848335266113281,
                9.126623153686523
            ]
        ],
        [
            [
                -0.04800541698932648,
                3.572739839553833
            ],
            [
                -0.09214409440755844,
                7.7956085205078125
            ],
            [
                -0.1523098647594452,
                12.123708724975586
            ],
            [
                -0.22893530130386353,
                16.48409652709961
            ],
            [
                -0.2709451913833618,
                20.657833099365234
            ],
            [
                -0.3567647337913513,
                24.81151580810547
            ]
        ],
        [
            [
                -0.012121115811169147,
                3.45723032951355
            ],
            [
                -0.045931946486234665,
                7.089940071105957
            ],
            [
                -0.07703597843647003,
                10.925002098083496
            ],
            [
                -0.12134727835655212,
                14.777164459228516
            ],
            [
                -0.1400373876094818,
                17.289291381835938
            ],
            [
                -0.1528855264186859,
                18.386938095092773
            ]
        ],
        [
            [
                -0.024906381964683533,
                2.5770275592803955
            ],
            [
                -0.16980619728565216,
                5.283863067626953
            ],
            [
                -0.28815963864326477,
                8.31348705291748
            ],
            [
                -0.46008747816085815,
                12.118124008178711
            ],
            [
                -0.4921322166919708,
                16.46124839782715
            ],
            [
                -0.5316867828369141,
                20.97923469543457
            ]
        ],
        [
            [
                -2.6866793632507324e-05,
                2.471698760986328
            ],
            [
                -0.12076253443956375,
                5.260532379150391
            ],
            [
                -0.13790732622146606,
                7.964582443237305
            ],
            [
                -0.4050547182559967,
                11.02333927154541
            ],
            [
                -0.6722573041915894,
                14.452512741088867
            ],
            [
                -1.2236535549163818,
                17.878768920898438
            ]
        ]
    ]
}