{
    "speed": 3.5969439519302147,
    "steer": 0.001044228789396584,
    "throttle": 0.75,
    "brake": 0.0,
    "wp_4": [
        -0.09191326051950455,
        12.628129005432129
    ],
    "wp_3": [
        -0.04178588464856148,
        9.02882194519043
    ],
    "wp_2": [
        -0.024128343909978867,
        5.596477508544922
    ],
    "wp_1": [
        0.0013749850913882256,
        2.469878673553467
    ],
    "aim": [
        0.0013749850913882256,
        2.469878673553467
    ],
    "target": [
        1.1743498991707009,
        43.81465398944943
    ],
    "desired_speed": 6.210567569732666,
    "angle": 0.000354383099397692,
    "angle_last": -0.008667461993290595,
    "angle_target": 0.017059028201500688,
    "angle_final": 0.000354383099397692,
    "delta": 0.25,
    "agent": "only_traj",
    "steer_traj": 0.0010442288456975226,
    "throttle_traj": 0.75,
    "brake_traj": 0.0,
    "plan": [
        [
            0.0013749850913882256,
            2.469878673553467
        ],
        [
            -0.024128343909978867,
            5.596477508544922
        ],
        [
            -0.04178588464856148,
            9.02882194519043
        ],
        [
            -0.09191326051950455,
            12.628129005432129
        ],
        [
            -0.13513904809951782,
            15.837650299072266
        ],
        [
            -0.16451700031757355,
            17.99530792236328
        ]
    ],
    "command": 3,
    "all_plan": [
        [
            [
                -0.05600114166736603,
                3.1585185527801514
            ],
            [
                -0.19301706552505493,
                6.385392665863037
            ],
            [
                -0.4976951777935028,
                9.277240753173828
            ],
            [
                -0.7677614092826843,
                11.598577499389648
            ],
            [
                -1.003401279449463,
                13.227994918823242
            ],
            [
                -1.1033806800842285,
                14.401883125305176
            ]
        ],
        [
            [
                0.1157994195818901,
                3.0053226947784424
            ],
            [
                0.5034401416778564,
                5.933059215545654
            ],
            [
                1.4397157430648804,
                7.8159284591674805
            ],
            [
                3.239504814147949,
                9.050150871276855
            ],
            [
                5.688530921936035,
                9.83067798614502
            ],
            [
                8.48234748840332,
                10.369451522827148
            ]
        ],
        [
            [
                -0.04355378448963165,
                2.5695650577545166
            ],
            [
                -0.06591961532831192,
                5.912032127380371
            ],
            [
                -0.11012236773967743,
                9.699151992797852
            ],
            [
                -0.14958715438842773,
                13.933162689208984
            ],
            [
                -0.1617954671382904,
                18.340635299682617
            ],
            [
                -0.22772125899791718,
                22.766273498535156
            ]
        ],
        [
            [
                0.0013749850913882256,
                2.469878673553467
            ],
            [
                -0.024128343909978867,
                5.596477508544922
            ],
            [
                -0.04178588464856148,
                9.02882194519043
            ],
            [
                -0.09191326051950455,
                12.628129005432129
            ],
            [
                -0.13513904809951782,
                15.837650299072266
            ],
            [
                -0.16451700031757355,
                17.99530792236328
            ]
        ],
        [
            [
                -0.09268616139888763,
                1.5340831279754639
            ],
            [
                -0.16575902700424194,
                3.486297130584717
            ],
            [
                -0.2064361423254013,
                5.879417896270752
            ],
            [
                -0.28322070837020874,
                9.002845764160156
            ],
            [
                -0.3228696882724762,
                12.785026550292969
            ],
            [
                -0.29247644543647766,
                16.863056182861328
            ]
        ],
        [
            [
                0.03416551649570465,
                1.640964150428772
            ],
            [
                -0.03634630888700485,
                3.7293801307678223
            ],
            [
                0.023431003093719482,
                6.1295671463012695
            ],
            [
                -0.16182059049606323,
                9.110701560974121
            ],
            [
                -0.3562568128108978,
                12.47591495513916
            ],
            [
                -0.7692736983299255,
                16.173431396484375
            ]
        ]
    ]
}