{
    "speed": 5.266186685115132,
    "steer": -0.0024445136077702045,
    "throttle": 0.75,
    "brake": 0.0,
    "wp_4": [
        -0.1613510698080063,
        15.511417388916016
    ],
    "wp_3": [
        -0.09749971330165863,
        11.407748222351074
    ],
    "wp_2": [
        -0.04638861492276192,
        7.418349266052246
    ],
    "wp_1": [
        -0.013912131078541279,
        3.5186033248901367
    ],
    "aim": [
        -0.013912131078541279,
        3.5186033248901367
    ],
    "target": [
        0.7833802471393788,
        40.31706315223443
    ],
    "desired_speed": 8.039320087432861,
    "angle": -0.002517104318666446,
    "angle_last": -0.008839734542356472,
    "angle_target": 0.012368277040139156,
    "angle_final": -0.002517104318666446,
    "delta": 0.25,
    "agent": "only_traj",
    "steer_traj": -0.0024445136819023997,
    "throttle_traj": 0.75,
    "brake_traj": 0.0,
    "plan": [
        [
            -0.013912131078541279,
            3.5186033248901367
        ],
        [
            -0.04638861492276192,
            7.418349266052246
        ],
        [
            -0.09749971330165863,
            11.407748222351074
        ],
        [
            -0.1613510698080063,
            15.511417388916016
        ],
        [
            -0.22908250987529755,
            19.641712188720703
        ],
        [
            -0.28425711393356323,
            23.615005493164062
        ]
    ],
    "command": 3,
    "all_plan": [
        [
            [
                0.02583182044327259,
                3.73429274559021
            ],
            [
                -0.12504416704177856,
                7.357481002807617
            ],
            [
                -0.3245071470737457,
                10.94374942779541
            ],
            [
                -0.668883740901947,
                14.359707832336426
            ],
            [
                -1.1163948774337769,
                17.762222290039062
            ],
            [
                -1.6445705890655518,
                20.902481079101562
            ]
        ],
        [
            [
                0.46279171109199524,
                3.028562545776367
            ],
            [
                0.9953652620315552,
                5.9995317459106445
            ],
            [
                2.2475128173828125,
                8.506608963012695
            ],
            [
                4.146985054016113,
                10.907017707824707
            ],
            [
                5.982067108154297,
                13.293072700500488
            ],
            [
                7.625911712646484,
                15.71041202545166
            ]
        ],
        [
            [
                -0.012548581697046757,
                3.765169382095337
            ],
            [
                -0.04603097587823868,
                7.785398483276367
            ],
            [
                -0.08314897119998932,
                11.811275482177734
            ],
            [
                -0.13681749999523163,
                15.907135009765625
            ],
            [
                -0.19491471350193024,
                20.053325653076172
            ],
            [
                -0.23481565713882446,
                24.189701080322266
            ]
        ],
        [
            [
                -0.013912131078541279,
                3.5186033248901367
            ],
            [
                -0.04638861492276192,
                7.418349266052246
            ],
            [
                -0.09749971330165863,
                11.407748222351074
            ],
            [
                -0.1613510698080063,
                15.511417388916016
            ],
            [
                -0.22908250987529755,
                19.641712188720703
            ],
            [
                -0.28425711393356323,
                23.615005493164062
            ]
        ],
        [
            [
                -0.010404407978057861,
                3.0258445739746094
            ],
            [
                -0.12733334302902222,
                6.468359470367432
            ],
            [
                -0.28584688901901245,
                10.281335830688477
            ],
            [
                -0.45178288221359253,
                14.71601390838623
            ],
            [
                -0.6296194791793823,
                19.627077102661133
            ],
            [
                -0.7374707460403442,
                24.73642349243164
            ]
        ],
        [
            [
                0.32400697469711304,
                3.535135507583618
            ],
            [
                0.4032747447490692,
                6.859533309936523
            ],
            [
                0.5691342353820801,
                10.21267032623291
            ],
            [
                0.5277626514434814,
                13.799643516540527
            ],
            [
                0.40204131603240967,
                17.59922218322754
            ],
            [
                0.30224746465682983,
                21.530458450317383
            ]
        ]
    ]
}