{
    "speed": 7.805383962208082,
    "steer": -0.0028572736773639917,
    "throttle": 0.75,
    "brake": 0.0,
    "wp_4": [
        -0.15847235918045044,
        16.620487213134766
    ],
    "wp_3": [
        -0.08327291905879974,
        12.481289863586426
    ],
    "wp_2": [
        -0.04015636071562767,
        8.333248138427734
    ],
    "wp_1": [
        -0.008006145246326923,
        4.157212257385254
    ],
    "aim": [
        -0.008006145246326923,
        4.157212257385254
    ],
    "target": [
        -0.08275954898976556,
        25.639572088950437
    ],
    "desired_speed": 8.270578765869141,
    "angle": -0.0012260467835524807,
    "angle_last": -0.013153378458173414,
    "angle_target": -0.0020548775963384613,
    "angle_final": -0.0012260467835524807,
    "delta": 0.25,
    "agent": "only_traj",
    "steer_traj": -0.002857273599621724,
    "throttle_traj": 0.75,
    "brake_traj": 0.0,
    "plan": [
        [
            -0.008006145246326923,
            4.157212257385254
        ],
        [
            -0.04015636071562767,
            8.333248138427734
        ],
        [
            -0.08327291905879974,
            12.481289863586426
        ],
        [
            -0.15847235918045044,
            16.620487213134766
        ],
        [
            -0.23211437463760376,
            20.751188278198242
        ],
        [
            -0.31642255187034607,
            24.831100463867188
        ]
    ],
    "command": 3,
    "all_plan": [
        [
            [
                0.015228377655148506,
                4.017674922943115
            ],
            [
                -0.17825888097286224,
                7.852166175842285
            ],
            [
                -0.4020375609397888,
                11.610921859741211
            ],
            [
                -0.7309204936027527,
                15.272613525390625
            ],
            [
                -1.229892373085022,
                19.06192970275879
            ],
            [
                -1.79654860496521,
                22.637287139892578
            ]
        ],
        [
            [
                0.5649550557136536,
                3.248426675796509
            ],
            [
                1.2649078369140625,
                6.286183834075928
            ],
            [
                2.7485313415527344,
                8.974715232849121
            ],
            [
                4.876686096191406,
                11.66081428527832
            ],
            [
                6.810923099517822,
                14.374563217163086
            ],
            [
                8.432048797607422,
                17.22581672668457
            ]
        ],
        [
            [
                -0.0232183039188385,
                4.259058952331543
            ],
            [
                -0.0716371014714241,
                8.55125617980957
            ],
            [
                -0.09164361655712128,
                12.73629379272461
            ],
            [
                -0.14475789666175842,
                16.90283203125
            ],
            [
                -0.19441834092140198,
                21.04761505126953
            ],
            [
                -0.20291034877300262,
                25.236764907836914
            ]
        ],
        [
            [
                -0.008006145246326923,
                4.157212257385254
            ],
            [
                -0.04015636071562767,
                8.333248138427734
            ],
            [
                -0.08327291905879974,
                12.481289863586426
            ],
            [
                -0.15847235918045044,
                16.620487213134766
            ],
            [
                -0.23211437463760376,
                20.751188278198242
            ],
            [
                -0.31642255187034607,
                24.831100463867188
            ]
        ],
        [
            [
                -0.05814473330974579,
                3.474529504776001
            ],
            [
                -0.26681169867515564,
                7.350400447845459
            ],
            [
                -0.5281452536582947,
                11.565044403076172
            ],
            [
                -0.7235879898071289,
                16.41696548461914
            ],
            [
                -0.9529253840446472,
                21.695575714111328
            ],
            [
                -1.1371229887008667,
                27.142745971679688
            ]
        ],
        [
            [
                0.4423485994338989,
                4.115617752075195
            ],
            [
                0.5529202222824097,
                7.914510250091553
            ],
            [
                0.698725163936615,
                11.545685768127441
            ],
            [
                0.6752375960350037,
                15.314753532409668
            ],
            [
                0.6019733548164368,
                19.24148941040039
            ],
            [
                0.5509267449378967,
                23.266664505004883
            ]
        ]
    ]
}