{
    "speed": 7.767673903896207,
    "steer": 0.0009111623512580991,
    "throttle": 0.75,
    "brake": 0.0,
    "wp_4": [
        0.033853620290756226,
        16.123422622680664
    ],
    "wp_3": [
        0.050221625715494156,
        11.949106216430664
    ],
    "wp_2": [
        0.030672859400510788,
        7.915736198425293
    ],
    "wp_1": [
        0.014721821062266827,
        3.89770245552063
    ],
    "aim": [
        0.014721821062266827,
        3.89770245552063
    ],
    "target": [
        1.6507882442825803,
        22.356223141101676
    ],
    "desired_speed": 7.900219917297363,
    "angle": 0.002404502324272408,
    "angle_last": -0.005603059676668985,
    "angle_target": 0.04692298166363104,
    "angle_final": 0.002404502324272408,
    "delta": 0.13254601340115624,
    "agent": "only_traj",
    "steer_traj": 0.0009111623236662595,
    "throttle_traj": 0.75,
    "brake_traj": 0.0,
    "plan": [
        [
            0.014721821062266827,
            3.89770245552063
        ],
        [
            0.030672859400510788,
            7.915736198425293
        ],
        [
            0.050221625715494156,
            11.949106216430664
        ],
        [
            0.033853620290756226,
            16.123422622680664
        ],
        [
            0.007691878825426102,
            20.110858917236328
        ],
        [
            -0.023439807817339897,
            23.647918701171875
        ]
    ],
    "command": 3,
    "all_plan": [
        [
            [
                0.03027685172855854,
                3.9533698558807373
            ],
            [
                -0.10156691074371338,
                7.667541027069092
            ],
            [
                -0.34592604637145996,
                11.184286117553711
            ],
            [
                -0.6887764930725098,
                14.467933654785156
            ],
            [
                -1.1277661323547363,
                17.758647918701172
            ],
            [
                -1.633238673210144,
                20.762470245361328
            ]
        ],
        [
            [
                0.49569523334503174,
                3.242201089859009
            ],
            [
                1.250483751296997,
                6.159727573394775
            ],
            [
                2.7494330406188965,
                8.548881530761719
            ],
            [
                4.927473068237305,
                10.897394180297852
            ],
            [
                7.101083755493164,
                13.199110984802246
            ],
            [
                9.05557918548584,
                15.554431915283203
            ]
        ],
        [
            [
                -0.0395704060792923,
                4.041840553283691
            ],
            [
                -0.08095043152570724,
                8.268171310424805
            ],
            [
                -0.06347450613975525,
                12.422464370727539
            ],
            [
                -0.0821901187300682,
                16.564878463745117
            ],
            [
                -0.09066935628652573,
                20.695308685302734
            ],
            [
                -0.09966184198856354,
                24.80531883239746
            ]
        ],
        [
            [
                0.014721821062266827,
                3.89770245552063
            ],
            [
                0.030672859400510788,
                7.915736198425293
            ],
            [
                0.050221625715494156,
                11.949106216430664
            ],
            [
                0.033853620290756226,
                16.123422622680664
            ],
            [
                0.007691878825426102,
                20.110858917236328
            ],
            [
                -0.023439807817339897,
                23.647918701171875
            ]
        ],
        [
            [
                -0.04262745380401611,
                3.258256673812866
            ],
            [
                -0.17499896883964539,
                6.851909637451172
            ],
            [
                -0.3026598393917084,
                10.818952560424805
            ],
            [
                -0.43969643115997314,
                15.38947582244873
            ],
            [
                -0.5891368389129639,
                20.449827194213867
            ],
            [
                -0.6824424862861633,
                25.64000701904297
            ]
        ],
        [
            [
                0.32502925395965576,
                3.7492141723632812
            ],
            [
                0.37899652123451233,
                7.272500514984131
            ],
            [
                0.5751255750656128,
                10.706389427185059
            ],
            [
                0.5639215111732483,
                14.25486946105957
            ],
            [
                0.48991239070892334,
                18.023475646972656
            ],
            [
                0.3640720248222351,
                21.883413314819336
            ]
        ]
    ]
}