{
    "speed": 7.578129578027839,
    "steer": -0.0018219136400148273,
    "throttle": 0.75,
    "brake": 0.0,
    "wp_4": [
        -0.0981435552239418,
        15.827176094055176
    ],
    "wp_3": [
        -0.05497753992676735,
        11.850719451904297
    ],
    "wp_2": [
        -0.028395872563123703,
        7.913698196411133
    ],
    "wp_1": [
        -0.006859918124973774,
        3.9433653354644775
    ],
    "aim": [
        -0.006859918124973774,
        3.9433653354644775
    ],
    "target": [
        1.8560124117208956,
        14.462872832205152
    ],
    "desired_speed": 7.901339435577393,
    "angle": -0.0011074291649665925,
    "angle_last": -0.007119058108448705,
    "angle_target": 0.08125296605572668,
    "angle_final": -0.0011074291649665925,
    "delta": 0.25,
    "agent": "only_traj",
    "steer_traj": -0.001821913593907295,
    "throttle_traj": 0.75,
    "brake_traj": 0.0,
    "plan": [
        [
            -0.006859918124973774,
            3.9433653354644775
        ],
        [
            -0.028395872563123703,
            7.913698196411133
        ],
        [
            -0.05497753992676735,
            11.850719451904297
        ],
        [
            -0.0981435552239418,
            15.827176094055176
        ],
        [
            -0.14509719610214233,
            19.79814338684082
        ],
        [
            -0.18868495523929596,
            23.695810317993164
        ]
    ],
    "command": 3,
    "all_plan": [
        [
            [
                0.045822933316230774,
                3.8651554584503174
            ],
            [
                -0.07937245070934296,
                7.5522613525390625
            ],
            [
                -0.2386324107646942,
                11.175785064697266
            ],
            [
                -0.4945357143878937,
                14.665639877319336
            ],
            [
                -0.8876952528953552,
                18.258338928222656
            ],
            [
                -1.3682854175567627,
                21.647804260253906
            ]
        ],
        [
            [
                0.512364387512207,
                3.1212642192840576
            ],
            [
                1.1504173278808594,
                6.041355133056641
            ],
            [
                2.548377513885498,
                8.596539497375488
            ],
            [
                4.571332931518555,
                11.14311408996582
            ],
            [
                6.40632438659668,
                13.692621231079102
            ],
            [
                7.926639556884766,
                16.37034034729004
            ]
        ],
        [
            [
                -0.008113355375826359,
                4.061958312988281
            ],
            [
                -0.04652715474367142,
                8.157510757446289
            ],
            [
                -0.0637919157743454,
                12.147855758666992
            ],
            [
                -0.09670152515172958,
                16.11202621459961
            ],
            [
                -0.12415704876184464,
                20.05194091796875
            ],
            [
                -0.14413392543792725,
                24.03515625
            ]
        ],
        [
            [
                -0.006859918124973774,
                3.9433653354644775
            ],
            [
                -0.028395872563123703,
                7.913698196411133
            ],
            [
                -0.05497753992676735,
                11.850719451904297
            ],
            [
                -0.0981435552239418,
                15.827176094055176
            ],
            [
                -0.14509719610214233,
                19.79814338684082
            ],
            [
                -0.18868495523929596,
                23.695810317993164
            ]
        ],
        [
            [
                -0.03742511570453644,
                3.2773029804229736
            ],
            [
                -0.17476500570774078,
                6.9697418212890625
            ],
            [
                -0.38984405994415283,
                10.941654205322266
            ],
            [
                -0.5720474123954773,
                15.547195434570312
            ],
            [
                -0.7692047953605652,
                20.622482299804688
            ],
            [
                -0.9381104707717896,
                25.835649490356445
            ]
        ],
        [
            [
                0.41109657287597656,
                3.875582695007324
            ],
            [
                0.49509328603744507,
                7.44578742980957
            ],
            [
                0.6600302457809448,
                10.899824142456055
            ],
            [
                0.6583012342453003,
                14.51960277557373
            ],
            [
                0.6015873551368713,
                18.287288665771484
            ],
            [
                0.5673964023590088,
                22.160625457763672
            ]
        ]
    ]
}