{
    "speed": 3.682038416142779,
    "steer": 0.021225888282060623,
    "throttle": 0.75,
    "brake": 0.0,
    "wp_4": [
        0.03153279423713684,
        11.384713172912598
    ],
    "wp_3": [
        0.015239452943205833,
        7.522621154785156
    ],
    "wp_2": [
        0.012067241594195366,
        4.005297660827637
    ],
    "wp_1": [
        0.017399441450834274,
        1.441272497177124
    ],
    "aim": [
        0.017399441450834274,
        1.441272497177124
    ],
    "target": [
        1.303415296118921,
        3.8561828468360653
    ],
    "desired_speed": 6.963177967071533,
    "angle": 0.007685073353590822,
    "angle_last": 0.012802251079764375,
    "angle_target": 0.20750659126079435,
    "angle_final": 0.007685073353590822,
    "delta": 0.25,
    "agent": "only_traj",
    "steer_traj": 0.021225889005154142,
    "throttle_traj": 0.75,
    "brake_traj": 0.0,
    "plan": [
        [
            0.017399441450834274,
            1.441272497177124
        ],
        [
            0.012067241594195366,
            4.005297660827637
        ],
        [
            0.015239452943205833,
            7.522621154785156
        ],
        [
            0.03153279423713684,
            11.384713172912598
        ],
        [
            0.07395672798156738,
            15.395071029663086
        ],
        [
            0.14340856671333313,
            18.84825325012207
        ]
    ],
    "command": 3,
    "all_plan": [
        [
            [
                0.012111151590943336,
                2.4572627544403076
            ],
            [
                -0.09879518300294876,
                5.481076240539551
            ],
            [
                -0.29007673263549805,
                8.603693008422852
            ],
            [
                -0.6335985064506531,
                11.417333602905273
            ],
            [
                -0.8749020099639893,
                13.418279647827148
            ],
            [
                -1.111737608909607,
                14.95850658416748
            ]
        ],
        [
            [
                -0.014925280585885048,
                2.554872512817383
            ],
            [
                -0.08308932185173035,
                5.834713935852051
            ],
            [
                0.06013976037502289,
                8.281427383422852
            ],
            [
                0.6847162246704102,
                10.309164047241211
            ],
            [
                1.887117862701416,
                11.827779769897461
            ],
            [
                3.4963364601135254,
                12.923566818237305
            ]
        ],
        [
            [
                0.011300570331513882,
                1.7167198657989502
            ],
            [
                0.032394975423812866,
                4.3957366943359375
            ],
            [
                0.04663738235831261,
                7.842147350311279
            ],
            [
                0.11478951573371887,
                12.11282730102539
            ],
            [
                0.22746381163597107,
                16.875667572021484
            ],
            [
                0.24876807630062103,
                21.810253143310547
            ]
        ],
        [
            [
                0.017399441450834274,
                1.441272497177124
            ],
            [
                0.012067241594195366,
                4.005297660827637
            ],
            [
                0.015239452943205833,
                7.522621154785156
            ],
            [
                0.03153279423713684,
                11.384713172912598
            ],
            [
                0.07395672798156738,
                15.395071029663086
            ],
            [
                0.14340856671333313,
                18.84825325012207
            ]
        ],
        [
            [
                -0.00044939666986465454,
                0.9012540578842163
            ],
            [
                0.06648415327072144,
                2.496913433074951
            ],
            [
                0.09829208254814148,
                4.503157138824463
            ],
            [
                0.17491920292377472,
                7.317006587982178
            ],
            [
                0.2421078383922577,
                10.733610153198242
            ],
            [
                0.4199060797691345,
                14.704422950744629
            ]
        ],
        [
            [
                0.012411259114742279,
                1.069251298904419
            ],
            [
                0.06594986468553543,
                2.825049877166748
            ],
            [
                0.28121623396873474,
                5.2143707275390625
            ],
            [
                0.2993631064891815,
                8.246556282043457
            ],
            [
                0.1777755320072174,
                11.85968017578125
            ],
            [
                -0.05576825141906738,
                16.060182571411133
            ]
        ]
    ]
}