{
    "speed": 4.73197363132589,
    "steer": 0.4983057379722595,
    "throttle": 0.0,
    "brake": 1.0,
    "wp_4": [
        0.1391804814338684,
        9.296079635620117
    ],
    "wp_3": [
        0.11635280400514603,
        7.82177734375
    ],
    "wp_2": [
        0.07589270174503326,
        5.613138675689697
    ],
    "wp_1": [
        0.017260264605283737,
        2.920469045639038
    ],
    "aim": [
        0.017260264605283737,
        2.920469045639038
    ],
    "target": [
        1.7299382557691054,
        1.4049260866876545
    ],
    "desired_speed": 3.3089884519577026,
    "angle": 0.0037624198222617213,
    "angle_last": 0.023066052236533314,
    "angle_target": 0.5657676219943033,
    "angle_final": 0.5657676219943033,
    "delta": 0.0,
    "agent": "only_traj",
    "steer_traj": 0.49830575103783276,
    "throttle_traj": 0.0,
    "brake_traj": 1.0,
    "plan": [
        [
            0.017260264605283737,
            2.920469045639038
        ],
        [
            0.07589270174503326,
            5.613138675689697
        ],
        [
            0.11635280400514603,
            7.82177734375
        ],
        [
            0.1391804814338684,
            9.296079635620117
        ],
        [
            0.15922123193740845,
            10.335968971252441
        ],
        [
            0.1902143657207489,
            11.190999984741211
        ]
    ],
    "command": 3,
    "all_plan": [
        [
            [
                -0.028857311233878136,
                2.52300763130188
            ],
            [
                -0.04971599951386452,
                4.941649913787842
            ],
            [
                -0.0576784610748291,
                6.867331027984619
            ],
            [
                0.03483325242996216,
                8.183379173278809
            ],
            [
                0.07440744340419769,
                9.0059232711792
            ],
            [
                0.19858649373054504,
                9.718910217285156
            ]
        ],
        [
            [
                0.12849508225917816,
                2.7107510566711426
            ],
            [
                0.5814157128334045,
                5.164416313171387
            ],
            [
                1.6772785186767578,
                6.720904350280762
            ],
            [
                3.470590829849243,
                7.635525703430176
            ],
            [
                5.6599507331848145,
                8.041058540344238
            ],
            [
                7.982393264770508,
                8.472855567932129
            ]
        ],
        [
            [
                0.07924489676952362,
                2.6478066444396973
            ],
            [
                0.15000495314598083,
                5.312600135803223
            ],
            [
                0.22672244906425476,
                7.955162048339844
            ],
            [
                0.28835630416870117,
                10.955116271972656
            ],
            [
                0.3259981870651245,
                13.735225677490234
            ],
            [
                0.36918139457702637,
                16.68120574951172
            ]
        ],
        [
            [
                0.017260264605283737,
                2.920469045639038
            ],
            [
                0.07589270174503326,
                5.613138675689697
            ],
            [
                0.11635280400514603,
                7.82177734375
            ],
            [
                0.1391804814338684,
                9.296079635620117
            ],
            [
                0.15922123193740845,
                10.335968971252441
            ],
            [
                0.1902143657207489,
                11.190999984741211
            ]
        ],
        [
            [
                -0.13622517883777618,
                1.2525569200515747
            ],
            [
                -0.2665984630584717,
                2.8179421424865723
            ],
            [
                -0.24085448682308197,
                4.459582328796387
            ],
            [
                -0.13713711500167847,
                6.882874488830566
            ],
            [
                -0.05429249256849289,
                9.962766647338867
            ],
            [
                0.028350964188575745,
                13.120692253112793
            ]
        ],
        [
            [
                -0.010067157447338104,
                1.2028710842132568
            ],
            [
                -0.012747307308018208,
                2.9000086784362793
            ],
            [
                0.011722383089363575,
                4.508414268493652
            ],
            [
                0.08150199055671692,
                6.494930744171143
            ],
            [
                0.11370960623025894,
                8.833818435668945
            ],
            [
                0.1307162046432495,
                11.178423881530762
            ]
        ]
    ]
}