{
    "speed": 1.5170096993984878,
    "steer": 0.5022099018096924,
    "throttle": 0.75,
    "brake": 0.0,
    "wp_4": [
        0.2317085564136505,
        8.697010040283203
    ],
    "wp_3": [
        0.12186484038829803,
        5.631129264831543
    ],
    "wp_2": [
        0.06187834218144417,
        2.949017286300659
    ],
    "wp_1": [
        0.021996889263391495,
        1.102046012878418
    ],
    "aim": [
        0.06187834218144417,
        2.949017286300659
    ],
    "target": [
        0.77168026919033,
        1.0582158553235717
    ],
    "desired_speed": 5.372304391860961,
    "angle": 0.013356027639470852,
    "angle_last": 0.04459921017787863,
    "angle_target": 0.4011173931537254,
    "angle_final": 0.4011173931537254,
    "delta": 0.25,
    "agent": "only_traj",
    "steer_traj": 0.5022099157825642,
    "throttle_traj": 0.75,
    "brake_traj": 0.0,
    "plan": [
        [
            0.021996889263391495,
            1.102046012878418
        ],
        [
            0.06187834218144417,
            2.949017286300659
        ],
        [
            0.12186484038829803,
            5.631129264831543
        ],
        [
            0.2317085564136505,
            8.697010040283203
        ],
        [
            0.35942593216896057,
            11.890312194824219
        ],
        [
            0.5440042614936829,
            14.52071762084961
        ]
    ],
    "command": 3,
    "all_plan": [
        [
            [
                -0.003360271453857422,
                1.8545132875442505
            ],
            [
                0.05046983063220978,
                4.306238651275635
            ],
            [
                0.006288368254899979,
                6.89894962310791
            ],
            [
                -0.14037443697452545,
                9.092034339904785
            ],
            [
                -0.24416203796863556,
                10.619869232177734
            ],
            [
                -0.24515433609485626,
                11.664812088012695
            ]
        ],
        [
            [
                -0.10448766499757767,
                2.107722520828247
            ],
            [
                -0.26476120948791504,
                4.8424482345581055
            ],
            [
                -0.3237246870994568,
                7.016385078430176
            ],
            [
                -0.07859030365943909,
                8.800912857055664
            ],
            [
                0.8142284154891968,
                10.065017700195312
            ],
            [
                2.0448641777038574,
                10.963642120361328
            ]
        ],
        [
            [
                0.034867554903030396,
                1.1600925922393799
            ],
            [
                0.10872235149145126,
                3.129861354827881
            ],
            [
                0.17371085286140442,
                5.8808488845825195
            ],
            [
                0.29451924562454224,
                9.460034370422363
            ],
            [
                0.43680328130722046,
                13.582963943481445
            ],
            [
                0.516959547996521,
                17.919361114501953
            ]
        ],
        [
            [
                0.021996889263391495,
                1.102046012878418
            ],
            [
                0.06187834218144417,
                2.949017286300659
            ],
            [
                0.12186484038829803,
                5.631129264831543
            ],
            [
                0.2317085564136505,
                8.697010040283203
            ],
            [
                0.35942593216896057,
                11.890312194824219
            ],
            [
                0.5440042614936829,
                14.52071762084961
            ]
        ],
        [
            [
                -0.08966077864170074,
                0.34504929184913635
            ],
            [
                -0.033111609518527985,
                1.3548997640609741
            ],
            [
                0.03026876598596573,
                2.695033073425293
            ],
            [
                0.14289328455924988,
                4.720447540283203
            ],
            [
                0.27095645666122437,
                7.37507438659668
            ],
            [
                0.4616200029850006,
                10.464517593383789
            ]
        ],
        [
            [
                -0.07956419885158539,
                0.4637053310871124
            ],
            [
                -0.0984332486987114,
                1.6604715585708618
            ],
            [
                0.06562838703393936,
                3.5334270000457764
            ],
            [
                0.09233061224222183,
                5.919581413269043
            ],
            [
                0.07959353923797607,
                8.969758033752441
            ],
            [
                -0.09901988506317139,
                12.464387893676758
            ]
        ]
    ]
}