{
    "speed": 1.627487681471795,
    "steer": 0.5543256998062134,
    "throttle": 0.75,
    "brake": 0.0,
    "wp_4": [
        0.2820248603820801,
        8.369290351867676
    ],
    "wp_3": [
        0.1551579236984253,
        5.497738838195801
    ],
    "wp_2": [
        0.08054500818252563,
        2.978670597076416
    ],
    "wp_1": [
        0.023953530937433243,
        1.1912450790405273
    ],
    "aim": [
        0.08054500818252563,
        2.978670597076416
    ],
    "target": [
        1.5437987751947175,
        1.3099841045563407
    ],
    "desired_speed": 5.063277864456176,
    "angle": 0.017210379279099828,
    "angle_last": 0.05127708612940009,
    "angle_target": 0.5520429605964965,
    "angle_final": 0.5520429605964965,
    "delta": 0.25,
    "agent": "only_traj",
    "steer_traj": 0.5543256758498966,
    "throttle_traj": 0.75,
    "brake_traj": 0.0,
    "plan": [
        [
            0.023953530937433243,
            1.1912450790405273
        ],
        [
            0.08054500818252563,
            2.978670597076416
        ],
        [
            0.1551579236984253,
            5.497738838195801
        ],
        [
            0.2820248603820801,
            8.369290351867676
        ],
        [
            0.4231184720993042,
            11.346616744995117
        ],
        [
            0.623837411403656,
            13.833209037780762
        ]
    ],
    "command": 3,
    "all_plan": [
        [
            [
                0.016209889203310013,
                1.7910549640655518
            ],
            [
                0.1057697981595993,
                4.133660316467285
            ],
            [
                0.08097079396247864,
                6.615289688110352
            ],
            [
                -0.01908394694328308,
                8.710847854614258
            ],
            [
                -0.09744355082511902,
                10.216148376464844
            ],
            [
                -0.07627250999212265,
                11.27186393737793
            ]
        ],
        [
            [
                -0.0973491445183754,
                2.0569589138031006
            ],
            [
                -0.23675909638404846,
                4.681194305419922
            ],
            [
                -0.278050035238266,
                6.800729751586914
            ],
            [
                -0.03036414086818695,
                8.563972473144531
            ],
            [
                0.8074314594268799,
                9.822501182556152
            ],
            [
                1.9282160997390747,
                10.787797927856445
            ]
        ],
        [
            [
                0.04973972588777542,
                1.1859757900238037
            ],
            [
                0.13942685723304749,
                3.102001667022705
            ],
            [
                0.22319020330905914,
                5.723450660705566
            ],
            [
                0.36045193672180176,
                9.11011028289795
            ],
            [
                0.5033801794052124,
                13.010329246520996
            ],
            [
                0.5934893488883972,
                17.13977813720703
            ]
        ],
        [
            [
                0.023953530937433243,
                1.1912450790405273
            ],
            [
                0.08054500818252563,
                2.978670597076416
            ],
            [
                0.1551579236984253,
                5.497738838195801
            ],
            [
                0.2820248603820801,
                8.369290351867676
            ],
            [
                0.4231184720993042,
                11.346616744995117
            ],
            [
                0.623837411403656,
                13.833209037780762
            ]
        ],
        [
            [
                -0.08874191343784332,
                0.36624768376350403
            ],
            [
                -0.0197199285030365,
                1.3798161745071411
            ],
            [
                0.05395068973302841,
                2.6731319427490234
            ],
            [
                0.1820090115070343,
                4.637495040893555
            ],
            [
                0.30972597002983093,
                7.229522228240967
            ],
            [
                0.5062553286552429,
                10.193530082702637
            ]
        ],
        [
            [
                -0.053377315402030945,
                0.5227276682853699
            ],
            [
                -0.05334462970495224,
                1.7006628513336182
            ],
            [
                0.11313766986131668,
                3.5076122283935547
            ],
            [
                0.1758480966091156,
                5.786969184875488
            ],
            [
                0.18922081589698792,
                8.699251174926758
            ],
            [
                0.06718337535858154,
                12.002099990844727
            ]
        ]
    ]
}