{
    "speed": 8.95699776941519e-06,
    "steer": -0.0005804870161227882,
    "throttle": 0.75,
    "brake": 0.0,
    "wp_4": [
        -0.051418326795101166,
        6.995490074157715
    ],
    "wp_3": [
        -0.00685978215187788,
        3.6576387882232666
    ],
    "wp_2": [
        0.0031729834154248238,
        1.3089640140533447
    ],
    "wp_1": [
        0.006259228102862835,
        0.17607539892196655
    ],
    "aim": [
        -0.00685978215187788,
        3.6576387882232666
    ],
    "target": [
        -0.4861938954375654,
        52.23917319767064
    ],
    "desired_speed": 5.929955291748048,
    "angle": -0.0011939448944534208,
    "angle_last": -0.010341313685888387,
    "angle_target": -0.005924896806291067,
    "angle_final": -0.0011939448944534208,
    "delta": 0.25,
    "agent": "only_traj",
    "steer_traj": -0.0005804869897250352,
    "throttle_traj": 0.75,
    "brake_traj": 0.0,
    "plan": [
        [
            0.006259228102862835,
            0.17607539892196655
        ],
        [
            0.0031729834154248238,
            1.3089640140533447
        ],
        [
            -0.00685978215187788,
            3.6576387882232666
        ],
        [
            -0.051418326795101166,
            6.995490074157715
        ],
        [
            -0.09351266920566559,
            10.949352264404297
        ],
        [
            -0.159315824508667,
            14.999881744384766
        ]
    ],
    "command": 3,
    "all_plan": [
        [
            [
                -0.01881481148302555,
                1.048247218132019
            ],
            [
                -0.0482526458799839,
                3.218730926513672
            ],
            [
                -0.01097213476896286,
                5.856695175170898
            ],
            [
                -0.23480746150016785,
                8.267423629760742
            ],
            [
                -0.30559563636779785,
                10.219289779663086
            ],
            [
                -0.3693965971469879,
                11.949825286865234
            ]
        ],
        [
            [
                -0.0013286713510751724,
                1.562212347984314
            ],
            [
                -0.05264575034379959,
                4.491846084594727
            ],
            [
                -0.17378252744674683,
                6.830056190490723
            ],
            [
                -0.12399818003177643,
                8.967489242553711
            ],
            [
                0.10426276922225952,
                10.873520851135254
            ],
            [
                0.676691472530365,
                12.557445526123047
            ]
        ],
        [
            [
                -0.008583073504269123,
                0.37468069791793823
            ],
            [
                -0.05293339118361473,
                1.8028554916381836
            ],
            [
                -0.07549719512462616,
                4.327151298522949
            ],
            [
                -0.08736568689346313,
                7.918595314025879
            ],
            [
                -0.08564343303442001,
                12.648365020751953
            ],
            [
                -0.16595777869224548,
                17.944820404052734
            ]
        ],
        [
            [
                0.006259228102862835,
                0.17607539892196655
            ],
            [
                0.0031729834154248238,
                1.3089640140533447
            ],
            [
                -0.00685978215187788,
                3.6576387882232666
            ],
            [
                -0.051418326795101166,
                6.995490074157715
            ],
            [
                -0.09351266920566559,
                10.949352264404297
            ],
            [
                -0.159315824508667,
                14.999881744384766
            ]
        ],
        [
            [
                0.105373315513134,
                0.015593081712722778
            ],
            [
                0.07183019071817398,
                0.5123776197433472
            ],
            [
                0.0226452499628067,
                1.4188721179962158
            ],
            [
                -0.04275056719779968,
                3.0388360023498535
            ],
            [
                -0.10084644705057144,
                5.219661712646484
            ],
            [
                -0.10392874479293823,
                8.18665885925293
            ]
        ],
        [
            [
                -0.018785670399665833,
                -0.07966484129428864
            ],
            [
                -0.02288205921649933,
                0.9764553308486938
            ],
            [
                -0.11214476078748703,
                2.973832130432129
            ],
            [
                -0.25096896290779114,
                5.68674898147583
            ],
            [
                -0.45293429493904114,
                9.292606353759766
            ],
            [
                -0.9018564224243164,
                13.584432601928711
            ]
        ]
    ]
}