{
    "speed": 7.656551284535821,
    "steer": -0.001006924081593752,
    "throttle": 0.75,
    "brake": 0.0,
    "wp_4": [
        0.06826562434434891,
        15.613510131835938
    ],
    "wp_3": [
        0.04737813398241997,
        11.613473892211914
    ],
    "wp_2": [
        0.017183590680360794,
        7.684948921203613
    ],
    "wp_1": [
        -0.001651098020374775,
        3.786959409713745
    ],
    "aim": [
        -0.001651098020374775,
        3.786959409713745
    ],
    "target": [
        1.3482235576261445,
        22.927811591227833
    ],
    "desired_speed": 7.90925054550171,
    "angle": -0.0002775611808100433,
    "angle_last": 0.006300214553875347,
    "angle_target": 0.03739207895830592,
    "angle_final": -0.0002775611808100433,
    "delta": 0.25,
    "agent": "only_traj",
    "steer_traj": -0.0010069240384927571,
    "throttle_traj": 0.75,
    "brake_traj": 0.0,
    "plan": [
        [
            -0.001651098020374775,
            3.786959409713745
        ],
        [
            0.017183590680360794,
            7.684948921203613
        ],
        [
            0.04737813398241997,
            11.613473892211914
        ],
        [
            0.06826562434434891,
            15.613510131835938
        ],
        [
            0.09731246531009674,
            19.628589630126953
        ],
        [
            0.13621607422828674,
            23.559572219848633
        ]
    ],
    "command": 3,
    "all_plan": [
        [
            [
                0.06662599742412567,
                3.7649943828582764
            ],
            [
                -0.02814038097858429,
                7.36964750289917
            ],
            [
                -0.19687208533287048,
                10.937853813171387
            ],
            [
                -0.4836199879646301,
                14.329195976257324
            ],
            [
                -0.9013766050338745,
                17.811206817626953
            ],
            [
                -1.42213773727417,
                21.067625045776367
            ]
        ],
        [
            [
                0.4389292597770691,
                3.1154022216796875
            ],
            [
                0.9676487445831299,
                6.116069793701172
            ],
            [
                2.2448015213012695,
                8.789656639099121
            ],
            [
                4.108039379119873,
                11.432592391967773
            ],
            [
                5.826554298400879,
                14.043292045593262
            ],
            [
                7.234836578369141,
                16.746349334716797
            ]
        ],
        [
            [
                0.03291270136833191,
                3.924027919769287
            ],
            [
                0.04059088975191116,
                7.94152307510376
            ],
            [
                0.0644223690032959,
                11.930654525756836
            ],
            [
                0.10262101143598557,
                15.942851066589355
            ],
            [
                0.14847949147224426,
                19.950767517089844
            ],
            [
                0.218689426779747,
                24.00172996520996
            ]
        ],
        [
            [
                -0.001651098020374775,
                3.786959409713745
            ],
            [
                0.017183590680360794,
                7.684948921203613
            ],
            [
                0.04737813398241997,
                11.613473892211914
            ],
            [
                0.06826562434434891,
                15.613510131835938
            ],
            [
                0.09731246531009674,
                19.628589630126953
            ],
            [
                0.13621607422828674,
                23.559572219848633
            ]
        ],
        [
            [
                -0.02684377133846283,
                3.1720285415649414
            ],
            [
                -0.08730000257492065,
                6.8137102127075195
            ],
            [
                -0.16279056668281555,
                10.736522674560547
            ],
            [
                -0.22848814725875854,
                15.319345474243164
            ],
            [
                -0.3123684823513031,
                20.325942993164062
            ],
            [
                -0.34046652913093567,
                25.447792053222656
            ]
        ],
        [
            [
                0.3586982488632202,
                3.8035857677459717
            ],
            [
                0.48386746644973755,
                7.2909393310546875
            ],
            [
                0.7330732345581055,
                10.687838554382324
            ],
            [
                0.803632915019989,
                14.256991386413574
            ],
            [
                0.8235974907875061,
                17.977802276611328
            ],
            [
                0.9002757668495178,
                21.817848205566406
            ]
        ]
    ]
}