{
    "speed": 8.219588786657551,
    "steer": -0.0002996508264914155,
    "throttle": 0.05831087753176689,
    "brake": 0.0,
    "wp_4": [
        0.041225679218769073,
        16.203733444213867
    ],
    "wp_3": [
        0.03174937888979912,
        12.126827239990234
    ],
    "wp_2": [
        0.0102550582960248,
        8.074516296386719
    ],
    "wp_1": [
        -0.005623538978397846,
        4.021058082580566
    ],
    "aim": [
        -0.005623538978397846,
        4.021058082580566
    ],
    "target": [
        0.6291059814029307,
        19.015569130124682
    ],
    "desired_speed": 8.14666290283203,
    "angle": -0.0008903050403509651,
    "angle_last": 0.0009031508537128276,
    "angle_target": 0.021054078326636402,
    "angle_final": -0.0008903050403509651,
    "delta": 0.0,
    "agent": "only_traj",
    "steer_traj": -0.0002996508351575515,
    "throttle_traj": 0.058310877870199465,
    "brake_traj": 0.0,
    "plan": [
        [
            -0.005623538978397846,
            4.021058082580566
        ],
        [
            0.0102550582960248,
            8.074516296386719
        ],
        [
            0.03174937888979912,
            12.126827239990234
        ],
        [
            0.041225679218769073,
            16.203733444213867
        ],
        [
            0.05022798106074333,
            20.304672241210938
        ],
        [
            0.05602026730775833,
            24.387601852416992
        ]
    ],
    "command": 3,
    "all_plan": [
        [
            [
                0.05860069394111633,
                3.909691333770752
            ],
            [
                -0.06681548058986664,
                7.632934093475342
            ],
            [
                -0.2645164132118225,
                11.31489372253418
            ],
            [
                -0.572329044342041,
                14.863242149353027
            ],
            [
                -1.0237934589385986,
                18.531963348388672
            ],
            [
                -1.5823984146118164,
                22.00929832458496
            ]
        ],
        [
            [
                0.4889627695083618,
                3.1889829635620117
            ],
            [
                1.066596269607544,
                6.228281021118164
            ],
            [
                2.430765151977539,
                8.960262298583984
            ],
            [
                4.400025844573975,
                11.68921184539795
            ],
            [
                6.158114910125732,
                14.427130699157715
            ],
            [
                7.5927228927612305,
                17.285987854003906
            ]
        ],
        [
            [
                0.017268329858779907,
                4.114562034606934
            ],
            [
                0.019450196996331215,
                8.266803741455078
            ],
            [
                0.038100846111774445,
                12.353940963745117
            ],
            [
                0.05178256332874298,
                16.421283721923828
            ],
            [
                0.07932765781879425,
                20.490983963012695
            ],
            [
                0.12605854868888855,
                24.62317657470703
            ]
        ],
        [
            [
                -0.005623538978397846,
                4.021058082580566
            ],
            [
                0.0102550582960248,
                8.074516296386719
            ],
            [
                0.03174937888979912,
                12.126827239990234
            ],
            [
                0.041225679218769073,
                16.203733444213867
            ],
            [
                0.05022798106074333,
                20.304672241210938
            ],
            [
                0.05602026730775833,
                24.387601852416992
            ]
        ],
        [
            [
                -0.028241083025932312,
                3.370140552520752
            ],
            [
                -0.1218489408493042,
                7.180361747741699
            ],
            [
                -0.24254485964775085,
                11.283167839050293
            ],
            [
                -0.3378143310546875,
                16.03937530517578
            ],
            [
                -0.4612028896808624,
                21.223464965820312
            ],
            [
                -0.5302042961120605,
                26.536128997802734
            ]
        ],
        [
            [
                0.41060829162597656,
                4.0274577140808105
            ],
            [
                0.5436772704124451,
                7.692228317260742
            ],
            [
                0.7657039165496826,
                11.235076904296875
            ],
            [
                0.8473873138427734,
                14.919893264770508
            ],
            [
                0.8727983236312866,
                18.745338439941406
            ],
            [
                0.9559038877487183,
                22.672142028808594
            ]
        ]
    ]
}