{
    "speed": 7.905193679077704,
    "steer": -4.351731695351191e-05,
    "throttle": 0.75,
    "brake": 0.0,
    "wp_4": [
        0.10994984209537506,
        16.23672866821289
    ],
    "wp_3": [
        0.07869206368923187,
        12.123666763305664
    ],
    "wp_2": [
        0.03585118427872658,
        8.033331871032715
    ],
    "wp_1": [
        0.0016791028901934624,
        3.968498468399048
    ],
    "aim": [
        0.0016791028901934624,
        3.968498468399048
    ],
    "target": [
        1.3138758371959443,
        11.203148820311485
    ],
    "desired_speed": 8.231061363220215,
    "angle": 0.0002693851897264222,
    "angle_last": 0.0024390327250763616,
    "angle_target": 0.07432159456992028,
    "angle_final": 0.0002693851897264222,
    "delta": 0.25,
    "agent": "only_traj",
    "steer_traj": -4.351731832599601e-05,
    "throttle_traj": 0.75,
    "brake_traj": 0.0,
    "plan": [
        [
            0.0016791028901934624,
            3.968498468399048
        ],
        [
            0.03585118427872658,
            8.033331871032715
        ],
        [
            0.07869206368923187,
            12.123666763305664
        ],
        [
            0.10994984209537506,
            16.23672866821289
        ],
        [
            0.13624954223632812,
            20.383464813232422
        ],
        [
            0.15219561755657196,
            24.545551300048828
        ]
    ],
    "command": 3,
    "all_plan": [
        [
            [
                0.052649155259132385,
                3.8823082447052
            ],
            [
                -0.09353102743625641,
                7.59625768661499
            ],
            [
                -0.3218648433685303,
                11.279867172241211
            ],
            [
                -0.689299464225769,
                14.846492767333984
            ],
            [
                -1.1969488859176636,
                18.52031135559082
            ],
            [
                -1.8355786800384521,
                22.001630783081055
            ]
        ],
        [
            [
                0.4721295237541199,
                3.193290948867798
            ],
            [
                1.0271680355072021,
                6.2845869064331055
            ],
            [
                2.35772967338562,
                9.087607383728027
            ],
            [
                4.273893356323242,
                11.882965087890625
            ],
            [
                5.977907180786133,
                14.687997817993164
            ],
            [
                7.364455223083496,
                17.6204891204834
            ]
        ],
        [
            [
                0.03231187164783478,
                4.0851054191589355
            ],
            [
                0.05283809453248978,
                8.24943733215332
            ],
            [
                0.07812890410423279,
                12.363691329956055
            ],
            [
                0.11161132901906967,
                16.478649139404297
            ],
            [
                0.15418598055839539,
                20.59946060180664
            ],
            [
                0.2235841602087021,
                24.777667999267578
            ]
        ],
        [
            [
                0.0016791028901934624,
                3.968498468399048
            ],
            [
                0.03585118427872658,
                8.033331871032715
            ],
            [
                0.07869206368923187,
                12.123666763305664
            ],
            [
                0.10994984209537506,
                16.23672866821289
            ],
            [
                0.13624954223632812,
                20.383464813232422
            ],
            [
                0.15219561755657196,
                24.545551300048828
            ]
        ],
        [
            [
                -0.024652868509292603,
                3.3806681632995605
            ],
            [
                -0.09792762994766235,
                7.201570510864258
            ],
            [
                -0.18624477088451385,
                11.327179908752441
            ],
            [
                -0.2472931295633316,
                16.109420776367188
            ],
            [
                -0.3408580422401428,
                21.29473114013672
            ],
            [
                -0.3663763403892517,
                26.628496170043945
            ]
        ],
        [
            [
                0.4099960923194885,
                4.045158386230469
            ],
            [
                0.5682326555252075,
                7.721073150634766
            ],
            [
                0.8058306574821472,
                11.266399383544922
            ],
            [
                0.9217087626457214,
                14.941939353942871
            ],
            [
                0.9669204354286194,
                18.780214309692383
            ],
            [
                1.0794779062271118,
                22.712095260620117
            ]
        ]
    ]
}