{
    "speed": 8.03877740673848,
    "steer": 0.0004603158449754119,
    "throttle": 0.3825886845588684,
    "brake": 0.0,
    "wp_4": [
        0.10710221529006958,
        15.93235969543457
    ],
    "wp_3": [
        0.07560455799102783,
        11.876469612121582
    ],
    "wp_2": [
        0.03530130162835121,
        7.862698554992676
    ],
    "wp_1": [
        0.0017123473808169365,
        3.8730406761169434
    ],
    "aim": [
        0.0017123473808169365,
        3.8730406761169434
    ],
    "target": [
        0.8539325589443256,
        7.507029521220903
    ],
    "desired_speed": 8.092244052886963,
    "angle": 0.0002814518572601114,
    "angle_last": 0.004349284853947372,
    "angle_target": 0.0721062377635586,
    "angle_final": 0.0002814518572601114,
    "delta": 0.05346664614848251,
    "agent": "only_traj",
    "steer_traj": 0.0004603158546682258,
    "throttle_traj": 0.3825886849763445,
    "brake_traj": 0.0,
    "plan": [
        [
            0.0017123473808169365,
            3.8730406761169434
        ],
        [
            0.03530130162835121,
            7.862698554992676
        ],
        [
            0.07560455799102783,
            11.876469612121582
        ],
        [
            0.10710221529006958,
            15.93235969543457
        ],
        [
            0.13703317940235138,
            20.020605087280273
        ],
        [
            0.1649235486984253,
            24.10297966003418
        ]
    ],
    "command": 3,
    "all_plan": [
        [
            [
                0.06352691352367401,
                3.8137972354888916
            ],
            [
                -0.055801913142204285,
                7.4749250411987305
            ],
            [
                -0.2543671429157257,
                11.109210968017578
            ],
            [
                -0.5870351791381836,
                14.602621078491211
            ],
            [
                -1.0597259998321533,
                18.19788360595703
            ],
            [
                -1.655897617340088,
                21.587806701660156
            ]
        ],
        [
            [
                0.452894926071167,
                3.157735824584961
            ],
            [
                0.9845379590988159,
                6.217053413391113
            ],
            [
                2.2813706398010254,
                8.983668327331543
            ],
            [
                4.157671928405762,
                11.725144386291504
            ],
            [
                5.842778205871582,
                14.461519241333008
            ],
            [
                7.209371089935303,
                17.314882278442383
            ]
        ],
        [
            [
                0.04095450043678284,
                3.999891757965088
            ],
            [
                0.06047254055738449,
                8.095184326171875
            ],
            [
                0.08386977016925812,
                12.152965545654297
            ],
            [
                0.12563812732696533,
                16.22319221496582
            ],
            [
                0.17464031279087067,
                20.292081832885742
            ],
            [
                0.24822998046875,
                24.416173934936523
            ]
        ],
        [
            [
                0.0017123473808169365,
                3.8730406761169434
            ],
            [
                0.03530130162835121,
                7.862698554992676
            ],
            [
                0.07560455799102783,
                11.876469612121582
            ],
            [
                0.10710221529006958,
                15.93235969543457
            ],
            [
                0.13703317940235138,
                20.020605087280273
            ],
            [
                0.1649235486984253,
                24.10297966003418
            ]
        ],
        [
            [
                -0.02580396831035614,
                3.283334255218506
            ],
            [
                -0.08730803430080414,
                7.026895523071289
            ],
            [
                -0.16492298245429993,
                11.056618690490723
            ],
            [
                -0.22050413489341736,
                15.750381469726562
            ],
            [
                -0.3045983910560608,
                20.853487014770508
            ],
            [
                -0.3231733739376068,
                26.088096618652344
            ]
        ],
        [
            [
                0.3883666396141052,
                3.935906171798706
            ],
            [
                0.5389716625213623,
                7.527377605438232
            ],
            [
                0.782409131526947,
                11.001996994018555
            ],
            [
                0.8850435614585876,
                14.625807762145996
            ],
            [
                0.9288144707679749,
                18.41643714904785
            ],
            [
                1.0352994203567505,
                22.309011459350586
            ]
        ]
    ]
}