{
    "speed": 7.847926985479268,
    "steer": 0.001496250624768436,
    "throttle": 0.75,
    "brake": 0.0,
    "wp_4": [
        0.18785306811332703,
        16.233753204345703
    ],
    "wp_3": [
        0.1329500377178192,
        12.135117530822754
    ],
    "wp_2": [
        0.06558945775032043,
        8.058805465698242
    ],
    "wp_1": [
        0.010500486008822918,
        3.9943811893463135
    ],
    "aim": [
        0.010500486008822918,
        3.9943811893463135
    ],
    "target": [
        1.5311094604900326,
        51.23988841668488
    ],
    "desired_speed": 8.193885231018067,
    "angle": 0.001673520301099488,
    "angle_last": 0.006737043096793052,
    "angle_target": 0.019017305318480077,
    "angle_final": 0.001673520301099488,
    "delta": 0.25,
    "agent": "only_traj",
    "steer_traj": 0.00149625064608406,
    "throttle_traj": 0.75,
    "brake_traj": 0.0,
    "plan": [
        [
            0.010500486008822918,
            3.9943811893463135
        ],
        [
            0.06558945775032043,
            8.058805465698242
        ],
        [
            0.1329500377178192,
            12.135117530822754
        ],
        [
            0.18785306811332703,
            16.233753204345703
        ],
        [
            0.24222815036773682,
            20.35749053955078
        ],
        [
            0.2858268618583679,
            24.47720718383789
        ]
    ],
    "command": 3,
    "all_plan": [
        [
            [
                0.054692983627319336,
                3.882512331008911
            ],
            [
                -0.0802987813949585,
                7.585789680480957
            ],
            [
                -0.3096431493759155,
                11.252036094665527
            ],
            [
                -0.6740576028823853,
                14.784269332885742
            ],
            [
                -1.192293643951416,
                18.432188034057617
            ],
            [
                -1.8341102600097656,
                21.88316535949707
            ]
        ],
        [
            [
                0.46406182646751404,
                3.214276075363159
            ],
            [
                1.0309035778045654,
                6.312284469604492
            ],
            [
                2.3606185913085938,
                9.132807731628418
            ],
            [
                4.265332221984863,
                11.953787803649902
            ],
            [
                5.962400436401367,
                14.780094146728516
            ],
            [
                7.3336896896362305,
                17.72718620300293
            ]
        ],
        [
            [
                0.043690621852874756,
                4.0995941162109375
            ],
            [
                0.07715345174074173,
                8.266221046447754
            ],
            [
                0.12546896934509277,
                12.377571105957031
            ],
            [
                0.18560364842414856,
                16.486413955688477
            ],
            [
                0.2567440867424011,
                20.593402862548828
            ],
            [
                0.35233867168426514,
                24.767166137695312
            ]
        ],
        [
            [
                0.010500486008822918,
                3.9943811893463135
            ],
            [
                0.06558945775032043,
                8.058805465698242
            ],
            [
                0.1329500377178192,
                12.135117530822754
            ],
            [
                0.18785306811332703,
                16.233753204345703
            ],
            [
                0.24222815036773682,
                20.35749053955078
            ],
            [
                0.2858268618583679,
                24.47720718383789
            ]
        ],
        [
            [
                -0.03554297983646393,
                3.38553524017334
            ],
            [
                -0.08896045386791229,
                7.224026679992676
            ],
            [
                -0.14762571454048157,
                11.35886001586914
            ],
            [
                -0.17649221420288086,
                16.14621925354004
            ],
            [
                -0.22958895564079285,
                21.335102081298828
            ],
            [
                -0.22862295806407928,
                26.64950942993164
            ]
        ],
        [
            [
                0.39150291681289673,
                4.060583591461182
            ],
            [
                0.5539767146110535,
                7.745760917663574
            ],
            [
                0.8137643337249756,
                11.289408683776855
            ],
            [
                0.9419431686401367,
                14.951059341430664
            ],
            [
                1.027995228767395,
                18.76806640625
            ],
            [
                1.1718487739562988,
                22.677555084228516
            ]
        ]
    ]
}