{
    "speed": 8.141132998875557,
    "steer": 0.0012929202057421207,
    "throttle": 0.07223211973905563,
    "brake": 0.0,
    "wp_4": [
        0.16975536942481995,
        16.088478088378906
    ],
    "wp_3": [
        0.12046799063682556,
        12.011030197143555
    ],
    "wp_2": [
        0.05894627049565315,
        7.965432167053223
    ],
    "wp_1": [
        0.007148574106395245,
        3.9376070499420166
    ],
    "aim": [
        0.007148574106395245,
        3.9376070499420166
    ],
    "target": [
        2.0587809044225853,
        46.278732299996506
    ],
    "desired_speed": 8.143245506286622,
    "angle": 0.0011557919620125215,
    "angle_last": 0.006074818311264926,
    "angle_target": 0.028302353342851305,
    "angle_final": 0.0011557919620125215,
    "delta": 0.0021125074110646125,
    "agent": "only_traj",
    "steer_traj": 0.0012929201833610114,
    "throttle_traj": 0.07223211907221165,
    "brake_traj": 0.0,
    "plan": [
        [
            0.007148574106395245,
            3.9376070499420166
        ],
        [
            0.05894627049565315,
            7.965432167053223
        ],
        [
            0.12046799063682556,
            12.011030197143555
        ],
        [
            0.16975536942481995,
            16.088478088378906
        ],
        [
            0.21798761188983917,
            20.19385528564453
        ],
        [
            0.25711488723754883,
            24.294151306152344
        ]
    ],
    "command": 3,
    "all_plan": [
        [
            [
                0.05864293873310089,
                3.8462138175964355
            ],
            [
                -0.06759832799434662,
                7.52559757232666
            ],
            [
                -0.28372201323509216,
                11.173954010009766
            ],
            [
                -0.6386542916297913,
                14.682352066040039
            ],
            [
                -1.142305612564087,
                18.30420684814453
            ],
            [
                -1.7705342769622803,
                21.722227096557617
            ]
        ],
        [
            [
                0.4577651023864746,
                3.192553758621216
            ],
            [
                1.010671854019165,
                6.276301860809326
            ],
            [
                2.3251194953918457,
                9.079536437988281
            ],
            [
                4.209954261779785,
                11.872434616088867
            ],
            [
                5.894643783569336,
                14.665919303894043
            ],
            [
                7.257661819458008,
                17.580690383911133
            ]
        ],
        [
            [
                0.04636065661907196,
                4.05197811126709
            ],
            [
                0.07624007016420364,
                8.185274124145508
            ],
            [
                0.11428466439247131,
                12.272237777709961
            ],
            [
                0.17220494151115417,
                16.365175247192383
            ],
            [
                0.23660197854042053,
                20.459423065185547
            ],
            [
                0.3244990110397339,
                24.613113403320312
            ]
        ],
        [
            [
                0.007148574106395245,
                3.9376070499420166
            ],
            [
                0.05894627049565315,
                7.965432167053223
            ],
            [
                0.12046799063682556,
                12.011030197143555
            ],
            [
                0.16975536942481995,
                16.088478088378906
            ],
            [
                0.21798761188983917,
                20.19385528564453
            ],
            [
                0.25711488723754883,
                24.294151306152344
            ]
        ],
        [
            [
                -0.033619001507759094,
                3.3396856784820557
            ],
            [
                -0.08882598578929901,
                7.138427734375
            ],
            [
                -0.15063655376434326,
                11.229835510253906
            ],
            [
                -0.18523001670837402,
                15.976160049438477
            ],
            [
                -0.24722424149513245,
                21.12508201599121
            ],
            [
                -0.24723884463310242,
                26.39720344543457
            ]
        ],
        [
            [
                0.38692229986190796,
                4.004589080810547
            ],
            [
                0.5467617511749268,
                7.649722099304199
            ],
            [
                0.802973747253418,
                11.162275314331055
            ],
            [
                0.9184607267379761,
                14.803128242492676
            ],
            [
                0.9896293878555298,
                18.60847282409668
            ],
            [
                1.1220722198486328,
                22.509309768676758
            ]
        ]
    ]
}