{
    "speed": 8.22378981884211,
    "steer": -0.0009611446876078844,
    "throttle": 0.3612968623638153,
    "brake": 0.0,
    "wp_4": [
        0.13609395921230316,
        16.6334171295166
    ],
    "wp_3": [
        0.08419151604175568,
        12.49618911743164
    ],
    "wp_2": [
        0.031405676156282425,
        8.365906715393066
    ],
    "wp_1": [
        -0.00743094552308321,
        4.214929580688477
    ],
    "aim": [
        -0.00743094552308321,
        4.214929580688477
    ],
    "target": [
        2.955973320247944,
        41.987544781472586
    ],
    "desired_speed": 8.308125495910645,
    "angle": -0.0011223796901498428,
    "angle_last": 0.009857756528571878,
    "angle_target": 0.04474496649263937,
    "angle_final": -0.0011223796901498428,
    "delta": 0.08433567706853395,
    "agent": "only_traj",
    "steer_traj": -0.0009611446955807468,
    "throttle_traj": 0.3612968653451295,
    "brake_traj": 0.0,
    "plan": [
        [
            -0.00743094552308321,
            4.214929580688477
        ],
        [
            0.031405676156282425,
            8.365906715393066
        ],
        [
            0.08419151604175568,
            12.49618911743164
        ],
        [
            0.13609395921230316,
            16.6334171295166
        ],
        [
            0.194448322057724,
            20.804872512817383
        ],
        [
            0.25915759801864624,
            24.983489990234375
        ]
    ],
    "command": 3,
    "all_plan": [
        [
            [
                0.03733997046947479,
                4.007380485534668
            ],
            [
                -0.1070038378238678,
                7.799860954284668
            ],
            [
                -0.324863076210022,
                11.562671661376953
            ],
            [
                -0.654305636882782,
                15.201834678649902
            ],
            [
                -1.137494444847107,
                18.969337463378906
            ],
            [
                -1.7366893291473389,
                22.578506469726562
            ]
        ],
        [
            [
                0.5132606625556946,
                3.2807493209838867
            ],
            [
                1.1393741369247437,
                6.397553443908691
            ],
            [
                2.535348415374756,
                9.238792419433594
            ],
            [
                4.530545711517334,
                12.147048950195312
            ],
            [
                6.269345760345459,
                15.062671661376953
            ],
            [
                7.665644645690918,
                18.110944747924805
            ]
        ],
        [
            [
                0.016650721430778503,
                4.260157585144043
            ],
            [
                0.04439059644937515,
                8.496749877929688
            ],
            [
                0.11333859711885452,
                12.681793212890625
            ],
            [
                0.1678268164396286,
                16.8303279876709
            ],
            [
                0.2595221996307373,
                20.97412872314453
            ],
            [
                0.3875122666358948,
                25.20768928527832
            ]
        ],
        [
            [
                -0.00743094552308321,
                4.214929580688477
            ],
            [
                0.031405676156282425,
                8.365906715393066
            ],
            [
                0.08419151604175568,
                12.49618911743164
            ],
            [
                0.13609395921230316,
                16.6334171295166
            ],
            [
                0.194448322057724,
                20.804872512817383
            ],
            [
                0.25915759801864624,
                24.983489990234375
            ]
        ],
        [
            [
                -0.05397431552410126,
                3.4883055686950684
            ],
            [
                -0.13606815040111542,
                7.452983856201172
            ],
            [
                -0.22859524190425873,
                11.695768356323242
            ],
            [
                -0.2553935945034027,
                16.610984802246094
            ],
            [
                -0.32150357961654663,
                21.932886123657227
            ],
            [
                -0.3615496754646301,
                27.36850929260254
            ]
        ],
        [
            [
                0.4125897288322449,
                4.214694499969482
            ],
            [
                0.5933152437210083,
                8.048211097717285
            ],
            [
                0.8413379192352295,
                11.710349082946777
            ],
            [
                0.9628065824508667,
                15.494433403015137
            ],
            [
                1.0616247653961182,
                19.38618278503418
            ],
            [
                1.2222384214401245,
                23.36992645263672
            ]
        ]
    ]
}