{
    "speed": 8.741722326954658,
    "steer": -0.0007117573986761272,
    "throttle": 0.061702363193035126,
    "brake": 0.0,
    "wp_4": [
        0.06964264065027237,
        16.30215072631836
    ],
    "wp_3": [
        0.04537723585963249,
        12.191688537597656
    ],
    "wp_2": [
        0.014672805555164814,
        8.105600357055664
    ],
    "wp_1": [
        -0.0072438763454556465,
        4.030099391937256
    ],
    "aim": [
        -0.0072438763454556465,
        4.030099391937256
    ],
    "target": [
        1.7304240714517463,
        33.61375748159419
    ],
    "desired_speed": 8.23043270111084,
    "angle": -0.0011442362954938833,
    "angle_last": 0.0024557287430475036,
    "angle_target": 0.03274405034092707,
    "angle_final": -0.0011442362954938833,
    "delta": 0.0,
    "agent": "only_traj",
    "steer_traj": -0.0007117574135106558,
    "throttle_traj": 0.06170236232380109,
    "brake_traj": 0.0,
    "plan": [
        [
            -0.0072438763454556465,
            4.030099391937256
        ],
        [
            0.014672805555164814,
            8.105600357055664
        ],
        [
            0.04537723585963249,
            12.191688537597656
        ],
        [
            0.06964264065027237,
            16.30215072631836
        ],
        [
            0.09078218042850494,
            20.44952392578125
        ],
        [
            0.10681489109992981,
            24.605850219726562
        ]
    ],
    "command": 3,
    "all_plan": [
        [
            [
                0.05703316628932953,
                3.9136803150177
            ],
            [
                -0.08305945992469788,
                7.645298480987549
            ],
            [
                -0.3007798194885254,
                11.348505020141602
            ],
            [
                -0.6443695425987244,
                14.933091163635254
            ],
            [
                -1.127115249633789,
                18.63138771057129
            ],
            [
                -1.7324378490447998,
                22.14598846435547
            ]
        ],
        [
            [
                0.48446813225746155,
                3.2064437866210938
            ],
            [
                1.0503956079483032,
                6.285027503967285
            ],
            [
                2.400825023651123,
                9.070116996765137
            ],
            [
                4.345385551452637,
                11.860274314880371
            ],
            [
                6.067557334899902,
                14.663905143737793
            ],
            [
                7.467668533325195,
                17.595081329345703
            ]
        ],
        [
            [
                0.02453039586544037,
                4.117928504943848
            ],
            [
                0.038971804082393646,
                8.292380332946777
            ],
            [
                0.0641232579946518,
                12.405733108520508
            ],
            [
                0.08714175969362259,
                16.50811004638672
            ],
            [
                0.1250351369380951,
                20.620290756225586
            ],
            [
                0.18782000243663788,
                24.797189712524414
            ]
        ],
        [
            [
                -0.0072438763454556465,
                4.030099391937256
            ],
            [
                0.014672805555164814,
                8.105600357055664
            ],
            [
                0.04537723585963249,
                12.191688537597656
            ],
            [
                0.06964264065027237,
                16.30215072631836
            ],
            [
                0.09078218042850494,
                20.44952392578125
            ],
            [
                0.10681489109992981,
                24.605850219726562
            ]
        ],
        [
            [
                -0.025505244731903076,
                3.3995444774627686
            ],
            [
                -0.11145985126495361,
                7.241842269897461
            ],
            [
                -0.2160576581954956,
                11.380681037902832
            ],
            [
                -0.2889230251312256,
                16.182270050048828
            ],
            [
                -0.3933090567588806,
                21.39441680908203
            ],
            [
                -0.434659481048584,
                26.741518020629883
            ]
        ],
        [
            [
                0.41101694107055664,
                4.072855472564697
            ],
            [
                0.567947506904602,
                7.768869400024414
            ],
            [
                0.8027267456054688,
                11.336710929870605
            ],
            [
                0.9107520580291748,
                15.042264938354492
            ],
            [
                0.9488239288330078,
                18.886625289916992
            ],
            [
                1.062034249305725,
                22.83100700378418
            ]
        ]
    ]
}