{
    "speed": 8.35084911115911,
    "steer": -0.0010490093845874071,
    "throttle": 0.10999490320682526,
    "brake": 0.0,
    "wp_4": [
        0.17958414554595947,
        16.703655242919922
    ],
    "wp_3": [
        0.10507005453109741,
        12.541330337524414
    ],
    "wp_2": [
        0.03682563081383705,
        8.394237518310547
    ],
    "wp_1": [
        -0.009894122369587421,
        4.221490859985352
    ],
    "aim": [
        -0.009894122369587421,
        4.221490859985352
    ],
    "target": [
        2.9068927899595445,
        24.073152062787262
    ],
    "desired_speed": 8.360351371765136,
    "angle": -0.0014920447062290883,
    "angle_last": 0.01608924167233762,
    "angle_target": 0.07650301631760344,
    "angle_final": -0.0014920447062290883,
    "delta": 0.009502260606025104,
    "agent": "only_traj",
    "steer_traj": -0.0010490093874286521,
    "throttle_traj": 0.10999490399177787,
    "brake_traj": 0.0,
    "plan": [
        [
            -0.009894122369587421,
            4.221490859985352
        ],
        [
            0.03682563081383705,
            8.394237518310547
        ],
        [
            0.10507005453109741,
            12.541330337524414
        ],
        [
            0.17958414554595947,
            16.703655242919922
        ],
        [
            0.27406832575798035,
            20.901458740234375
        ],
        [
            0.38066738843917847,
            25.11846923828125
        ]
    ],
    "command": 3,
    "all_plan": [
        [
            [
                0.029060574248433113,
                4.007823944091797
            ],
            [
                -0.1366160809993744,
                7.805340766906738
            ],
            [
                -0.39219045639038086,
                11.574018478393555
            ],
            [
                -0.7641321420669556,
                15.213411331176758
            ],
            [
                -1.296471118927002,
                18.965635299682617
            ],
            [
                -1.9543429613113403,
                22.552223205566406
            ]
        ],
        [
            [
                0.5035443902015686,
                3.3037359714508057
            ],
            [
                1.1210086345672607,
                6.461452960968018
            ],
            [
                2.5038414001464844,
                9.346476554870605
            ],
            [
                4.47829532623291,
                12.290946960449219
            ],
            [
                6.189881324768066,
                15.25418472290039
            ],
            [
                7.576385021209717,
                18.343454360961914
            ]
        ],
        [
            [
                0.03201581537723541,
                4.25571346282959
            ],
            [
                0.07949896901845932,
                8.508343696594238
            ],
            [
                0.1692551076412201,
                12.709447860717773
            ],
            [
                0.2430485486984253,
                16.88735580444336
            ],
            [
                0.3681481182575226,
                21.06515121459961
            ],
            [
                0.5295268297195435,
                25.332277297973633
            ]
        ],
        [
            [
                -0.009894122369587421,
                4.221490859985352
            ],
            [
                0.03682563081383705,
                8.394237518310547
            ],
            [
                0.10507005453109741,
                12.541330337524414
            ],
            [
                0.17958414554595947,
                16.703655242919922
            ],
            [
                0.27406832575798035,
                20.901458740234375
            ],
            [
                0.38066738843917847,
                25.11846923828125
            ]
        ],
        [
            [
                -0.05078335106372833,
                3.5083649158477783
            ],
            [
                -0.1088830977678299,
                7.498010158538818
            ],
            [
                -0.16701354086399078,
                11.771299362182617
            ],
            [
                -0.14909058809280396,
                16.718276977539062
            ],
            [
                -0.1702134907245636,
                22.051921844482422
            ],
            [
                -0.17458391189575195,
                27.49833869934082
            ]
        ],
        [
            [
                0.3984646797180176,
                4.22848653793335
            ],
            [
                0.6006675362586975,
                8.065225601196289
            ],
            [
                0.8696622848510742,
                11.7378511428833
            ],
            [
                1.0180357694625854,
                15.527515411376953
            ],
            [
                1.1551493406295776,
                19.409027099609375
            ],
            [
                1.3665435314178467,
                23.37894630432129
            ]
        ]
    ]
}