{
    "speed": 8.031447835019211,
    "steer": -0.000493555620778352,
    "throttle": 0.13874639570713043,
    "brake": 0.0,
    "wp_4": [
        0.09877333045005798,
        16.058874130249023
    ],
    "wp_3": [
        0.06656575202941895,
        12.025062561035156
    ],
    "wp_2": [
        0.02748822048306465,
        8.016067504882812
    ],
    "wp_1": [
        -0.0006358521059155464,
        4.005739212036133
    ],
    "aim": [
        -0.0006358521059155464,
        4.005739212036133
    ],
    "target": [
        2.353154488646518,
        21.719605672907697
    ],
    "desired_speed": 8.069342994689942,
    "angle": -0.00010103873626060263,
    "angle_last": 0.004846750298496634,
    "angle_target": 0.06870493732299895,
    "angle_final": -0.00010103873626060263,
    "delta": 0.03789515967073065,
    "agent": "only_traj",
    "steer_traj": -0.000493555636825982,
    "throttle_traj": 0.13874639559619434,
    "brake_traj": 0.0,
    "plan": [
        [
            -0.0006358521059155464,
            4.005739212036133
        ],
        [
            0.02748822048306465,
            8.016067504882812
        ],
        [
            0.06656575202941895,
            12.025062561035156
        ],
        [
            0.09877333045005798,
            16.058874130249023
        ],
        [
            0.13096588850021362,
            20.125534057617188
        ],
        [
            0.161822110414505,
            24.178434371948242
        ]
    ],
    "command": 3,
    "all_plan": [
        [
            [
                0.06723450124263763,
                3.8728597164154053
            ],
            [
                -0.04266025125980377,
                7.557838439941406
            ],
            [
                -0.22917139530181885,
                11.21098804473877
            ],
            [
                -0.527850866317749,
                14.72536849975586
            ],
            [
                -0.972065269947052,
                18.365421295166016
            ],
            [
                -1.5268094539642334,
                21.824779510498047
            ]
        ],
        [
            [
                0.4727710783481598,
                3.1760752201080322
            ],
            [
                1.044271469116211,
                6.212266445159912
            ],
            [
                2.3813772201538086,
                8.96141529083252
            ],
            [
                4.307002544403076,
                11.730247497558594
            ],
            [
                6.015573024749756,
                14.493134498596191
            ],
            [
                7.384034156799316,
                17.37670135498047
            ]
        ],
        [
            [
                0.0292721688747406,
                4.087344169616699
            ],
            [
                0.0465945228934288,
                8.198105812072754
            ],
            [
                0.08534492552280426,
                12.253822326660156
            ],
            [
                0.12267325073480606,
                16.285364151000977
            ],
            [
                0.17790353298187256,
                20.310766220092773
            ],
            [
                0.25493186712265015,
                24.416316986083984
            ]
        ],
        [
            [
                -0.0006358521059155464,
                4.005739212036133
            ],
            [
                0.02748822048306465,
                8.016067504882812
            ],
            [
                0.06656575202941895,
                12.025062561035156
            ],
            [
                0.09877333045005798,
                16.058874130249023
            ],
            [
                0.13096588850021362,
                20.125534057617188
            ],
            [
                0.161822110414505,
                24.178434371948242
            ]
        ],
        [
            [
                -0.03653295338153839,
                3.341831922531128
            ],
            [
                -0.10823611915111542,
                7.146701812744141
            ],
            [
                -0.2067650854587555,
                11.219733238220215
            ],
            [
                -0.27230459451675415,
                15.957550048828125
            ],
            [
                -0.3589516878128052,
                21.109113693237305
            ],
            [
                -0.4007810652256012,
                26.37584114074707
            ]
        ],
        [
            [
                0.40020114183425903,
                4.0260210037231445
            ],
            [
                0.5486325621604919,
                7.67824649810791
            ],
            [
                0.7966781854629517,
                11.197415351867676
            ],
            [
                0.9013738036155701,
                14.856592178344727
            ],
            [
                0.9571382403373718,
                18.64457130432129
            ],
            [
                1.075971245765686,
                22.53584098815918
            ]
        ]
    ]
}