{
    "speed": 8.193446556478541,
    "steer": 0.0007176432409323752,
    "throttle": 0.75,
    "brake": 0.0,
    "wp_4": [
        0.26781168580055237,
        17.13423728942871
    ],
    "wp_3": [
        0.17021355032920837,
        12.912395477294922
    ],
    "wp_2": [
        0.07495678961277008,
        8.665437698364258
    ],
    "wp_1": [
        0.0036838753148913383,
        4.37764310836792
    ],
    "aim": [
        0.0036838753148913383,
        4.37764310836792
    ],
    "target": [
        2.4670217328557236,
        9.776842863197105
    ],
    "desired_speed": 8.50436782836914,
    "angle": 0.0005357625673569195,
    "angle_last": 0.0197194872161994,
    "angle_target": 0.15735545937214704,
    "angle_final": 0.0005357625673569195,
    "delta": 0.25,
    "agent": "only_traj",
    "steer_traj": 0.0007176432316484561,
    "throttle_traj": 0.75,
    "brake_traj": 0.0,
    "plan": [
        [
            0.0036838753148913383,
            4.37764310836792
        ],
        [
            0.07495678961277008,
            8.665437698364258
        ],
        [
            0.17021355032920837,
            12.912395477294922
        ],
        [
            0.26781168580055237,
            17.13423728942871
        ],
        [
            0.38159775733947754,
            21.37380599975586
        ],
        [
            0.5135449767112732,
            25.632204055786133
        ]
    ],
    "command": 3,
    "all_plan": [
        [
            [
                -0.019088460132479668,
                4.121109962463379
            ],
            [
                -0.23585344851016998,
                7.983120918273926
            ],
            [
                -0.5166144967079163,
                11.798583030700684
            ],
            [
                -0.9111473560333252,
                15.503072738647461
            ],
            [
                -1.4885311126708984,
                19.31829071044922
            ],
            [
                -2.197010040283203,
                22.989681243896484
            ]
        ],
        [
            [
                0.5468631386756897,
                3.372417688369751
            ],
            [
                1.2360351085662842,
                6.569034576416016
            ],
            [
                2.6836822032928467,
                9.502028465270996
            ],
            [
                4.717083930969238,
                12.541213035583496
            ],
            [
                6.485405921936035,
                15.608742713928223
            ],
            [
                7.9136528968811035,
                18.804065704345703
            ]
        ],
        [
            [
                0.020606473088264465,
                4.4120893478393555
            ],
            [
                0.07262185961008072,
                8.76209831237793
            ],
            [
                0.189121276140213,
                13.052474021911621
            ],
            [
                0.2866106629371643,
                17.30586814880371
            ],
            [
                0.44305354356765747,
                21.561607360839844
            ],
            [
                0.6414479613304138,
                25.902185440063477
            ]
        ],
        [
            [
                0.0036838753148913383,
                4.37764310836792
            ],
            [
                0.07495678961277008,
                8.665437698364258
            ],
            [
                0.17021355032920837,
                12.912395477294922
            ],
            [
                0.26781168580055237,
                17.13423728942871
            ],
            [
                0.38159775733947754,
                21.37380599975586
            ],
            [
                0.5135449767112732,
                25.632204055786133
            ]
        ],
        [
            [
                -0.07450410723686218,
                3.6368706226348877
            ],
            [
                -0.14882177114486694,
                7.730501174926758
            ],
            [
                -0.20961987972259521,
                12.130220413208008
            ],
            [
                -0.16660015285015106,
                17.190940856933594
            ],
            [
                -0.17062343657016754,
                22.64097023010254
            ],
            [
                -0.17440678179264069,
                28.19724464416504
            ]
        ],
        [
            [
                0.4112885594367981,
                4.375916957855225
            ],
            [
                0.6248832941055298,
                8.36954116821289
            ],
            [
                0.8919470310211182,
                12.145421981811523
            ],
            [
                1.0485670566558838,
                15.998795509338379
            ],
            [
                1.221028208732605,
                19.940448760986328
            ],
            [
                1.4520957469940186,
                23.95846176147461
            ]
        ]
    ]
}