{
    "speed": 7.767667823790488,
    "steer": 0.00027720408979803324,
    "throttle": 0.0,
    "brake": 1.0,
    "wp_4": [
        -0.06572839617729187,
        14.350574493408203
    ],
    "wp_3": [
        -0.028086069971323013,
        11.89030647277832
    ],
    "wp_2": [
        -0.020046744495630264,
        8.183813095092773
    ],
    "wp_1": [
        -0.0028177322819828987,
        4.191739082336426
    ],
    "aim": [
        -0.0028177322819828987,
        4.191739082336426
    ],
    "target": [
        0.07878654665641552,
        38.97308181877843
    ],
    "desired_speed": 4.683305478096009,
    "angle": -0.0004279012335411017,
    "angle_last": 0.01604196158508298,
    "angle_target": 0.0012869653291852493,
    "angle_final": -0.0004279012335411017,
    "delta": 0.0,
    "agent": "only_traj",
    "steer_traj": 0.0002772040757808715,
    "throttle_traj": 0.0,
    "brake_traj": 1.0,
    "plan": [
        [
            -0.0028177322819828987,
            4.191739082336426
        ],
        [
            -0.020046744495630264,
            8.183813095092773
        ],
        [
            -0.028086069971323013,
            11.89030647277832
        ],
        [
            -0.06572839617729187,
            14.350574493408203
        ],
        [
            -0.07406312227249146,
            15.405299186706543
        ],
        [
            -0.06160779297351837,
            15.899478912353516
        ]
    ],
    "command": 3,
    "all_plan": [
        [
            [
                -0.06420747935771942,
                4.046178817749023
            ],
            [
                -0.1800716072320938,
                7.518847465515137
            ],
            [
                -0.27986347675323486,
                10.036341667175293
            ],
            [
                -0.30630171298980713,
                11.523283958435059
            ],
            [
                -0.34854811429977417,
                12.68404483795166
            ],
            [
                -0.31816765666007996,
                13.52039909362793
            ]
        ],
        [
            [
                0.6048610806465149,
                3.7192764282226562
            ],
            [
                2.1635918617248535,
                6.159855842590332
            ],
            [
                4.726553916931152,
                7.387402534484863
            ],
            [
                8.25146770477295,
                8.074625015258789
            ],
            [
                12.194581031799316,
                8.433661460876465
            ],
            [
                16.038278579711914,
                8.916011810302734
            ]
        ],
        [
            [
                0.027661964297294617,
                4.217772960662842
            ],
            [
                0.015588650479912758,
                8.498188018798828
            ],
            [
                0.05558840185403824,
                12.625123977661133
            ],
            [
                0.1264754831790924,
                16.608325958251953
            ],
            [
                0.1624046266078949,
                19.97977066040039
            ],
            [
                0.2102285474538803,
                23.38158416748047
            ]
        ],
        [
            [
                -0.0028177322819828987,
                4.191739082336426
            ],
            [
                -0.020046744495630264,
                8.183813095092773
            ],
            [
                -0.028086069971323013,
                11.89030647277832
            ],
            [
                -0.06572839617729187,
                14.350574493408203
            ],
            [
                -0.07406312227249146,
                15.405299186706543
            ],
            [
                -0.06160779297351837,
                15.899478912353516
            ]
        ],
        [
            [
                -0.07845665514469147,
                2.7888569831848145
            ],
            [
                -0.3141573667526245,
                5.725201606750488
            ],
            [
                -0.5765234231948853,
                8.618980407714844
            ],
            [
                -0.6526962518692017,
                12.516132354736328
            ],
            [
                -0.5431007742881775,
                16.90795135498047
            ],
            [
                -0.6111626029014587,
                21.38217544555664
            ]
        ],
        [
            [
                0.09545543789863586,
                2.471611499786377
            ],
            [
                0.02146945893764496,
                5.672577381134033
            ],
            [
                -0.052737779915332794,
                8.166284561157227
            ],
            [
                -0.1807699203491211,
                10.93873405456543
            ],
            [
                -0.41065847873687744,
                14.043193817138672
            ],
            [
                -0.627808690071106,
                16.846635818481445
            ]
        ]
    ]
}