{
    "speed": 2.8386199454784657,
    "steer": 0.0025032719131559134,
    "throttle": 0.75,
    "brake": 0.0,
    "wp_4": [
        -0.33296850323677063,
        12.89904499053955
    ],
    "wp_3": [
        -0.1754080057144165,
        9.555511474609375
    ],
    "wp_2": [
        -0.06078801676630974,
        6.217494487762451
    ],
    "wp_1": [
        -0.0031621726229786873,
        2.9066221714019775
    ],
    "aim": [
        -0.0031621726229786873,
        2.9066221714019775
    ],
    "target": [
        0.4735546420770267,
        35.363184433967184
    ],
    "desired_speed": 6.607760620117188,
    "angle": -0.0006925331183837069,
    "angle_last": -0.0418462442514892,
    "angle_target": 0.008524578165778271,
    "angle_final": -0.0006925331183837069,
    "delta": 0.25,
    "agent": "only_traj",
    "steer_traj": 0.0025032719698353683,
    "throttle_traj": 0.75,
    "brake_traj": 0.0,
    "plan": [
        [
            -0.0031621726229786873,
            2.9066221714019775
        ],
        [
            -0.06078801676630974,
            6.217494487762451
        ],
        [
            -0.1754080057144165,
            9.555511474609375
        ],
        [
            -0.33296850323677063,
            12.89904499053955
        ],
        [
            -0.5300104022026062,
            16.249286651611328
        ],
        [
            -0.7378870248794556,
            19.4072208404541
        ]
    ],
    "command": 3,
    "all_plan": [
        [
            [
                -0.012141389772295952,
                3.0899908542633057
            ],
            [
                -0.20264209806919098,
                6.1866559982299805
            ],
            [
                -0.4563155770301819,
                9.212736129760742
            ],
            [
                -0.8238590359687805,
                12.092552185058594
            ],
            [
                -1.239933729171753,
                14.725141525268555
            ],
            [
                -1.6747868061065674,
                17.10433578491211
            ]
        ],
        [
            [
                0.41925403475761414,
                2.6528193950653076
            ],
            [
                0.9391345977783203,
                5.331976413726807
            ],
            [
                1.9674605131149292,
                7.4388227462768555
            ],
            [
                3.635988712310791,
                9.256279945373535
            ],
            [
                5.412964820861816,
                10.929944038391113
            ],
            [
                7.284707069396973,
                12.626195907592773
            ]
        ],
        [
            [
                -0.07463815063238144,
                2.974902391433716
            ],
            [
                -0.13848361372947693,
                6.36480712890625
            ],
            [
                -0.23342309892177582,
                9.849486351013184
            ],
            [
                -0.35433828830718994,
                13.5733060836792
            ],
            [
                -0.4679328501224518,
                17.423601150512695
            ],
            [
                -0.6239157319068909,
                21.28951644897461
            ]
        ],
        [
            [
                -0.0031621726229786873,
                2.9066221714019775
            ],
            [
                -0.06078801676630974,
                6.217494487762451
            ],
            [
                -0.1754080057144165,
                9.555511474609375
            ],
            [
                -0.33296850323677063,
                12.89904499053955
            ],
            [
                -0.5300104022026062,
                16.249286651611328
            ],
            [
                -0.7378870248794556,
                19.4072208404541
            ]
        ],
        [
            [
                -0.023523107171058655,
                2.1169729232788086
            ],
            [
                -0.1837574690580368,
                4.657452583312988
            ],
            [
                -0.43922215700149536,
                7.606677055358887
            ],
            [
                -0.6997535228729248,
                11.102692604064941
            ],
            [
                -1.0080265998840332,
                15.114364624023438
            ],
            [
                -1.1883667707443237,
                19.322547912597656
            ]
        ],
        [
            [
                0.26499974727630615,
                2.4764978885650635
            ],
            [
                0.23073706030845642,
                5.04660701751709
            ],
            [
                0.22953146696090698,
                7.713702201843262
            ],
            [
                0.044548094272613525,
                10.74268913269043
            ],
            [
                -0.21726420521736145,
                14.04605484008789
            ],
            [
                -0.48598623275756836,
                17.58351707458496
            ]
        ]
    ]
}