{
    "speed": 5.040133049987208,
    "steer": -0.008198338560760021,
    "throttle": 0.75,
    "brake": 0.0,
    "wp_4": [
        -0.6598809957504272,
        15.486801147460938
    ],
    "wp_3": [
        -0.38183706998825073,
        11.452622413635254
    ],
    "wp_2": [
        -0.17894399166107178,
        7.4847564697265625
    ],
    "wp_1": [
        -0.051936183124780655,
        3.577117443084717
    ],
    "aim": [
        -0.051936183124780655,
        3.577117443084717
    ],
    "target": [
        -0.37533901553781696,
        32.479277179842526
    ],
    "desired_speed": 8.021231269836425,
    "angle": -0.009242412139424113,
    "angle_last": -0.05614888804646823,
    "angle_target": -0.0073566169963505314,
    "angle_final": -0.0073566169963505314,
    "delta": 0.25,
    "agent": "only_traj",
    "steer_traj": -0.008198338322833358,
    "throttle_traj": 0.75,
    "brake_traj": 0.0,
    "plan": [
        [
            -0.051936183124780655,
            3.577117443084717
        ],
        [
            -0.17894399166107178,
            7.4847564697265625
        ],
        [
            -0.38183706998825073,
            11.452622413635254
        ],
        [
            -0.6598809957504272,
            15.486801147460938
        ],
        [
            -0.9780375957489014,
            19.556936264038086
        ],
        [
            -1.3342522382736206,
            23.585243225097656
        ]
    ],
    "command": 3,
    "all_plan": [
        [
            [
                -0.03114139847457409,
                3.738657236099243
            ],
            [
                -0.2816532254219055,
                7.389066696166992
            ],
            [
                -0.6240768432617188,
                11.067383766174316
            ],
            [
                -1.058115839958191,
                14.639145851135254
            ],
            [
                -1.6102142333984375,
                18.23210906982422
            ],
            [
                -2.236638307571411,
                21.621601104736328
            ]
        ],
        [
            [
                0.5720413327217102,
                2.9058268070220947
            ],
            [
                1.224189281463623,
                5.73033332824707
            ],
            [
                2.6216092109680176,
                8.142607688903809
            ],
            [
                4.729820251464844,
                10.474929809570312
            ],
            [
                6.666749000549316,
                12.81576919555664
            ],
            [
                8.386744499206543,
                15.263787269592285
            ]
        ],
        [
            [
                -0.03731299936771393,
                3.801954746246338
            ],
            [
                -0.14439144730567932,
                7.8109540939331055
            ],
            [
                -0.2997994124889374,
                11.797178268432617
            ],
            [
                -0.5219160318374634,
                15.787717819213867
            ],
            [
                -0.7866750955581665,
                19.79718017578125
            ],
            [
                -1.0830672979354858,
                23.782087326049805
            ]
        ],
        [
            [
                -0.051936183124780655,
                3.577117443084717
            ],
            [
                -0.17894399166107178,
                7.4847564697265625
            ],
            [
                -0.38183706998825073,
                11.452622413635254
            ],
            [
                -0.6598809957504272,
                15.486801147460938
            ],
            [
                -0.9780375957489014,
                19.556936264038086
            ],
            [
                -1.3342522382736206,
                23.585243225097656
            ]
        ],
        [
            [
                -0.053889721632003784,
                3.1002821922302246
            ],
            [
                -0.3500468134880066,
                6.521178245544434
            ],
            [
                -0.7990782260894775,
                10.345232009887695
            ],
            [
                -1.2485271692276,
                14.762813568115234
            ],
            [
                -1.7028850317001343,
                19.639711380004883
            ],
            [
                -2.089994192123413,
                24.69626808166504
            ]
        ],
        [
            [
                0.3786317706108093,
                3.6456658840179443
            ],
            [
                0.36576521396636963,
                7.034568786621094
            ],
            [
                0.31651636958122253,
                10.450657844543457
            ],
            [
                0.04986625909805298,
                14.0708589553833
            ],
            [
                -0.35530996322631836,
                17.910995483398438
            ],
            [
                -0.7179118394851685,
                21.86806869506836
            ]
        ]
    ]
}