{
    "speed": 6.447136122686675,
    "steer": -0.009821035899221897,
    "throttle": 0.75,
    "brake": 0.0,
    "wp_4": [
        -0.7229659557342529,
        15.853086471557617
    ],
    "wp_3": [
        -0.4216471314430237,
        11.823990821838379
    ],
    "wp_2": [
        -0.20253810286521912,
        7.830662250518799
    ],
    "wp_1": [
        -0.05949634686112404,
        3.8327720165252686
    ],
    "aim": [
        -0.05949634686112404,
        3.8327720165252686
    ],
    "target": [
        0.7473408718295208,
        30.76394569322325
    ],
    "desired_speed": 8.049389457702638,
    "angle": -0.009881490172764972,
    "angle_last": -0.05865374608808425,
    "angle_target": 0.015462204466191124,
    "angle_final": -0.009881490172764972,
    "delta": 0.25,
    "agent": "only_traj",
    "steer_traj": -0.009821035746828424,
    "throttle_traj": 0.75,
    "brake_traj": 0.0,
    "plan": [
        [
            -0.05949634686112404,
            3.8327720165252686
        ],
        [
            -0.20253810286521912,
            7.830662250518799
        ],
        [
            -0.4216471314430237,
            11.823990821838379
        ],
        [
            -0.7229659557342529,
            15.853086471557617
        ],
        [
            -1.0591031312942505,
            19.897602081298828
        ],
        [
            -1.42940354347229,
            23.905414581298828
        ]
    ],
    "command": 3,
    "all_plan": [
        [
            [
                -0.03527234494686127,
                3.861624240875244
            ],
            [
                -0.28725385665893555,
                7.596571922302246
            ],
            [
                -0.6359951496124268,
                11.335977554321289
            ],
            [
                -1.0431455373764038,
                14.9749755859375
            ],
            [
                -1.5920060873031616,
                18.684694290161133
            ],
            [
                -2.2029778957366943,
                22.208356857299805
            ]
        ],
        [
            [
                0.6179302930831909,
                2.989001512527466
            ],
            [
                1.3343818187713623,
                5.791134834289551
            ],
            [
                2.8439412117004395,
                8.209948539733887
            ],
            [
                5.0741729736328125,
                10.592988967895508
            ],
            [
                7.094936370849609,
                12.990327835083008
            ],
            [
                8.852822303771973,
                15.530747413635254
            ]
        ],
        [
            [
                -0.04076620936393738,
                3.992957830429077
            ],
            [
                -0.1672116219997406,
                8.104912757873535
            ],
            [
                -0.3304951786994934,
                12.12799072265625
            ],
            [
                -0.5755812525749207,
                16.10450553894043
            ],
            [
                -0.851740837097168,
                20.06460952758789
            ],
            [
                -1.1685726642608643,
                24.019529342651367
            ]
        ],
        [
            [
                -0.05949634686112404,
                3.8327720165252686
            ],
            [
                -0.20253810286521912,
                7.830662250518799
            ],
            [
                -0.4216471314430237,
                11.823990821838379
            ],
            [
                -0.7229659557342529,
                15.853086471557617
            ],
            [
                -1.0591031312942505,
                19.897602081298828
            ],
            [
                -1.42940354347229,
                23.905414581298828
            ]
        ],
        [
            [
                -0.07896354794502258,
                3.27022647857666
            ],
            [
                -0.4204270839691162,
                6.836169242858887
            ],
            [
                -0.920859158039093,
                10.790507316589355
            ],
            [
                -1.409684658050537,
                15.347627639770508
            ],
            [
                -1.8947168588638306,
                20.355270385742188
            ],
            [
                -2.341397285461426,
                25.51487159729004
            ]
        ],
        [
            [
                0.41496485471725464,
                3.8523433208465576
            ],
            [
                0.3925398886203766,
                7.393642425537109
            ],
            [
                0.32835447788238525,
                10.905021667480469
            ],
            [
                0.05113193392753601,
                14.577102661132812
            ],
            [
                -0.3499149978160858,
                18.443424224853516
            ],
            [
                -0.7157715559005737,
                22.410669326782227
            ]
        ]
    ]
}