{
    "speed": 8.540959978943704,
    "steer": -0.0034944284707307816,
    "throttle": 0.09386342018842697,
    "brake": 0.0,
    "wp_4": [
        -0.10992829501628876,
        17.125755310058594
    ],
    "wp_3": [
        -0.04083837941288948,
        12.856094360351562
    ],
    "wp_2": [
        -0.011316369287669659,
        8.553863525390625
    ],
    "wp_1": [
        -0.0035248147323727608,
        4.24556827545166
    ],
    "aim": [
        -0.0035248147323727608,
        4.24556827545166
    ],
    "target": [
        0.12515077428247068,
        22.40803409108421
    ],
    "desired_speed": 8.534718894958496,
    "angle": -0.0005285326873126229,
    "angle_last": -0.016545705745946413,
    "angle_target": 0.0035555385494465187,
    "angle_final": -0.0005285326873126229,
    "delta": 0.0,
    "agent": "only_traj",
    "steer_traj": -0.003494428443137136,
    "throttle_traj": 0.09386341800822448,
    "brake_traj": 0.0,
    "plan": [
        [
            -0.0035248147323727608,
            4.24556827545166
        ],
        [
            -0.011316369287669659,
            8.553863525390625
        ],
        [
            -0.04083837941288948,
            12.856094360351562
        ],
        [
            -0.10992829501628876,
            17.125755310058594
        ],
        [
            -0.20246420800685883,
            21.37989044189453
        ],
        [
            -0.3116304278373718,
            25.579273223876953
        ]
    ],
    "command": 3,
    "all_plan": [
        [
            [
                -0.026622874662280083,
                4.0761213302612305
            ],
            [
                -0.3115401268005371,
                7.939183235168457
            ],
            [
                -0.6431847810745239,
                11.727887153625488
            ],
            [
                -1.078155517578125,
                15.438640594482422
            ],
            [
                -1.7107033729553223,
                19.281829833984375
            ],
            [
                -2.4191384315490723,
                22.919851303100586
            ]
        ],
        [
            [
                0.6007995009422302,
                3.308734893798828
            ],
            [
                1.3380465507507324,
                6.411142349243164
            ],
            [
                2.8661932945251465,
                9.172782897949219
            ],
            [
                5.0409746170043945,
                11.954545021057129
            ],
            [
                7.018080234527588,
                14.787327766418457
            ],
            [
                8.708958625793457,
                17.748634338378906
            ]
        ],
        [
            [
                -0.033994242548942566,
                4.3538007736206055
            ],
            [
                -0.08299263566732407,
                8.760469436645508
            ],
            [
                -0.10660797357559204,
                13.067560195922852
            ],
            [
                -0.1735788881778717,
                17.38114356994629
            ],
            [
                -0.23485320806503296,
                21.683839797973633
            ],
            [
                -0.2560294270515442,
                26.020828247070312
            ]
        ],
        [
            [
                -0.0035248147323727608,
                4.24556827545166
            ],
            [
                -0.011316369287669659,
                8.553863525390625
            ],
            [
                -0.04083837941288948,
                12.856094360351562
            ],
            [
                -0.10992829501628876,
                17.125755310058594
            ],
            [
                -0.20246420800685883,
                21.37989044189453
            ],
            [
                -0.3116304278373718,
                25.579273223876953
            ]
        ],
        [
            [
                -0.06502583622932434,
                3.637366771697998
            ],
            [
                -0.31265172362327576,
                7.607252597808838
            ],
            [
                -0.5706217288970947,
                12.00813102722168
            ],
            [
                -0.7491491436958313,
                16.983753204345703
            ],
            [
                -0.9673466682434082,
                22.375062942504883
            ],
            [
                -1.135779619216919,
                27.922821044921875
            ]
        ],
        [
            [
                0.4387441873550415,
                4.28849458694458
            ],
            [
                0.5618166923522949,
                8.227336883544922
            ],
            [
                0.6979033946990967,
                11.97889518737793
            ],
            [
                0.6909679770469666,
                15.798928260803223
            ],
            [
                0.6284517049789429,
                19.824254989624023
            ],
            [
                0.5728213787078857,
                23.90605926513672
            ]
        ]
    ]
}