{
    "speed": 8.026263080800543,
    "steer": -0.005433793645352125,
    "throttle": 0.7376227378845215,
    "brake": 0.0,
    "wp_4": [
        -0.455977201461792,
        16.452333450317383
    ],
    "wp_3": [
        -0.26220542192459106,
        12.346809387207031
    ],
    "wp_2": [
        -0.12129122018814087,
        8.252300262451172
    ],
    "wp_1": [
        -0.024732161313295364,
        4.113007068634033
    ],
    "aim": [
        -0.024732161313295364,
        4.113007068634033
    ],
    "target": [
        0.776281531385244,
        18.086244140712736
    ],
    "desired_speed": 8.170888614654542,
    "angle": -0.003828045293364227,
    "angle_last": -0.03604187360382159,
    "angle_target": 0.027307661563262565,
    "angle_final": -0.003828045293364227,
    "delta": 0.1446255338539988,
    "agent": "only_traj",
    "steer_traj": -0.005433793541456789,
    "throttle_traj": 0.7376227342220434,
    "brake_traj": 0.0,
    "plan": [
        [
            -0.024732161313295364,
            4.113007068634033
        ],
        [
            -0.12129122018814087,
            8.252300262451172
        ],
        [
            -0.26220542192459106,
            12.346809387207031
        ],
        [
            -0.455977201461792,
            16.452333450317383
        ],
        [
            -0.6698925495147705,
            20.526975631713867
        ],
        [
            -0.896202564239502,
            24.52008819580078
        ]
    ],
    "command": 3,
    "all_plan": [
        [
            [
                -0.02187335304915905,
                4.007743835449219
            ],
            [
                -0.24386653304100037,
                7.835872173309326
            ],
            [
                -0.5166009068489075,
                11.5945405960083
            ],
            [
                -0.8617511987686157,
                15.262151718139648
            ],
            [
                -1.3627631664276123,
                19.03173828125
            ],
            [
                -1.9188072681427002,
                22.592788696289062
            ]
        ],
        [
            [
                0.621343195438385,
                3.183698892593384
            ],
            [
                1.4026412963867188,
                6.082300186157227
            ],
            [
                2.970503568649292,
                8.585264205932617
            ],
            [
                5.232072830200195,
                11.083999633789062
            ],
            [
                7.301342487335205,
                13.614212036132812
            ],
            [
                9.072660446166992,
                16.295997619628906
            ]
        ],
        [
            [
                -0.05124010145664215,
                4.2214765548706055
            ],
            [
                -0.16058972477912903,
                8.48776626586914
            ],
            [
                -0.26491546630859375,
                12.622258186340332
            ],
            [
                -0.4252610206604004,
                16.71489906311035
            ],
            [
                -0.5918976068496704,
                20.779464721679688
            ],
            [
                -0.7646888494491577,
                24.87276840209961
            ]
        ],
        [
            [
                -0.024732161313295364,
                4.113007068634033
            ],
            [
                -0.12129122018814087,
                8.252300262451172
            ],
            [
                -0.26220542192459106,
                12.346809387207031
            ],
            [
                -0.455977201461792,
                16.452333450317383
            ],
            [
                -0.6698925495147705,
                20.526975631713867
            ],
            [
                -0.896202564239502,
                24.52008819580078
            ]
        ],
        [
            [
                -0.07732419669628143,
                3.4518227577209473
            ],
            [
                -0.3891526460647583,
                7.215514659881592
            ],
            [
                -0.8203071355819702,
                11.350515365600586
            ],
            [
                -1.1831653118133545,
                16.098487854003906
            ],
            [
                -1.561255693435669,
                21.300682067871094
            ],
            [
                -1.9119691848754883,
                26.64949607849121
            ]
        ],
        [
            [
                0.4467567801475525,
                4.035568714141846
            ],
            [
                0.46927469968795776,
                7.775387763977051
            ],
            [
                0.49654945731163025,
                11.382495880126953
            ],
            [
                0.3314111828804016,
                15.133939743041992
            ],
            [
                0.1007605791091919,
                19.077720642089844
            ],
            [
                -0.14100800454616547,
                23.090526580810547
            ]
        ]
    ]
}