{
    "speed": 7.40892902635245,
    "steer": 0.004824979696422815,
    "throttle": 0.056661948561668396,
    "brake": 0.0,
    "wp_4": [
        0.23913201689720154,
        15.496387481689453
    ],
    "wp_3": [
        0.16061553359031677,
        11.579046249389648
    ],
    "wp_2": [
        0.07928836345672607,
        7.732237815856934
    ],
    "wp_1": [
        0.020136263221502304,
        3.8350841999053955
    ],
    "aim": [
        0.020136263221502304,
        3.8350841999053955
    ],
    "target": [
        0.9402897487205137,
        6.809548067395073
    ],
    "desired_speed": 7.200588989257813,
    "angle": 0.0033425908612782704,
    "angle_last": 0.013838163103882974,
    "angle_target": 0.08735460790452632,
    "angle_final": 0.0033425908612782704,
    "delta": 0.0,
    "agent": "only_traj",
    "steer_traj": 0.004824979557013693,
    "throttle_traj": 0.05666194692603366,
    "brake_traj": 0.0,
    "plan": [
        [
            0.020136263221502304,
            3.8350841999053955
        ],
        [
            0.07928836345672607,
            7.732237815856934
        ],
        [
            0.16061553359031677,
            11.579046249389648
        ],
        [
            0.23913201689720154,
            15.496387481689453
        ],
        [
            0.31416431069374084,
            18.99977684020996
        ],
        [
            0.3757592439651489,
            21.832988739013672
        ]
    ],
    "command": 3,
    "all_plan": [
        [
            [
                0.10171060264110565,
                3.863384962081909
            ],
            [
                0.059343427419662476,
                7.481543064117432
            ],
            [
                -0.09985090792179108,
                10.75753116607666
            ],
            [
                -0.33725506067276,
                13.63169002532959
            ],
            [
                -0.6437379121780396,
                16.38775062561035
            ],
            [
                -0.9733554124832153,
                18.81163215637207
            ]
        ],
        [
            [
                0.414165198802948,
                3.4069368839263916
            ],
            [
                1.1754374504089355,
                6.421271800994873
            ],
            [
                2.6615853309631348,
                8.750990867614746
            ],
            [
                4.848627090454102,
                10.884342193603516
            ],
            [
                7.233333587646484,
                12.793846130371094
            ],
            [
                9.461807250976562,
                14.745779037475586
            ]
        ],
        [
            [
                -0.0057393768802285194,
                3.8655285835266113
            ],
            [
                0.0036645466461777687,
                7.980048179626465
            ],
            [
                0.08157377690076828,
                12.115428924560547
            ],
            [
                0.17287364602088928,
                16.33089256286621
            ],
            [
                0.2685679793357849,
                20.468496322631836
            ],
            [
                0.3541807532310486,
                24.60663414001465
            ]
        ],
        [
            [
                0.020136263221502304,
                3.8350841999053955
            ],
            [
                0.07928836345672607,
                7.732237815856934
            ],
            [
                0.16061553359031677,
                11.579046249389648
            ],
            [
                0.23913201689720154,
                15.496387481689453
            ],
            [
                0.31416431069374084,
                18.99977684020996
            ],
            [
                0.3757592439651489,
                21.832988739013672
            ]
        ],
        [
            [
                -0.07288472354412079,
                2.8136518001556396
            ],
            [
                -0.12140454351902008,
                6.092287063598633
            ],
            [
                -0.11347009986639023,
                9.676977157592773
            ],
            [
                -0.14139775931835175,
                13.977073669433594
            ],
            [
                -0.1408739537000656,
                18.824520111083984
            ],
            [
                -0.11109394580125809,
                23.754743576049805
            ]
        ],
        [
            [
                0.2263244241476059,
                3.3096487522125244
            ],
            [
                0.27924859523773193,
                6.568563461303711
            ],
            [
                0.5407357811927795,
                9.741562843322754
            ],
            [
                0.5852174162864685,
                13.088899612426758
            ],
            [
                0.5817314386367798,
                16.71938705444336
            ],
            [
                0.540286660194397,
                20.42498207092285
            ]
        ]
    ]
}