{
    "speed": 6.67236061476876,
    "steer": 0.0023132548667490482,
    "throttle": 0.75,
    "brake": 0.0,
    "wp_4": [
        -0.24502910673618317,
        16.45171356201172
    ],
    "wp_3": [
        -0.11480531096458435,
        12.10751724243164
    ],
    "wp_2": [
        -0.04139157757163048,
        7.973132133483887
    ],
    "wp_1": [
        0.008635099045932293,
        3.9058279991149902
    ],
    "aim": [
        0.008635099045932293,
        3.9058279991149902
    ],
    "target": [
        0.8436961724520234,
        38.14110245429353
    ],
    "desired_speed": 7.8522798538208,
    "angle": 0.0014074464874321022,
    "angle_last": -0.027418152648754267,
    "angle_target": 0.01407998330042549,
    "angle_final": 0.0014074464874321022,
    "delta": 0.25,
    "agent": "only_traj",
    "steer_traj": 0.002313254909978068,
    "throttle_traj": 0.75,
    "brake_traj": 0.0,
    "plan": [
        [
            0.008635099045932293,
            3.9058279991149902
        ],
        [
            -0.04139157757163048,
            7.973132133483887
        ],
        [
            -0.11480531096458435,
            12.10751724243164
        ],
        [
            -0.24502910673618317,
            16.45171356201172
        ],
        [
            -0.389180064201355,
            20.37066078186035
        ],
        [
            -0.5252470374107361,
            23.52803611755371
        ]
    ],
    "command": 3,
    "all_plan": [
        [
            [
                -0.025132110342383385,
                4.065723419189453
            ],
            [
                -0.22457891702651978,
                7.8610711097717285
            ],
            [
                -0.5639904737472534,
                11.335332870483398
            ],
            [
                -0.9479297995567322,
                14.471723556518555
            ],
            [
                -1.4323232173919678,
                17.561092376708984
            ],
            [
                -1.916416883468628,
                20.327177047729492
            ]
        ],
        [
            [
                0.5681014060974121,
                3.287132740020752
            ],
            [
                1.59688138961792,
                5.987340927124023
            ],
            [
                3.362264633178711,
                8.002729415893555
            ],
            [
                5.8794050216674805,
                9.994074821472168
            ],
            [
                8.508960723876953,
                11.952496528625488
            ],
            [
                10.952831268310547,
                13.916512489318848
            ]
        ],
        [
            [
                -0.08038395643234253,
                4.0915207862854
            ],
            [
                -0.20497575402259827,
                8.445962905883789
            ],
            [
                -0.292311429977417,
                12.70947265625
            ],
            [
                -0.4341198801994324,
                16.921804428100586
            ],
            [
                -0.565770149230957,
                21.072057723999023
            ],
            [
                -0.6873453855514526,
                25.177513122558594
            ]
        ],
        [
            [
                0.008635099045932293,
                3.9058279991149902
            ],
            [
                -0.04139157757163048,
                7.973132133483887
            ],
            [
                -0.11480531096458435,
                12.10751724243164
            ],
            [
                -0.24502910673618317,
                16.45171356201172
            ],
            [
                -0.389180064201355,
                20.37066078186035
            ],
            [
                -0.5252470374107361,
                23.52803611755371
            ]
        ],
        [
            [
                -0.044522956013679504,
                3.3655316829681396
            ],
            [
                -0.286592960357666,
                6.891435623168945
            ],
            [
                -0.5864012241363525,
                10.861178398132324
            ],
            [
                -0.9181320667266846,
                15.40451431274414
            ],
            [
                -1.173583984375,
                20.425033569335938
            ],
            [
                -1.4018528461456299,
                25.576997756958008
            ]
        ],
        [
            [
                0.3006139397621155,
                3.691089391708374
            ],
            [
                0.24535173177719116,
                7.224783420562744
            ],
            [
                0.3164306879043579,
                10.665096282958984
            ],
            [
                0.13376858830451965,
                14.187946319580078
            ],
            [
                -0.09049960970878601,
                17.961177825927734
            ],
            [
                -0.48392874002456665,
                21.812101364135742
            ]
        ]
    ]
}