{
    "speed": 7.993947350866883,
    "steer": -0.00735539011657238,
    "throttle": 0.75,
    "brake": 0.0,
    "wp_4": [
        -0.419904887676239,
        17.298490524291992
    ],
    "wp_3": [
        -0.2776678204536438,
        13.024263381958008
    ],
    "wp_2": [
        -0.14703191816806793,
        8.730937004089355
    ],
    "wp_1": [
        -0.052281979471445084,
        4.402418613433838
    ],
    "aim": [
        -0.052281979471445084,
        4.402418613433838
    ],
    "target": [
        0.7820617727223816,
        35.458030825426526
    ],
    "desired_speed": 8.591130256652832,
    "angle": -0.0075599847648684165,
    "angle_last": -0.02063228381735582,
    "angle_target": 0.01403899952635091,
    "angle_final": -0.0075599847648684165,
    "delta": 0.25,
    "agent": "only_traj",
    "steer_traj": -0.007355390124362732,
    "throttle_traj": 0.75,
    "brake_traj": 0.0,
    "plan": [
        [
            -0.052281979471445084,
            4.402418613433838
        ],
        [
            -0.14703191816806793,
            8.730937004089355
        ],
        [
            -0.2776678204536438,
            13.024263381958008
        ],
        [
            -0.419904887676239,
            17.298490524291992
        ],
        [
            -0.5676104426383972,
            21.59225082397461
        ],
        [
            -0.706299364566803,
            25.870067596435547
        ]
    ],
    "command": 3,
    "all_plan": [
        [
            [
                -0.021180031821131706,
                4.17130708694458
            ],
            [
                -0.2751801311969757,
                8.139033317565918
            ],
            [
                -0.5564067363739014,
                12.057975769042969
            ],
            [
                -0.9226733446121216,
                15.902355194091797
            ],
            [
                -1.454073190689087,
                19.889333724975586
            ],
            [
                -2.045966863632202,
                23.71588134765625
            ]
        ],
        [
            [
                0.635627031326294,
                3.3515589237213135
            ],
            [
                1.3735883235931396,
                6.434999942779541
            ],
            [
                2.961526393890381,
                9.163554191589355
            ],
            [
                5.216000080108643,
                11.935662269592285
            ],
            [
                7.223518371582031,
                14.758086204528809
            ],
            [
                8.924610137939453,
                17.729110717773438
            ]
        ],
        [
            [
                -0.060386210680007935,
                4.444075584411621
            ],
            [
                -0.1449679136276245,
                8.8682222366333
            ],
            [
                -0.21527913212776184,
                13.185962677001953
            ],
            [
                -0.32517021894454956,
                17.484174728393555
            ],
            [
                -0.41699790954589844,
                21.752500534057617
            ],
            [
                -0.4752844572067261,
                26.087404251098633
            ]
        ],
        [
            [
                -0.052281979471445084,
                4.402418613433838
            ],
            [
                -0.14703191816806793,
                8.730937004089355
            ],
            [
                -0.2776678204536438,
                13.024263381958008
            ],
            [
                -0.419904887676239,
                17.298490524291992
            ],
            [
                -0.5676104426383972,
                21.59225082397461
            ],
            [
                -0.706299364566803,
                25.870067596435547
            ]
        ],
        [
            [
                -0.07860206067562103,
                3.6583471298217773
            ],
            [
                -0.39783406257629395,
                7.680594444274902
            ],
            [
                -0.7724605798721313,
                12.09628963470459
            ],
            [
                -1.0422086715698242,
                17.154560089111328
            ],
            [
                -1.339862585067749,
                22.626407623291016
            ],
            [
                -1.6408778429031372,
                28.250507354736328
            ]
        ],
        [
            [
                0.4600600004196167,
                4.364250659942627
            ],
            [
                0.5818032026290894,
                8.379715919494629
            ],
            [
                0.6674672365188599,
                12.216249465942383
            ],
            [
                0.599486768245697,
                16.1810302734375
            ],
            [
                0.4639965891838074,
                20.288267135620117
            ],
            [
                0.36035090684890747,
                24.4702091217041
            ]
        ]
    ]
}