{
    "speed": 8.594025731981557,
    "steer": -0.004000674467533827,
    "throttle": 0.09425115585327148,
    "brake": 0.0,
    "wp_4": [
        -0.006736104376614094,
        16.40243148803711
    ],
    "wp_3": [
        -0.014827700331807137,
        12.307575225830078
    ],
    "wp_2": [
        -0.022154131904244423,
        8.233200073242188
    ],
    "wp_1": [
        -0.020157326012849808,
        4.1334028244018555
    ],
    "aim": [
        -0.020157326012849808,
        4.1334028244018555
    ],
    "target": [
        0.9012180863099336,
        30.69070490682623
    ],
    "desired_speed": 8.196034240722657,
    "angle": -0.003104576478278321,
    "angle_last": 0.004898963300151843,
    "angle_target": 0.01868866924302398,
    "angle_final": -0.003104576478278321,
    "delta": 0.0,
    "agent": "only_traj",
    "steer_traj": -0.004000674500173007,
    "throttle_traj": 0.09425115344228374,
    "brake_traj": 0.0,
    "plan": [
        [
            -0.020157326012849808,
            4.1334028244018555
        ],
        [
            -0.022154131904244423,
            8.233200073242188
        ],
        [
            -0.014827700331807137,
            12.307575225830078
        ],
        [
            -0.006736104376614094,
            16.40243148803711
        ],
        [
            0.012005924247205257,
            20.5224609375
        ],
        [
            0.043563708662986755,
            24.623310089111328
        ]
    ],
    "command": 3,
    "all_plan": [
        [
            [
                0.04505111277103424,
                3.966043710708618
            ],
            [
                -0.10055375099182129,
                7.736464500427246
            ],
            [
                -0.2899208962917328,
                11.468062400817871
            ],
            [
                -0.5871018171310425,
                15.069713592529297
            ],
            [
                -1.0406516790390015,
                18.804100036621094
            ],
            [
                -1.589841365814209,
                22.340404510498047
            ]
        ],
        [
            [
                0.5228621959686279,
                3.2237613201141357
            ],
            [
                1.151890754699707,
                6.291481018066406
            ],
            [
                2.544276237487793,
                9.05041217803955
            ],
            [
                4.549261093139648,
                11.840474128723145
            ],
            [
                6.326169490814209,
                14.633021354675293
            ],
            [
                7.786816596984863,
                17.559648513793945
            ]
        ],
        [
            [
                0.0004624419379979372,
                4.1849870681762695
            ],
            [
                0.00536323431879282,
                8.378433227539062
            ],
            [
                0.037980977445840836,
                12.51057243347168
            ],
            [
                0.04884335398674011,
                16.624088287353516
            ],
            [
                0.08829924464225769,
                20.728878021240234
            ],
            [
                0.17692042887210846,
                24.901081085205078
            ]
        ],
        [
            [
                -0.020157326012849808,
                4.1334028244018555
            ],
            [
                -0.022154131904244423,
                8.233200073242188
            ],
            [
                -0.014827700331807137,
                12.307575225830078
            ],
            [
                -0.006736104376614094,
                16.40243148803711
            ],
            [
                0.012005924247205257,
                20.5224609375
            ],
            [
                0.043563708662986755,
                24.623310089111328
            ]
        ],
        [
            [
                -0.041149839758872986,
                3.407438278198242
            ],
            [
                -0.14976118505001068,
                7.2904205322265625
            ],
            [
                -0.2871549427509308,
                11.45330810546875
            ],
            [
                -0.37379688024520874,
                16.292255401611328
            ],
            [
                -0.49411332607269287,
                21.549602508544922
            ],
            [
                -0.5789484977722168,
                26.930042266845703
            ]
        ],
        [
            [
                0.4146276116371155,
                4.087297439575195
            ],
            [
                0.5638494491577148,
                7.83583402633667
            ],
            [
                0.7827482223510742,
                11.431568145751953
            ],
            [
                0.8555310964584351,
                15.170289039611816
            ],
            [
                0.892781674861908,
                19.022817611694336
            ],
            [
                0.9907699823379517,
                22.98853302001953
            ]
        ]
    ]
}