{
    "speed": 8.479734581496418,
    "steer": -0.0049897185526788235,
    "throttle": 0.056330356746912,
    "brake": 0.0,
    "wp_4": [
        -0.2950332760810852,
        16.682058334350586
    ],
    "wp_3": [
        -0.19020327925682068,
        12.544654846191406
    ],
    "wp_2": [
        -0.09748555719852448,
        8.403084754943848
    ],
    "wp_1": [
        -0.03122553601861,
        4.227540493011475
    ],
    "aim": [
        -0.03122553601861,
        4.227540493011475
    ],
    "target": [
        1.5912734693381683,
        18.507104583177114
    ],
    "desired_speed": 8.277702331542969,
    "angle": -0.004702081834153525,
    "angle_last": -0.015674249498843565,
    "angle_target": 0.054603395786063214,
    "angle_final": -0.004702081834153525,
    "delta": 0.0,
    "agent": "only_traj",
    "steer_traj": -0.004989718422654942,
    "throttle_traj": 0.05633035748810962,
    "brake_traj": 0.0,
    "plan": [
        [
            -0.03122553601861,
            4.227540493011475
        ],
        [
            -0.09748555719852448,
            8.403084754943848
        ],
        [
            -0.19020327925682068,
            12.544654846191406
        ],
        [
            -0.2950332760810852,
            16.682058334350586
        ],
        [
            -0.3945806920528412,
            20.81598663330078
        ],
        [
            -0.4955594539642334,
            24.91646385192871
        ]
    ],
    "command": 3,
    "all_plan": [
        [
            [
                0.018155338242650032,
                4.064653396606445
            ],
            [
                -0.1629655361175537,
                7.93900203704834
            ],
            [
                -0.3767802119255066,
                11.748376846313477
            ],
            [
                -0.678935170173645,
                15.437835693359375
            ],
            [
                -1.1292277574539185,
                19.253450393676758
            ],
            [
                -1.6374971866607666,
                22.88269805908203
            ]
        ],
        [
            [
                0.5892724990844727,
                3.2646052837371826
            ],
            [
                1.3075966835021973,
                6.2690253257751465
            ],
            [
                2.822617530822754,
                8.894272804260254
            ],
            [
                5.002094745635986,
                11.535335540771484
            ],
            [
                6.953143119812012,
                14.200430870056152
            ],
            [
                8.599145889282227,
                17.016450881958008
            ]
        ],
        [
            [
                -0.03613555431365967,
                4.29511833190918
            ],
            [
                -0.10087238252162933,
                8.587818145751953
            ],
            [
                -0.14968867599964142,
                12.762979507446289
            ],
            [
                -0.22236931324005127,
                16.90423583984375
            ],
            [
                -0.2909676730632782,
                21.017311096191406
            ],
            [
                -0.342651903629303,
                25.185705184936523
            ]
        ],
        [
            [
                -0.03122553601861,
                4.227540493011475
            ],
            [
                -0.09748555719852448,
                8.403084754943848
            ],
            [
                -0.19020327925682068,
                12.544654846191406
            ],
            [
                -0.2950332760810852,
                16.682058334350586
            ],
            [
                -0.3945806920528412,
                20.81598663330078
            ],
            [
                -0.4955594539642334,
                24.91646385192871
            ]
        ],
        [
            [
                -0.0659002959728241,
                3.483205556869507
            ],
            [
                -0.29842525720596313,
                7.366686820983887
            ],
            [
                -0.6093196868896484,
                11.569448471069336
            ],
            [
                -0.8410005569458008,
                16.430509567260742
            ],
            [
                -1.0967897176742554,
                21.73507308959961
            ],
            [
                -1.3430919647216797,
                27.185611724853516
            ]
        ],
        [
            [
                0.43834632635116577,
                4.117504596710205
            ],
            [
                0.5351248979568481,
                7.926619529724121
            ],
            [
                0.6446734666824341,
                11.587543487548828
            ],
            [
                0.5967271327972412,
                15.402082443237305
            ],
            [
                0.4906761050224304,
                19.36250877380371
            ],
            [
                0.40975695848464966,
                23.427425384521484
            ]
        ]
    ]
}