{
    "speed": 8.551327278305184,
    "steer": 0.024789031594991684,
    "throttle": 0.5364527106285095,
    "brake": 0.0,
    "wp_4": [
        1.0869841575622559,
        18.53413963317871
    ],
    "wp_3": [
        0.7751444578170776,
        13.85257339477539
    ],
    "wp_2": [
        0.4359174370765686,
        9.120038986206055
    ],
    "wp_1": [
        0.17767824232578278,
        4.467678070068359
    ],
    "aim": [
        0.17767824232578278,
        4.467678070068359
    ],
    "target": [
        1.8567826069918856,
        10.233462869672248
    ],
    "desired_speed": 8.671061992645264,
    "angle": 0.02530483646448194,
    "angle_last": 0.034023269376040104,
    "angle_target": 0.11426661630564465,
    "angle_final": 0.02530483646448194,
    "delta": 0.11973471434007976,
    "agent": "only_traj",
    "steer_traj": 0.024789031329166985,
    "throttle_traj": 0.5364527399479305,
    "brake_traj": 0.0,
    "plan": [
        [
            0.17767824232578278,
            4.467678070068359
        ],
        [
            0.4359174370765686,
            9.120038986206055
        ],
        [
            0.7751444578170776,
            13.85257339477539
        ],
        [
            1.0869841575622559,
            18.53413963317871
        ],
        [
            1.3395463228225708,
            22.612695693969727
        ],
        [
            1.5262508392333984,
            26.10285186767578
        ]
    ],
    "command": 3,
    "all_plan": [
        [
            [
                -0.215682253241539,
                4.433977127075195
            ],
            [
                -0.877082347869873,
                8.449566841125488
            ],
            [
                -1.7252602577209473,
                11.948708534240723
            ],
            [
                -2.649355888366699,
                15.125772476196289
            ],
            [
                -3.9090747833251953,
                18.331058502197266
            ],
            [
                -5.151603698730469,
                21.286741256713867
            ]
        ],
        [
            [
                0.6880683302879333,
                3.6683075428009033
            ],
            [
                2.0113658905029297,
                6.8517961502075195
            ],
            [
                3.9288876056671143,
                9.605813980102539
            ],
            [
                6.438889026641846,
                12.540820121765137
            ],
            [
                9.067716598510742,
                15.563485145568848
            ],
            [
                11.329695701599121,
                18.45793914794922
            ]
        ],
        [
            [
                0.04780055582523346,
                4.747502326965332
            ],
            [
                0.15447449684143066,
                9.623701095581055
            ],
            [
                0.3835105895996094,
                14.448898315429688
            ],
            [
                0.6329048871994019,
                19.146076202392578
            ],
            [
                0.8076808452606201,
                23.803504943847656
            ],
            [
                1.0877320766448975,
                28.40576171875
            ]
        ],
        [
            [
                0.17767824232578278,
                4.467678070068359
            ],
            [
                0.4359174370765686,
                9.120038986206055
            ],
            [
                0.7751444578170776,
                13.85257339477539
            ],
            [
                1.0869841575622559,
                18.53413963317871
            ],
            [
                1.3395463228225708,
                22.612695693969727
            ],
            [
                1.5262508392333984,
                26.10285186767578
            ]
        ],
        [
            [
                -0.1798524409532547,
                4.016756057739258
            ],
            [
                -0.24391575157642365,
                8.282622337341309
            ],
            [
                -0.1944243609905243,
                13.143896102905273
            ],
            [
                0.004281774163246155,
                18.40423583984375
            ],
            [
                0.2650022506713867,
                23.809160232543945
            ],
            [
                0.5516402125358582,
                29.3786563873291
            ]
        ],
        [
            [
                0.1761322319507599,
                4.493732452392578
            ],
            [
                0.3726300001144409,
                8.793502807617188
            ],
            [
                0.737747311592102,
                12.615418434143066
            ],
            [
                0.8543747067451477,
                16.141529083251953
            ],
            [
                1.1052374839782715,
                19.97991371154785
            ],
            [
                1.2720202207565308,
                23.716079711914062
            ]
        ]
    ]
}