{
    "speed": 7.141622777976659,
    "steer": -0.01616315357387066,
    "throttle": 0.0,
    "brake": 1.0,
    "wp_4": [
        -1.4668083190917969,
        15.147773742675781
    ],
    "wp_3": [
        -0.8677370548248291,
        11.4356050491333
    ],
    "wp_2": [
        -0.3853999972343445,
        7.37871789932251
    ],
    "wp_1": [
        -0.10191972553730011,
        3.5770108699798584
    ],
    "aim": [
        -0.10191972553730011,
        3.5770108699798584
    ],
    "target": [
        0.41317943282136316,
        6.636932065918504
    ],
    "desired_speed": 5.966342639923096,
    "angle": -0.018134255964909824,
    "angle_last": -0.36924923716830865,
    "angle_target": 0.039581416338518374,
    "angle_final": 0.039581416338518374,
    "delta": 0.0,
    "agent": "only_traj",
    "steer_traj": -0.016163153141430055,
    "throttle_traj": 0.0,
    "brake_traj": 1.0,
    "plan": [
        [
            -0.10191972553730011,
            3.5770108699798584
        ],
        [
            -0.3853999972343445,
            7.37871789932251
        ],
        [
            -0.8677370548248291,
            11.4356050491333
        ],
        [
            -1.4668083190917969,
            15.147773742675781
        ],
        [
            -1.9903364181518555,
            17.298227310180664
        ],
        [
            -2.562856912612915,
            18.17205047607422
        ]
    ],
    "command": 3,
    "all_plan": [
        [
            [
                -0.27046746015548706,
                3.8056204319000244
            ],
            [
                -0.7968364357948303,
                7.4311323165893555
            ],
            [
                -1.720178246498108,
                10.269840240478516
            ],
            [
                -2.412782669067383,
                12.280646324157715
            ],
            [
                -3.081812620162964,
                13.892243385314941
            ],
            [
                -3.613072156906128,
                14.965386390686035
            ]
        ],
        [
            [
                0.6971425414085388,
                3.2273752689361572
            ],
            [
                2.52476167678833,
                5.117956638336182
            ],
            [
                5.28416109085083,
                5.942827224731445
            ],
            [
                9.087693214416504,
                6.350870609283447
            ],
            [
                13.305473327636719,
                6.651302337646484
            ],
            [
                17.710853576660156,
                7.034634590148926
            ]
        ],
        [
            [
                -0.09066957235336304,
                3.7293498516082764
            ],
            [
                -0.36282455921173096,
                8.062712669372559
            ],
            [
                -0.7811546921730042,
                12.565258979797363
            ],
            [
                -1.1771600246429443,
                16.70038414001465
            ],
            [
                -1.6795768737792969,
                20.65762710571289
            ],
            [
                -2.112333059310913,
                24.556650161743164
            ]
        ],
        [
            [
                -0.10191972553730011,
                3.5770108699798584
            ],
            [
                -0.3853999972343445,
                7.37871789932251
            ],
            [
                -0.8677370548248291,
                11.4356050491333
            ],
            [
                -1.4668083190917969,
                15.147773742675781
            ],
            [
                -1.9903364181518555,
                17.298227310180664
            ],
            [
                -2.562856912612915,
                18.17205047607422
            ]
        ],
        [
            [
                -0.04564347863197327,
                3.0371642112731934
            ],
            [
                -0.6441588401794434,
                5.87879753112793
            ],
            [
                -1.3979918956756592,
                9.038382530212402
            ],
            [
                -2.133291721343994,
                13.038854598999023
            ],
            [
                -2.7257280349731445,
                17.281728744506836
            ],
            [
                -3.3199760913848877,
                21.536304473876953
            ]
        ],
        [
            [
                0.0933169275522232,
                2.801762819290161
            ],
            [
                -0.30050909519195557,
                5.948691368103027
            ],
            [
                -0.855733335018158,
                8.657533645629883
            ],
            [
                -1.777423620223999,
                11.574321746826172
            ],
            [
                -2.6093802452087402,
                14.991142272949219
            ],
            [
                -3.6168007850646973,
                18.204992294311523
            ]
        ]
    ]
}