{
    "speed": 1.5538414785778583,
    "steer": -0.003717954969033599,
    "throttle": 0.75,
    "brake": 0.0,
    "wp_4": [
        -0.2045099437236786,
        10.661419868469238
    ],
    "wp_3": [
        -0.04858674481511116,
        8.528472900390625
    ],
    "wp_2": [
        0.02198474109172821,
        5.118154525756836
    ],
    "wp_1": [
        -0.011478370055556297,
        2.144932746887207
    ],
    "aim": [
        -0.011478370055556297,
        2.144932746887207
    ],
    "target": [
        -0.19488773362024137,
        52.28408214881084
    ],
    "desired_speed": 7.775446891784668,
    "angle": -0.003406774403555996,
    "angle_last": 0.41144859460827277,
    "angle_target": -0.0023729748120262938,
    "angle_final": -0.0023729748120262938,
    "delta": 0.25,
    "agent": "only_traj",
    "steer_traj": -0.0037179550590607686,
    "throttle_traj": 0.75,
    "brake_traj": 0.0,
    "plan": [
        [
            -0.011478370055556297,
            2.144932746887207
        ],
        [
            0.02198474109172821,
            5.118154525756836
        ],
        [
            -0.04858674481511116,
            8.528472900390625
        ],
        [
            -0.2045099437236786,
            10.661419868469238
        ],
        [
            -2.5159237384796143,
            16.82501792907715
        ],
        [
            0.09343761205673218,
            20.2839412689209
        ]
    ]
}