{
    "speed": 5.266402401976035,
    "steer": -0.0018921541050076485,
    "throttle": 0.0,
    "brake": 0.0,
    "wp_4": [
        -0.08370838314294815,
        14.055269241333008
    ],
    "wp_3": [
        -0.04191698506474495,
        10.501412391662598
    ],
    "wp_2": [
        0.004152870737016201,
        6.880145072937012
    ],
    "wp_1": [
        -0.008475488051772118,
        3.2755990028381348
    ],
    "aim": [
        -0.008475488051772118,
        3.2755990028381348
    ],
    "target": [
        -0.5123474101974506,
        48.11867992007522
    ],
    "desired_speed": 6.886064147949219,
    "angle": -0.0016472417823699336,
    "angle_last": -0.0004664538568562848,
    "angle_target": -0.006778202705268398,
    "angle_final": -0.0016472417823699336,
    "delta": 0.25,
    "agent": "only_traj",
    "steer_traj": -0.001892154109117421,
    "throttle_traj": 0.0,
    "brake_traj": 0.0,
    "plan": [
        [
            -0.008475488051772118,
            3.2755990028381348
        ],
        [
            0.004152870737016201,
            6.880145072937012
        ],
        [
            -0.04191698506474495,
            10.501412391662598
        ],
        [
            -0.08370838314294815,
            14.055269241333008
        ],
        [
            -0.1675783097743988,
            17.425718307495117
        ],
        [
            -0.16982285678386688,
            20.489154815673828
        ]
    ]
}