{
    "speed": 5.226690416784806,
    "steer": 0.011208497919142246,
    "throttle": 0.0,
    "brake": 0.0,
    "wp_4": [
        -2.249457597732544,
        14.597074508666992
    ],
    "wp_3": [
        -0.6705958843231201,
        10.854281425476074
    ],
    "wp_2": [
        -0.6337093114852905,
        8.08788776397705
    ],
    "wp_1": [
        -1.2048779726028442,
        2.5952651500701904
    ],
    "aim": [
        -1.2048779726028442,
        2.5952651500701904
    ],
    "target": [
        0.6146363852837974,
        45.0132630551822
    ],
    "desired_speed": 8.16599016189575,
    "angle": -0.2767062451938981,
    "angle_last": 0.01175260278631497,
    "angle_target": 0.008692223882076107,
    "angle_final": 0.008692223882076107,
    "delta": 0.25,
    "agent": "only_traj",
    "steer_traj": 0.011208498263836407,
    "throttle_traj": 0.0,
    "brake_traj": 0.0,
    "plan": [
        [
            -1.2048779726028442,
            2.5952651500701904
        ],
        [
            -0.6337093114852905,
            8.08788776397705
        ],
        [
            -0.6705958843231201,
            10.854281425476074
        ],
        [
            -2.249457597732544,
            14.597074508666992
        ],
        [
            -0.03899441286921501,
            19.319904327392578
        ],
        [
            0.013605100102722645,
            22.16880989074707
        ]
    ]
}