{
    "speed": 4.839755625024616,
    "steer": -0.016475170850753784,
    "throttle": 0.75,
    "brake": 0.0,
    "wp_4": [
        0.06525509804487228,
        14.732337951660156
    ],
    "wp_3": [
        0.07180806994438171,
        10.813141822814941
    ],
    "wp_2": [
        -0.04454069957137108,
        7.470917224884033
    ],
    "wp_1": [
        -1.919825792312622,
        2.6802942752838135
    ],
    "aim": [
        -1.919825792312622,
        2.6802942752838135
    ],
    "target": [
        -1.0645666622704304,
        42.6805630689234
    ],
    "desired_speed": 8.033109664916992,
    "angle": -0.39570058665800784,
    "angle_last": 0.011697733599982536,
    "angle_target": -0.01587569714055696,
    "angle_final": -0.01587569714055696,
    "delta": 0.25,
    "agent": "only_traj",
    "steer_traj": -0.01647517102947822,
    "throttle_traj": 0.75,
    "brake_traj": 0.0,
    "plan": [
        [
            -1.919825792312622,
            2.6802942752838135
        ],
        [
            -0.04454069957137108,
            7.470917224884033
        ],
        [
            0.07180806994438171,
            10.813141822814941
        ],
        [
            0.06525509804487228,
            14.732337951660156
        ],
        [
            0.08092115074396133,
            18.661542892456055
        ],
        [
            0.14974001049995422,
            22.40641212463379
        ]
    ]
}