{
    "speed": 4.819454959391389,
    "steer": 8.09291668701917e-05,
    "throttle": 0.75,
    "brake": 0.0,
    "wp_4": [
        -0.025112051516771317,
        14.979044914245605
    ],
    "wp_3": [
        0.002941385842859745,
        11.038215637207031
    ],
    "wp_2": [
        0.0109785757958889,
        7.210731506347656
    ],
    "wp_1": [
        -0.0025974377058446407,
        3.4602625370025635
    ],
    "aim": [
        -0.0025974377058446407,
        3.4602625370025635
    ],
    "target": [
        -0.3130719226171663,
        40.6969137852694
    ],
    "desired_speed": 7.747714805603027,
    "angle": -0.0004778375054729728,
    "angle_last": 0.00404481019894636,
    "angle_target": -0.00489727171234444,
    "angle_final": -0.0004778375054729728,
    "delta": 0.25,
    "agent": "only_traj",
    "steer_traj": 8.092916759355563e-05,
    "throttle_traj": 0.75,
    "brake_traj": 0.0,
    "plan": [
        [
            -0.0025974377058446407,
            3.4602625370025635
        ],
        [
            0.0109785757958889,
            7.210731506347656
        ],
        [
            0.002941385842859745,
            11.038215637207031
        ],
        [
            -0.025112051516771317,
            14.979044914245605
        ],
        [
            -0.045205894857645035,
            18.97390365600586
        ],
        [
            -0.020710287615656853,
            22.829288482666016
        ]
    ]
}