{
    "speed": 5.099779360153122,
    "steer": 0.0023003453388810158,
    "throttle": 0.0,
    "brake": 0.0,
    "wp_4": [
        0.08900314569473267,
        15.034008026123047
    ],
    "wp_3": [
        0.06849855184555054,
        11.14167594909668
    ],
    "wp_2": [
        0.04740552604198456,
        7.3218488693237305
    ],
    "wp_1": [
        0.01160583458840847,
        3.5554306507110596
    ],
    "aim": [
        0.01160583458840847,
        3.5554306507110596
    ],
    "target": [
        -0.4644130889171071,
        35.68851813527777
    ],
    "desired_speed": 7.652843952178956,
    "angle": 0.002078095172936577,
    "angle_last": 0.011419365445809126,
    "angle_target": -0.008283837034276481,
    "angle_final": 0.002078095172936577,
    "delta": 0.25,
    "agent": "only_traj",
    "steer_traj": 0.002300345347546647,
    "throttle_traj": 0.0,
    "brake_traj": 0.0,
    "plan": [
        [
            0.01160583458840847,
            3.5554306507110596
        ],
        [
            0.04740552604198456,
            7.3218488693237305
        ],
        [
            0.06849855184555054,
            11.14167594909668
        ],
        [
            0.08900314569473267,
            15.034008026123047
        ],
        [
            0.11035160720348358,
            18.922061920166016
        ],
        [
            0.17788532376289368,
            22.686594009399414
        ]
    ]
}