{
    "speed": 4.908129890950665,
    "steer": 0.0007528843125328422,
    "throttle": 0.75,
    "brake": 0.0,
    "wp_4": [
        -0.02302911877632141,
        14.97089958190918
    ],
    "wp_3": [
        0.003251437097787857,
        11.073480606079102
    ],
    "wp_2": [
        0.01937389373779297,
        7.271389961242676
    ],
    "wp_1": [
        0.0057960026897490025,
        3.5118587017059326
    ],
    "aim": [
        0.0057960026897490025,
        3.5118587017059326
    ],
    "target": [
        -0.5129345651304791,
        29.501202364300493
    ],
    "desired_speed": 7.696162509918213,
    "angle": 0.001050682939785103,
    "angle_last": 0.0018970192689404608,
    "angle_target": -0.011067731503535454,
    "angle_final": 0.001050682939785103,
    "delta": 0.25,
    "agent": "only_traj",
    "steer_traj": 0.0007528843138778373,
    "throttle_traj": 0.75,
    "brake_traj": 0.0,
    "plan": [
        [
            0.0057960026897490025,
            3.5118587017059326
        ],
        [
            0.01937389373779297,
            7.271389961242676
        ],
        [
            0.003251437097787857,
            11.073480606079102
        ],
        [
            -0.02302911877632141,
            14.97089958190918
        ],
        [
            -0.06817762553691864,
            18.919553756713867
        ],
        [
            -0.05675796419382095,
            22.751842498779297
        ]
    ]
}