{
    "speed": 4.8682157392864625,
    "steer": 4.62671450804919e-05,
    "throttle": 0.75,
    "brake": 0.0,
    "wp_4": [
        -0.1181919202208519,
        14.718603134155273
    ],
    "wp_3": [
        -0.06057791784405708,
        10.893669128417969
    ],
    "wp_2": [
        0.0018699467182159424,
        7.111783027648926
    ],
    "wp_1": [
        -0.0013185269199311733,
        3.4055731296539307
    ],
    "aim": [
        -0.0013185269199311733,
        3.4055731296539307
    ],
    "target": [
        0.14399787023155936,
        24.937082742695825
    ],
    "desired_speed": 7.480553436279297,
    "angle": -0.0002464458745910963,
    "angle_last": -0.004509091044605277,
    "angle_target": 0.0036760864702815904,
    "angle_final": -0.0002464458745910963,
    "delta": 0.25,
    "agent": "only_traj",
    "steer_traj": 4.626714638162256e-05,
    "throttle_traj": 0.75,
    "brake_traj": 0.0,
    "plan": [
        [
            -0.0013185269199311733,
            3.4055731296539307
        ],
        [
            0.0018699467182159424,
            7.111783027648926
        ],
        [
            -0.06057791784405708,
            10.893669128417969
        ],
        [
            -0.1181919202208519,
            14.718603134155273
        ],
        [
            -0.21130481362342834,
            18.515785217285156
        ],
        [
            -0.2367258071899414,
            22.104774475097656
        ]
    ]
}