{
    "speed": 5.024000045118995,
    "steer": 0.0013555883197113872,
    "throttle": 0.0,
    "brake": 0.0,
    "wp_4": [
        0.026896759867668152,
        14.887001037597656
    ],
    "wp_3": [
        0.05875294283032417,
        10.914287567138672
    ],
    "wp_2": [
        0.04899470508098602,
        7.0471720695495605
    ],
    "wp_1": [
        0.006715002004057169,
        3.305016040802002
    ],
    "aim": [
        0.006715002004057169,
        3.305016040802002
    ],
    "target": [
        -1.0811447244502086,
        20.31669567721905
    ],
    "desired_speed": 7.692070388793946,
    "angle": 0.0012934582192836673,
    "angle_last": 0.07298456567656228,
    "angle_target": -0.03384553934747717,
    "angle_final": 0.0012934582192836673,
    "delta": 0.25,
    "agent": "only_traj",
    "steer_traj": 0.0013555883694660012,
    "throttle_traj": 0.0,
    "brake_traj": 0.0,
    "plan": [
        [
            0.006715002004057169,
            3.305016040802002
        ],
        [
            0.04899470508098602,
            7.0471720695495605
        ],
        [
            0.05875294283032417,
            10.914287567138672
        ],
        [
            0.026896759867668152,
            14.887001037597656
        ],
        [
            0.040169134736061096,
            18.851863861083984
        ],
        [
            0.4614699184894562,
            22.5106143951416
        ]
    ]
}