{
    "speed": 4.874588214985736,
    "steer": 0.005543637555092573,
    "throttle": 0.75,
    "brake": 0.0,
    "wp_4": [
        0.1583796739578247,
        14.374570846557617
    ],
    "wp_3": [
        0.5836974382400513,
        10.51074504852295
    ],
    "wp_2": [
        0.07414013147354126,
        6.788398742675781
    ],
    "wp_1": [
        0.02633039839565754,
        3.17929744720459
    ],
    "aim": [
        0.02633039839565754,
        3.17929744720459
    ],
    "target": [
        -0.4863795576386341,
        15.33747251491179
    ],
    "desired_speed": 7.407401180267334,
    "angle": 0.005272271083788429,
    "angle_last": 0.018980308966022465,
    "angle_target": -0.02018162447327598,
    "angle_final": 0.005272271083788429,
    "delta": 0.25,
    "agent": "only_traj",
    "steer_traj": 0.005543637511818859,
    "throttle_traj": 0.75,
    "brake_traj": 0.0,
    "plan": [
        [
            0.02633039839565754,
            3.17929744720459
        ],
        [
            0.07414013147354126,
            6.788398742675781
        ],
        [
            0.5836974382400513,
            10.51074504852295
        ],
        [
            0.1583796739578247,
            14.374570846557617
        ],
        [
            0.17593693733215332,
            18.094440460205078
        ],
        [
            0.28161126375198364,
            21.637813568115234
        ]
    ]
}