{
    "speed": 4.65856375983304,
    "steer": 0.010492143221199512,
    "throttle": 0.75,
    "brake": 0.0,
    "wp_4": [
        -0.03278345242142677,
        12.852750778198242
    ],
    "wp_3": [
        0.01694101095199585,
        9.197127342224121
    ],
    "wp_2": [
        0.026371100917458534,
        5.628483295440674
    ],
    "wp_1": [
        0.031896088272333145,
        2.4422314167022705
    ],
    "aim": [
        0.031896088272333145,
        2.4422314167022705
    ],
    "target": [
        -0.8047166236031332,
        7.448069096103903
    ],
    "desired_speed": 7.082378578186035,
    "angle": 0.008313906103176663,
    "angle_last": 0.009931446680617238,
    "angle_target": -0.06851694400306033,
    "angle_final": 0.008313906103176663,
    "delta": 0.25,
    "agent": "only_traj",
    "steer_traj": 0.010492143527999258,
    "throttle_traj": 0.75,
    "brake_traj": 0.0,
    "plan": [
        [
            0.031896088272333145,
            2.4422314167022705
        ],
        [
            0.026371100917458534,
            5.628483295440674
        ],
        [
            0.01694101095199585,
            9.197127342224121
        ],
        [
            -0.03278345242142677,
            12.852750778198242
        ],
        [
            -0.031552184373140335,
            16.64657211303711
        ],
        [
            0.023066017776727676,
            20.147396087646484
        ]
    ]
}