{
    "speed": 4.871185669471642,
    "steer": 0.0014667304931208491,
    "throttle": 0.75,
    "brake": 0.0,
    "wp_4": [
        -0.018560148775577545,
        13.174032211303711
    ],
    "wp_3": [
        0.01359359547495842,
        9.559311866760254
    ],
    "wp_2": [
        0.032216064631938934,
        5.974715232849121
    ],
    "wp_1": [
        -0.0005126441246829927,
        2.7156293392181396
    ],
    "aim": [
        -0.0005126441246829927,
        2.7156293392181396
    ],
    "target": [
        -0.5080929047741591,
        4.819492909407319
    ],
    "desired_speed": 6.944840812683106,
    "angle": -0.00012016326593663833,
    "angle_last": 0.005071387631199275,
    "angle_target": -0.06686835496685979,
    "angle_final": -0.00012016326593663833,
    "delta": 0.25,
    "agent": "only_traj",
    "steer_traj": 0.0014667304887429251,
    "throttle_traj": 0.75,
    "brake_traj": 0.0,
    "plan": [
        [
            -0.0005126441246829927,
            2.7156293392181396
        ],
        [
            0.032216064631938934,
            5.974715232849121
        ],
        [
            0.01359359547495842,
            9.559311866760254
        ],
        [
            -0.018560148775577545,
            13.174032211303711
        ],
        [
            -0.032821573317050934,
            16.80040168762207
        ],
        [
            -0.0067174602299928665,
            20.07724380493164
        ]
    ]
}