{
    "speed": 4.777484217835175,
    "steer": -0.018091488629579544,
    "throttle": 0.75,
    "brake": 0.0,
    "wp_4": [
        0.11264754831790924,
        12.894231796264648
    ],
    "wp_3": [
        0.10042300075292587,
        9.5850191116333
    ],
    "wp_2": [
        0.1067352145910263,
        6.174858093261719
    ],
    "wp_1": [
        -0.09368712455034256,
        3.0316309928894043
    ],
    "aim": [
        -0.09368712455034256,
        3.0316309928894043
    ],
    "target": [
        -1.187586972865952,
        50.43752044036049
    ],
    "desired_speed": 6.4096923828125,
    "angle": -0.019667329869614576,
    "angle_last": 0.01068823164065465,
    "angle_target": -0.014986892132946334,
    "angle_final": -0.014986892132946334,
    "delta": 0.25,
    "agent": "only_traj",
    "steer_traj": -0.018091489460791425,
    "throttle_traj": 0.75,
    "brake_traj": 0.0,
    "plan": [
        [
            -0.09368712455034256,
            3.0316309928894043
        ],
        [
            0.1067352145910263,
            6.174858093261719
        ],
        [
            0.10042300075292587,
            9.5850191116333
        ],
        [
            0.11264754831790924,
            12.894231796264648
        ],
        [
            0.15067273378372192,
            16.163528442382812
        ],
        [
            0.19911843538284302,
            19.0488224029541
        ]
    ]
}