{
    "speed": 4.781798871070962,
    "steer": -0.013219273649156094,
    "throttle": 0.75,
    "brake": 0.0,
    "wp_4": [
        -0.004766471683979034,
        13.729499816894531
    ],
    "wp_3": [
        -0.01603088155388832,
        9.995580673217773
    ],
    "wp_2": [
        0.010661818087100983,
        6.315704345703125
    ],
    "wp_1": [
        -0.05332975089550018,
        2.9512481689453125
    ],
    "aim": [
        -0.05332975089550018,
        2.9512481689453125
    ],
    "target": [
        -0.9807375859071212,
        47.8100407975921
    ],
    "desired_speed": 7.37953290939331,
    "angle": -0.01150259762677211,
    "angle_last": -0.07240185441344903,
    "angle_target": -0.013057286201668029,
    "angle_final": -0.01150259762677211,
    "delta": 0.25,
    "agent": "only_traj",
    "steer_traj": -0.013219273979331933,
    "throttle_traj": 0.75,
    "brake_traj": 0.0,
    "plan": [
        [
            -0.05332975089550018,
            2.9512481689453125
        ],
        [
            0.010661818087100983,
            6.315704345703125
        ],
        [
            -0.01603088155388832,
            9.995580673217773
        ],
        [
            -0.004766471683979034,
            13.729499816894531
        ],
        [
            0.5789918899536133,
            17.652950286865234
        ],
        [
            0.15873722732067108,
            21.332244873046875
        ]
    ]
}