{
    "speed": 4.7841779787104475,
    "steer": 0.00037899805465713143,
    "throttle": 0.75,
    "brake": 0.0,
    "wp_4": [
        0.1722615659236908,
        15.266839981079102
    ],
    "wp_3": [
        0.7608267664909363,
        11.30050277709961
    ],
    "wp_2": [
        0.1305442601442337,
        7.405018329620361
    ],
    "wp_1": [
        0.021663451567292213,
        3.6292648315429688
    ],
    "aim": [
        0.021663451567292213,
        3.6292648315429688
    ],
    "target": [
        -0.9033413363828124,
        45.53812867771838
    ],
    "desired_speed": 7.631634902954102,
    "angle": 0.0037999858626967913,
    "angle_last": 0.01284657141837868,
    "angle_target": -0.012626990984414952,
    "angle_final": 0.0037999858626967913,
    "delta": 0.25,
    "agent": "only_traj",
    "steer_traj": 0.0003789980551559779,
    "throttle_traj": 0.75,
    "brake_traj": 0.0,
    "plan": [
        [
            0.021663451567292213,
            3.6292648315429688
        ],
        [
            0.1305442601442337,
            7.405018329620361
        ],
        [
            0.7608267664909363,
            11.30050277709961
        ],
        [
            0.1722615659236908,
            15.266839981079102
        ],
        [
            0.15843108296394348,
            19.02862548828125
        ],
        [
            0.23074987530708313,
            22.611936569213867
        ]
    ]
}