{
    "speed": 4.78597433197999,
    "steer": -0.008444621227681637,
    "throttle": 0.75,
    "brake": 0.0,
    "wp_4": [
        -0.12718765437602997,
        14.93868637084961
    ],
    "wp_3": [
        -0.050197526812553406,
        11.065642356872559
    ],
    "wp_2": [
        0.517158031463623,
        7.3006391525268555
    ],
    "wp_1": [
        -1.228594422340393,
        3.7892754077911377
    ],
    "aim": [
        -1.228594422340393,
        3.7892754077911377
    ],
    "target": [
        -0.47093112647994495,
        43.08842325700733
    ],
    "desired_speed": 7.64566469192505,
    "angle": -0.1996024404923567,
    "angle_last": -0.004340840718050629,
    "angle_target": -0.006957602700031239,
    "angle_final": -0.006957602700031239,
    "delta": 0.25,
    "agent": "only_traj",
    "steer_traj": -0.008444621502030033,
    "throttle_traj": 0.75,
    "brake_traj": 0.0,
    "plan": [
        [
            -1.228594422340393,
            3.7892754077911377
        ],
        [
            0.517158031463623,
            7.3006391525268555
        ],
        [
            -0.050197526812553406,
            11.065642356872559
        ],
        [
            -0.12718765437602997,
            14.93868637084961
        ],
        [
            -0.23755395412445068,
            18.787702560424805
        ],
        [
            -0.26251575350761414,
            22.448467254638672
        ]
    ]
}