{
    "speed": 5.1331089996393375,
    "steer": -0.008919604122638702,
    "throttle": 0.0,
    "brake": 0.0,
    "wp_4": [
        -0.09126758575439453,
        15.071866035461426
    ],
    "wp_3": [
        -0.055562134832143784,
        11.144359588623047
    ],
    "wp_2": [
        -0.021102681756019592,
        7.305225372314453
    ],
    "wp_1": [
        -0.9817783832550049,
        3.625617265701294
    ],
    "aim": [
        -0.9817783832550049,
        3.625617265701294
    ],
    "target": [
        -0.5560437358121006,
        39.48543630419898
    ],
    "desired_speed": 7.26315450668335,
    "angle": -0.16835235187378814,
    "angle_last": 0.00851281639000559,
    "angle_target": -0.008964445442422706,
    "angle_final": -0.008964445442422706,
    "delta": 0.25,
    "agent": "only_traj",
    "steer_traj": -0.008919604060747441,
    "throttle_traj": 0.0,
    "brake_traj": 0.0,
    "plan": [
        [
            -0.9817783832550049,
            3.625617265701294
        ],
        [
            -0.021102681756019592,
            7.305225372314453
        ],
        [
            -0.055562134832143784,
            11.144359588623047
        ],
        [
            -0.09126758575439453,
            15.071866035461426
        ],
        [
            -0.143272265791893,
            19.101694107055664
        ],
        [
            -0.10907046496868134,
            21.659282684326172
        ]
    ]
}