{
    "speed": 4.799519277182768,
    "steer": -0.002298458479344845,
    "throttle": 0.75,
    "brake": 0.0,
    "wp_4": [
        0.06604129821062088,
        14.348309516906738
    ],
    "wp_3": [
        0.05536816641688347,
        10.590825080871582
    ],
    "wp_2": [
        0.03581077605485916,
        6.916302680969238
    ],
    "wp_1": [
        -0.00035015566390939057,
        3.272355794906616
    ],
    "aim": [
        -0.00035015566390939057,
        3.272355794906616
    ],
    "target": [
        0.43700703735244617,
        35.98931105476576
    ],
    "desired_speed": 7.506521606445313,
    "angle": -6.810204626298558e-05,
    "angle_last": 0.013978181981868239,
    "angle_target": 0.007729896468715568,
    "angle_final": -6.810204626298558e-05,
    "delta": 0.25,
    "agent": "only_traj",
    "steer_traj": -0.002298458428314776,
    "throttle_traj": 0.75,
    "brake_traj": 0.0,
    "plan": [
        [
            -0.00035015566390939057,
            3.272355794906616
        ],
        [
            0.03581077605485916,
            6.916302680969238
        ],
        [
            0.05536816641688347,
            10.590825080871582
        ],
        [
            0.06604129821062088,
            14.348309516906738
        ],
        [
            0.08278205245733261,
            18.217679977416992
        ],
        [
            0.16666577756404877,
            22.037456512451172
        ]
    ]
}