{
    "speed": 4.943939125655229,
    "steer": 0.0010964389657601714,
    "throttle": 0.75,
    "brake": 0.0,
    "wp_4": [
        0.1772741675376892,
        14.827290534973145
    ],
    "wp_3": [
        0.13149872422218323,
        11.00776481628418
    ],
    "wp_2": [
        0.0681014358997345,
        7.257358551025391
    ],
    "wp_1": [
        0.024581441655755043,
        3.510180950164795
    ],
    "aim": [
        0.024581441655755043,
        3.510180950164795
    ],
    "target": [
        0.08401327958219379,
        32.62961136305823
    ],
    "desired_speed": 7.585318470001221,
    "angle": 0.0044581125347229085,
    "angle_last": 0.020602023547955824,
    "angle_target": 0.0016391367993734886,
    "angle_final": 0.0016391367993734886,
    "delta": 0.25,
    "agent": "only_traj",
    "steer_traj": 0.0010964389965234058,
    "throttle_traj": 0.75,
    "brake_traj": 0.0,
    "plan": [
        [
            0.024581441655755043,
            3.510180950164795
        ],
        [
            0.0681014358997345,
            7.257358551025391
        ],
        [
            0.13149872422218323,
            11.00776481628418
        ],
        [
            0.1772741675376892,
            14.827290534973145
        ],
        [
            0.2532864212989807,
            18.671119689941406
        ],
        [
            0.3762564957141876,
            22.46967315673828
        ]
    ]
}