{
    "speed": 4.897330395595012,
    "steer": 0.004653804004192352,
    "throttle": 0.75,
    "brake": 0.0,
    "wp_4": [
        0.114175945520401,
        14.718338966369629
    ],
    "wp_3": [
        0.09423622488975525,
        10.862495422363281
    ],
    "wp_2": [
        0.05203033983707428,
        7.084311008453369
    ],
    "wp_1": [
        0.0208818931132555,
        3.3719100952148438
    ],
    "aim": [
        0.0208818931132555,
        3.3719100952148438
    ],
    "target": [
        -0.9118743706141481,
        30.43986246411365
    ],
    "desired_speed": 7.6248135566711435,
    "angle": 0.003942433252386946,
    "angle_last": 0.018262759648217233,
    "angle_target": -0.019065253559497383,
    "angle_final": 0.003942433252386946,
    "delta": 0.25,
    "agent": "only_traj",
    "steer_traj": 0.004653803994174343,
    "throttle_traj": 0.75,
    "brake_traj": 0.0,
    "plan": [
        [
            0.0208818931132555,
            3.3719100952148438
        ],
        [
            0.05203033983707428,
            7.084311008453369
        ],
        [
            0.09423622488975525,
            10.862495422363281
        ],
        [
            0.114175945520401,
            14.718338966369629
        ],
        [
            0.1641865223646164,
            18.62479019165039
        ],
        [
            0.27342405915260315,
            22.431638717651367
        ]
    ]
}