{
    "speed": 5.242187105168753,
    "steer": 0.004273117054253817,
    "throttle": 0.0,
    "brake": 0.0,
    "wp_4": [
        -0.11089235544204712,
        14.260115623474121
    ],
    "wp_3": [
        -0.2663777768611908,
        10.4141263961792
    ],
    "wp_2": [
        0.03906898573040962,
        6.926453590393066
    ],
    "wp_1": [
        0.017131520435214043,
        3.331897258758545
    ],
    "aim": [
        0.017131520435214043,
        3.331897258758545
    ],
    "target": [
        -0.23359158404842573,
        28.91806669852703
    ],
    "desired_speed": 7.170661258697509,
    "angle": 0.0032732264957072523,
    "angle_last": -0.032641957216970795,
    "angle_target": -0.005142314261674076,
    "angle_final": 0.0032732264957072523,
    "delta": 0.25,
    "agent": "only_traj",
    "steer_traj": 0.004273116890394737,
    "throttle_traj": 0.0,
    "brake_traj": 0.0,
    "plan": [
        [
            0.017131520435214043,
            3.331897258758545
        ],
        [
            0.03906898573040962,
            6.926453590393066
        ],
        [
            -0.2663777768611908,
            10.4141263961792
        ],
        [
            -0.11089235544204712,
            14.260115623474121
        ],
        [
            0.5010191202163696,
            17.62808609008789
        ],
        [
            0.31862717866897583,
            21.182178497314453
        ]
    ]
}