{
    "speed": 5.0202793325379735,
    "steer": 0.006813901010900736,
    "throttle": 0.0,
    "brake": 0.0,
    "wp_4": [
        0.5904065370559692,
        12.551459312438965
    ],
    "wp_3": [
        0.6031004190444946,
        9.176701545715332
    ],
    "wp_2": [
        0.07096947729587555,
        6.093567371368408
    ],
    "wp_1": [
        0.029672304168343544,
        2.936068296432495
    ],
    "aim": [
        0.029672304168343544,
        2.936068296432495
    ],
    "target": [
        -0.3047690287401412,
        26.529992609350607
    ],
    "desired_speed": 6.379555225372315,
    "angle": 0.006433555024672153,
    "angle_last": 0.014689052892485009,
    "angle_target": -0.0073129856596643285,
    "angle_final": 0.006433555024672153,
    "delta": 0.25,
    "agent": "only_traj",
    "steer_traj": 0.0068139011263474575,
    "throttle_traj": 0.0,
    "brake_traj": 0.0,
    "plan": [
        [
            0.029672304168343544,
            2.936068296432495
        ],
        [
            0.07096947729587555,
            6.093567371368408
        ],
        [
            0.6031004190444946,
            9.176701545715332
        ],
        [
            0.5904065370559692,
            12.551459312438965
        ],
        [
            0.09422597289085388,
            15.699553489685059
        ],
        [
            0.16576296091079712,
            18.79939079284668
        ]
    ]
}