{
    "speed": 4.965432931207989,
    "steer": 0.0042075165547430515,
    "throttle": 0.75,
    "brake": 0.0,
    "wp_4": [
        0.09919153153896332,
        11.42246150970459
    ],
    "wp_3": [
        0.033296577632427216,
        8.733159065246582
    ],
    "wp_2": [
        0.26865169405937195,
        5.962778091430664
    ],
    "wp_1": [
        0.016537824645638466,
        2.861176013946533
    ],
    "aim": [
        0.016537824645638466,
        2.861176013946533
    ],
    "target": [
        -0.1539239583156568,
        22.891999027256148
    ],
    "desired_speed": 5.527673625946045,
    "angle": 0.003679698642313789,
    "angle_last": 0.011698113054936427,
    "angle_target": -0.004280515583964821,
    "angle_final": 0.003679698642313789,
    "delta": 0.25,
    "agent": "only_traj",
    "steer_traj": 0.0042075164217168,
    "throttle_traj": 0.75,
    "brake_traj": 0.0,
    "plan": [
        [
            0.016537824645638466,
            2.861176013946533
        ],
        [
            0.26865169405937195,
            5.962778091430664
        ],
        [
            0.033296577632427216,
            8.733159065246582
        ],
        [
            0.09919153153896332,
            11.42246150970459
        ],
        [
            0.09303420782089233,
            14.122871398925781
        ],
        [
            0.13963991403579712,
            16.65890884399414
        ]
    ]
}