{
    "speed": 4.544325593731048,
    "steer": -0.00017362421203870326,
    "throttle": 0.75,
    "brake": 0.0,
    "wp_4": [
        0.09166359901428223,
        13.694974899291992
    ],
    "wp_3": [
        0.06673140823841095,
        10.623931884765625
    ],
    "wp_2": [
        0.034685470163822174,
        6.960394859313965
    ],
    "wp_1": [
        0.00044798338785767555,
        3.363659143447876
    ],
    "aim": [
        0.00044798338785767555,
        3.363659143447876
    ],
    "target": [
        -0.8451573644896405,
        16.20884403424125
    ],
    "desired_speed": 5.6143138885498045,
    "angle": 8.481830015452211e-05,
    "angle_last": 0.026898395488836692,
    "angle_target": -0.03316443032164984,
    "angle_final": 8.481830015452211e-05,
    "delta": 0.25,
    "agent": "only_traj",
    "steer_traj": -0.0001736242096908023,
    "throttle_traj": 0.75,
    "brake_traj": 0.0,
    "plan": [
        [
            0.00044798338785767555,
            3.363659143447876
        ],
        [
            0.034685470163822174,
            6.960394859313965
        ],
        [
            0.06673140823841095,
            10.623931884765625
        ],
        [
            0.09166359901428223,
            13.694974899291992
        ],
        [
            0.1391363888978958,
            15.936505317687988
        ],
        [
            0.2008916735649109,
            17.397232055664062
        ]
    ]
}