{
    "speed": 3.0227198239352524,
    "steer": 0.0002399343065917492,
    "throttle": 0.0,
    "brake": 0.0,
    "wp_4": [
        -0.077561154961586,
        7.841135501861572
    ],
    "wp_3": [
        -0.03649241849780083,
        6.465539932250977
    ],
    "wp_2": [
        -0.009285181760787964,
        4.498797416687012
    ],
    "wp_1": [
        0.01463390700519085,
        2.2757065296173096
    ],
    "aim": [
        0.01463390700519085,
        2.2757065296173096
    ],
    "target": [
        -0.21805010216742918,
        11.886565547318515
    ],
    "desired_speed": 2.946619606018067,
    "angle": 0.004093683997007339,
    "angle_last": -0.03280284611741999,
    "angle_target": -0.01167700106915461,
    "angle_final": 0.004093683997007339,
    "delta": 0.0,
    "agent": "only_traj",
    "steer_traj": 0.0002399342995853379,
    "throttle_traj": 0.0,
    "brake_traj": 0.0,
    "plan": [
        [
            0.01463390700519085,
            2.2757065296173096
        ],
        [
            -0.009285181760787964,
            4.498797416687012
        ],
        [
            -0.03649241849780083,
            6.465539932250977
        ],
        [
            -0.077561154961586,
            7.841135501861572
        ],
        [
            -0.09659726172685623,
            8.836555480957031
        ],
        [
            -0.13803665339946747,
            9.64007568359375
        ]
    ]
}