{
    "speed": 0.42149654424720184,
    "steer": -0.019468924030661583,
    "throttle": 0.75,
    "brake": 0.0,
    "wp_4": [
        -0.07401057332754135,
        2.8865489959716797
    ],
    "wp_3": [
        0.0028484242502599955,
        1.550514578819275
    ],
    "wp_2": [
        0.016388606280088425,
        0.6027147769927979
    ],
    "wp_1": [
        0.011513998731970787,
        0.18484796583652496
    ],
    "aim": [
        -0.07401057332754135,
        2.8865489959716797
    ],
    "target": [
        -0.764844686338432,
        11.432799257571206
    ],
    "desired_speed": 2.485500907897949,
    "angle": -0.016319247029465102,
    "angle_last": 0.00588865771088669,
    "angle_target": -0.042525963019780705,
    "angle_final": -0.016319247029465102,
    "delta": 0.25,
    "agent": "only_traj",
    "steer_traj": -0.019468924092395534,
    "throttle_traj": 0.75,
    "brake_traj": 0.0,
    "plan": [
        [
            0.011513998731970787,
            0.18484796583652496
        ],
        [
            0.016388606280088425,
            0.6027147769927979
        ],
        [
            0.0028484242502599955,
            1.550514578819275
        ],
        [
            -0.07401057332754135,
            2.8865489959716797
        ],
        [
            -0.13353204727172852,
            4.460275173187256
        ],
        [
            -0.11563500016927719,
            6.3950581550598145
        ]
    ]
}