{
    "speed": 1.1761971163261604,
    "steer": -0.005014799535274506,
    "throttle": 0.75,
    "brake": 0.0,
    "wp_4": [
        -0.04142662510275841,
        4.242764949798584
    ],
    "wp_3": [
        -0.014768503606319427,
        3.215888023376465
    ],
    "wp_2": [
        0.088666170835495,
        2.0753092765808105
    ],
    "wp_1": [
        -0.04091877117753029,
        1.0470465421676636
    ],
    "aim": [
        -0.014768503606319427,
        3.215888023376465
    ],
    "target": [
        -0.8559988949927309,
        10.741516240814017
    ],
    "desired_speed": 2.302198791503906,
    "angle": -0.002923576465272983,
    "angle_last": 0.011077324750373043,
    "angle_target": -0.050625685080813665,
    "angle_final": -0.002923576465272983,
    "delta": 0.25,
    "agent": "only_traj",
    "steer_traj": -0.005014799508230312,
    "throttle_traj": 0.75,
    "brake_traj": 0.0,
    "plan": [
        [
            -0.04091877117753029,
            1.0470465421676636
        ],
        [
            0.088666170835495,
            2.0753092765808105
        ],
        [
            -0.014768503606319427,
            3.215888023376465
        ],
        [
            -0.04142662510275841,
            4.242764949798584
        ],
        [
            -0.0937807708978653,
            5.445785045623779
        ],
        [
            -0.07042280584573746,
            6.788042068481445
        ]
    ]
}