{
    "speed": 2.7249288900438575,
    "steer": -0.003272910602390766,
    "throttle": 0.75,
    "brake": 0.0,
    "wp_4": [
        0.08972558379173279,
        9.795138359069824
    ],
    "wp_3": [
        0.050603482872247696,
        7.441298961639404
    ],
    "wp_2": [
        0.02444453537464142,
        4.744022846221924
    ],
    "wp_1": [
        -0.006425959523767233,
        2.2184395790100098
    ],
    "aim": [
        -0.006425959523767233,
        2.2184395790100098
    ],
    "target": [
        -0.6934362821269583,
        10.092245381761623
    ],
    "desired_speed": 4.544349193572999,
    "angle": -0.0018440271214570788,
    "angle_last": -0.006648306292653269,
    "angle_target": -0.04367338323686254,
    "angle_final": -0.0018440271214570788,
    "delta": 0.25,
    "agent": "only_traj",
    "steer_traj": -0.0032729105937627312,
    "throttle_traj": 0.75,
    "brake_traj": 0.0,
    "plan": [
        [
            -0.006425959523767233,
            2.2184395790100098
        ],
        [
            0.02444453537464142,
            4.744022846221924
        ],
        [
            0.050603482872247696,
            7.441298961639404
        ],
        [
            0.08972558379173279,
            9.795138359069824
        ],
        [
            0.17922738194465637,
            11.967653274536133
        ],
        [
            0.16242271661758423,
            13.576741218566895
        ]
    ]
}