{
    "speed": 4.706726096493479,
    "steer": -0.0007829416426829994,
    "throttle": 0.75,
    "brake": 0.0,
    "wp_4": [
        0.028669342398643494,
        12.409086227416992
    ],
    "wp_3": [
        -8.742325007915497e-06,
        9.712615013122559
    ],
    "wp_2": [
        0.01086282730102539,
        6.591215133666992
    ],
    "wp_1": [
        -0.004592312034219503,
        3.27211856842041
    ],
    "aim": [
        -0.004592312034219503,
        3.27211856842041
    ],
    "target": [
        -0.22469663966768272,
        7.177774708527092
    ],
    "desired_speed": 5.321680116653443,
    "angle": -0.0008934165709728597,
    "angle_last": -0.010713027758718636,
    "angle_target": -0.0199225567457553,
    "angle_final": -0.0008934165709728597,
    "delta": 0.25,
    "agent": "only_traj",
    "steer_traj": -0.0007829416242963545,
    "throttle_traj": 0.75,
    "brake_traj": 0.0,
    "plan": [
        [
            -0.004592312034219503,
            3.27211856842041
        ],
        [
            0.01086282730102539,
            6.591215133666992
        ],
        [
            -8.742325007915497e-06,
            9.712615013122559
        ],
        [
            0.028669342398643494,
            12.409086227416992
        ],
        [
            0.047061577439308167,
            14.719928741455078
        ],
        [
            0.015828421339392662,
            16.575775146484375
        ]
    ]
}