{
    "speed": 4.880896350381919,
    "steer": 0.004962204024195671,
    "throttle": 0.75,
    "brake": 0.0,
    "wp_4": [
        0.05583127588033676,
        14.229065895080566
    ],
    "wp_3": [
        0.06156319007277489,
        10.60464859008789
    ],
    "wp_2": [
        0.04461158066987991,
        6.868551254272461
    ],
    "wp_1": [
        0.0007555135525763035,
        3.2885847091674805
    ],
    "aim": [
        0.0007555135525763035,
        3.2885847091674805
    ],
    "target": [
        0.284450418552042,
        3.325431469295707
    ],
    "desired_speed": 6.874632167816161,
    "angle": 0.00014629000268463687,
    "angle_last": 0.01596166891683994,
    "angle_target": 0.054322886141777646,
    "angle_final": 0.00014629000268463687,
    "delta": 0.25,
    "agent": "only_traj",
    "steer_traj": 0.004962204119406447,
    "throttle_traj": 0.75,
    "brake_traj": 0.0,
    "plan": [
        [
            0.0007555135525763035,
            3.2885847091674805
        ],
        [
            0.04461158066987991,
            6.868551254272461
        ],
        [
            0.06156319007277489,
            10.60464859008789
        ],
        [
            0.05583127588033676,
            14.229065895080566
        ],
        [
            0.07482362538576126,
            17.557628631591797
        ],
        [
            0.14795665442943573,
            20.4738826751709
        ]
    ]
}