{
    "speed": 1.5607116223750344,
    "steer": -0.0024867458269000053,
    "throttle": 0.75,
    "brake": 0.0,
    "wp_4": [
        -0.06483396887779236,
        10.249549865722656
    ],
    "wp_3": [
        -0.03070288524031639,
        6.681349754333496
    ],
    "wp_2": [
        -0.01527326088398695,
        3.606034278869629
    ],
    "wp_1": [
        -0.005207558162510395,
        1.2927733659744263
    ],
    "aim": [
        -0.01527326088398695,
        3.606034278869629
    ],
    "target": [
        -0.45012716197556113,
        54.03309866981597
    ],
    "desired_speed": 6.731192588806152,
    "angle": -0.0026963588388838923,
    "angle_last": -0.010442704049567687,
    "angle_target": -0.005303290571393023,
    "angle_final": -0.0026963588388838923,
    "delta": 0.25,
    "agent": "only_traj",
    "steer_traj": -0.002486745894877993,
    "throttle_traj": 0.75,
    "brake_traj": 0.0,
    "plan": [
        [
            -0.005207558162510395,
            1.2927733659744263
        ],
        [
            -0.01527326088398695,
            3.606034278869629
        ],
        [
            -0.03070288524031639,
            6.681349754333496
        ],
        [
            -0.06483396887779236,
            10.249549865722656
        ],
        [
            -0.10218842327594757,
            14.150930404663086
        ],
        [
            -0.16729743778705597,
            18.11981773376465
        ]
    ],
    "command": 3,
    "all_plan": [
        [
            [
                0.04350518435239792,
                2.0792720317840576
            ],
            [
                -0.05719581991434097,
                4.758495330810547
            ],
            [
                -0.13549762964248657,
                7.746936798095703
            ],
            [
                -0.3914100229740143,
                10.588998794555664
            ],
            [
                -0.6238264441490173,
                12.956616401672363
            ],
            [
                -0.8417350053787231,
                15.00732707977295
            ]
        ],
        [
            [
                0.08730139583349228,
                2.2291276454925537
            ],
            [
                0.06017933413386345,
                5.316138744354248
            ],
            [
                0.2528015971183777,
                7.767890930175781
            ],
            [
                0.7977208495140076,
                9.929328918457031
            ],
            [
                1.5818290710449219,
                11.848284721374512
            ],
            [
                2.554194927215576,
                13.545451164245605
            ]
        ],
        [
            [
                -0.03391043841838837,
                1.5288112163543701
            ],
            [
                -0.06579295545816422,
                3.9246530532836914
            ],
            [
                -0.08912865817546844,
                7.090669631958008
            ],
            [
                -0.09288981556892395,
                10.973108291625977
            ],
            [
                -0.08689215034246445,
                15.515216827392578
            ],
            [
                -0.13096921145915985,
                20.338741302490234
            ]
        ],
        [
            [
                -0.005207558162510395,
                1.2927733659744263
            ],
            [
                -0.01527326088398695,
                3.606034278869629
            ],
            [
                -0.03070288524031639,
                6.681349754333496
            ],
            [
                -0.06483396887779236,
                10.249549865722656
            ],
            [
                -0.10218842327594757,
                14.150930404663086
            ],
            [
                -0.16729743778705597,
                18.11981773376465
            ]
        ],
        [
            [
                0.08507196605205536,
                0.8906542062759399
            ],
            [
                0.08593165129423141,
                2.4090089797973633
            ],
            [
                0.042113691568374634,
                4.3680572509765625
            ],
            [
                0.02305181697010994,
                7.0006937980651855
            ],
            [
                -0.02554938569664955,
                10.177888870239258
            ],
            [
                0.011254195123910904,
                13.923373222351074
            ]
        ],
        [
            [
                0.10658081620931625,
                1.0880924463272095
            ],
            [
                0.16498298943042755,
                2.872074842453003
            ],
            [
                0.25090670585632324,
                5.232724189758301
            ],
            [
                0.20705583691596985,
                8.232922554016113
            ],
            [
                0.04895961284637451,
                11.836566925048828
            ],
            [
                -0.20980435609817505,
                15.960687637329102
            ]
        ]
    ]
}