{
    "speed": 3.0974582371064763,
    "steer": -0.0013918133918195963,
    "throttle": 0.75,
    "brake": 0.0,
    "wp_4": [
        0.0033202413469552994,
        12.208517074584961
    ],
    "wp_3": [
        0.005133119411766529,
        8.489779472351074
    ],
    "wp_2": [
        0.0006507979705929756,
        5.044936656951904
    ],
    "wp_1": [
        -0.0024911509826779366,
        2.0969016551971436
    ],
    "aim": [
        -0.0024911509826779366,
        2.0969016551971436
    ],
    "target": [
        -1.1543140290836424,
        51.77000003287334
    ],
    "desired_speed": 7.212432765960694,
    "angle": -0.0007562815506371592,
    "angle_last": -0.0006608865752293144,
    "angle_target": -0.014192339013056452,
    "angle_final": -0.0007562815506371592,
    "delta": 0.25,
    "agent": "only_traj",
    "steer_traj": -0.0013918134473886365,
    "throttle_traj": 0.75,
    "brake_traj": 0.0,
    "plan": [
        [
            -0.0024911509826779366,
            2.0969016551971436
        ],
        [
            0.0006507979705929756,
            5.044936656951904
        ],
        [
            0.005133119411766529,
            8.489779472351074
        ],
        [
            0.0033202413469552994,
            12.208517074584961
        ],
        [
            -0.0067318398505449295,
            16.173412322998047
        ],
        [
            -0.010837405920028687,
            20.12796401977539
        ]
    ],
    "command": 3,
    "all_plan": [
        [
            [
                0.05649779736995697,
                2.6737544536590576
            ],
            [
                -0.029383808374404907,
                5.69938325881958
            ],
            [
                -0.13704200088977814,
                8.90108585357666
            ],
            [
                -0.41197043657302856,
                11.964344024658203
            ],
            [
                -0.7086451053619385,
                14.647550582885742
            ],
            [
                -1.046341896057129,
                17.02322769165039
            ]
        ],
        [
            [
                0.18505610525608063,
                2.5872652530670166
            ],
            [
                0.2695847153663635,
                5.766861438751221
            ],
            [
                0.7496103048324585,
                8.344361305236816
            ],
            [
                1.6854166984558105,
                10.635103225708008
            ],
            [
                2.8242862224578857,
                12.715019226074219
            ],
            [
                4.018972396850586,
                14.681355476379395
            ]
        ],
        [
            [
                0.0009455822873860598,
                2.3397481441497803
            ],
            [
                -0.002057670382782817,
                5.3235087394714355
            ],
            [
                -0.012009026482701302,
                8.839665412902832
            ],
            [
                0.01715167611837387,
                12.870901107788086
            ],
            [
                0.058528169989585876,
                17.309051513671875
            ],
            [
                0.07749739289283752,
                21.937705993652344
            ]
        ],
        [
            [
                -0.0024911509826779366,
                2.0969016551971436
            ],
            [
                0.0006507979705929756,
                5.044936656951904
            ],
            [
                0.005133119411766529,
                8.489779472351074
            ],
            [
                0.0033202413469552994,
                12.208517074584961
            ],
            [
                -0.0067318398505449295,
                16.173412322998047
            ],
            [
                -0.010837405920028687,
                20.12796401977539
            ]
        ],
        [
            [
                0.04038257151842117,
                1.5760384798049927
            ],
            [
                0.03135892003774643,
                3.8003764152526855
            ],
            [
                -0.0002728179097175598,
                6.41685676574707
            ],
            [
                -0.0035292766988277435,
                9.7198486328125
            ],
            [
                -0.033621396869421005,
                13.55510139465332
            ],
            [
                0.029464643448591232,
                17.79359245300293
            ]
        ],
        [
            [
                0.18218182027339935,
                1.9448392391204834
            ],
            [
                0.2689747214317322,
                4.267337322235107
            ],
            [
                0.43958738446235657,
                6.946264266967773
            ],
            [
                0.4572834074497223,
                10.13443374633789
            ],
            [
                0.38310471177101135,
                13.809914588928223
            ],
            [
                0.2563353180885315,
                17.869882583618164
            ]
        ]
    ]
}