{
    "speed": 7.967713428546555,
    "steer": -0.0009740081150084734,
    "throttle": 0.10864534974098206,
    "brake": 0.0,
    "wp_4": [
        -0.08636648207902908,
        15.624403953552246
    ],
    "wp_3": [
        -0.04555519297719002,
        11.62009048461914
    ],
    "wp_2": [
        -0.016590606421232224,
        7.762668609619141
    ],
    "wp_1": [
        -0.004774739034473896,
        3.899578809738159
    ],
    "aim": [
        -0.004774739034473896,
        3.899578809738159
    ],
    "target": [
        -1.1139577206379898,
        43.45632559027791
    ],
    "desired_speed": 7.428786468505859,
    "angle": -0.0007795041938152026,
    "angle_last": -0.009744962280355495,
    "angle_target": -0.01631551289294256,
    "angle_final": -0.0007795041938152026,
    "delta": 0.0,
    "agent": "only_traj",
    "steer_traj": -0.0009740080891771938,
    "throttle_traj": 0.10864535101211743,
    "brake_traj": 0.0,
    "plan": [
        [
            -0.004774739034473896,
            3.899578809738159
        ],
        [
            -0.016590606421232224,
            7.762668609619141
        ],
        [
            -0.04555519297719002,
            11.62009048461914
        ],
        [
            -0.08636648207902908,
            15.624403953552246
        ],
        [
            -0.13711310923099518,
            19.349533081054688
        ],
        [
            -0.18489067256450653,
            22.47049903869629
        ]
    ],
    "command": 3,
    "all_plan": [
        [
            [
                0.07060673832893372,
                3.9339497089385986
            ],
            [
                0.006025254726409912,
                7.596840858459473
            ],
            [
                -0.14571048319339752,
                11.026091575622559
            ],
            [
                -0.359151154756546,
                14.136061668395996
            ],
            [
                -0.6381742358207703,
                17.231130599975586
            ],
            [
                -0.9648923277854919,
                20.063880920410156
            ]
        ],
        [
            [
                0.5096284747123718,
                3.221219301223755
            ],
            [
                1.3268121480941772,
                5.9824981689453125
            ],
            [
                2.8858466148376465,
                8.113920211791992
            ],
            [
                5.163942337036133,
                10.206428527832031
            ],
            [
                7.45794677734375,
                12.224065780639648
            ],
            [
                9.51639461517334,
                14.336520195007324
            ]
        ],
        [
            [
                -0.03604291379451752,
                4.007793426513672
            ],
            [
                -0.11133541911840439,
                8.139060974121094
            ],
            [
                -0.14285659790039062,
                12.169929504394531
            ],
            [
                -0.16541458666324615,
                16.159439086914062
            ],
            [
                -0.1954963505268097,
                20.044879913330078
            ],
            [
                -0.272156298160553,
                23.950031280517578
            ]
        ],
        [
            [
                -0.004774739034473896,
                3.899578809738159
            ],
            [
                -0.016590606421232224,
                7.762668609619141
            ],
            [
                -0.04555519297719002,
                11.62009048461914
            ],
            [
                -0.08636648207902908,
                15.624403953552246
            ],
            [
                -0.13711310923099518,
                19.349533081054688
            ],
            [
                -0.18489067256450653,
                22.47049903869629
            ]
        ],
        [
            [
                -0.03893677890300751,
                3.1380867958068848
            ],
            [
                -0.188555046916008,
                6.592240333557129
            ],
            [
                -0.37448471784591675,
                10.341534614562988
            ],
            [
                -0.5884830951690674,
                14.719405174255371
            ],
            [
                -0.7587811946868896,
                19.63410758972168
            ],
            [
                -0.933230996131897,
                24.654735565185547
            ]
        ],
        [
            [
                0.29726821184158325,
                3.611884355545044
            ],
            [
                0.2920120060443878,
                7.02880334854126
            ],
            [
                0.4557674825191498,
                10.347557067871094
            ],
            [
                0.39804089069366455,
                13.820548057556152
            ],
            [
                0.2907153069972992,
                17.518138885498047
            ],
            [
                0.08149145543575287,
                21.30331802368164
            ]
        ]
    ]
}