{
    "speed": 6.0786020474499285,
    "steer": -0.001606280216947198,
    "throttle": 0.75,
    "brake": 0.0,
    "wp_4": [
        -0.10961256921291351,
        15.232481002807617
    ],
    "wp_3": [
        -0.045586246997117996,
        11.204879760742188
    ],
    "wp_2": [
        -0.014057646505534649,
        7.32411003112793
    ],
    "wp_1": [
        -0.0014112191274762154,
        3.5005548000335693
    ],
    "aim": [
        -0.0014112191274762154,
        3.5005548000335693
    ],
    "target": [
        -0.33306644269972496,
        33.621931229971686
    ],
    "desired_speed": 7.80418815612793,
    "angle": -0.00025661526735533754,
    "angle_last": -0.014041986069192072,
    "angle_target": -0.006306292935377535,
    "angle_final": -0.00025661526735533754,
    "delta": 0.25,
    "agent": "only_traj",
    "steer_traj": -0.0016062802529417611,
    "throttle_traj": 0.75,
    "brake_traj": 0.0,
    "plan": [
        [
            -0.0014112191274762154,
            3.5005548000335693
        ],
        [
            -0.014057646505534649,
            7.32411003112793
        ],
        [
            -0.045586246997117996,
            11.204879760742188
        ],
        [
            -0.10961256921291351,
            15.232481002807617
        ],
        [
            -0.19057580828666687,
            19.244457244873047
        ],
        [
            -0.27361610531806946,
            23.008634567260742
        ]
    ],
    "command": 3,
    "all_plan": [
        [
            [
                0.04752257466316223,
                3.703960418701172
            ],
            [
                -0.06323760747909546,
                7.282419204711914
            ],
            [
                -0.23880510032176971,
                10.808095932006836
            ],
            [
                -0.5522059202194214,
                14.147812843322754
            ],
            [
                -0.9460692405700684,
                17.438369750976562
            ],
            [
                -1.409482717514038,
                20.494386672973633
            ]
        ],
        [
            [
                0.4414973556995392,
                3.032226324081421
            ],
            [
                1.0003248453140259,
                5.945026397705078
            ],
            [
                2.27028751373291,
                8.364973068237305
            ],
            [
                4.195269584655762,
                10.665674209594727
            ],
            [
                6.070141792297363,
                12.941672325134277
            ],
            [
                7.753756046295166,
                15.245882034301758
            ]
        ],
        [
            [
                -0.013776496984064579,
                3.7385237216949463
            ],
            [
                -0.0696454867720604,
                7.710686683654785
            ],
            [
                -0.10056740045547485,
                11.684257507324219
            ],
            [
                -0.1361100673675537,
                15.721186637878418
            ],
            [
                -0.19013246893882751,
                19.771671295166016
            ],
            [
                -0.2601317763328552,
                23.828506469726562
            ]
        ],
        [
            [
                -0.0014112191274762154,
                3.5005548000335693
            ],
            [
                -0.014057646505534649,
                7.32411003112793
            ],
            [
                -0.045586246997117996,
                11.204879760742188
            ],
            [
                -0.10961256921291351,
                15.232481002807617
            ],
            [
                -0.19057580828666687,
                19.244457244873047
            ],
            [
                -0.27361610531806946,
                23.008634567260742
            ]
        ],
        [
            [
                -0.025446012616157532,
                2.9590487480163574
            ],
            [
                -0.15335887670516968,
                6.322276592254639
            ],
            [
                -0.31549960374832153,
                10.0504789352417
            ],
            [
                -0.4931110143661499,
                14.360845565795898
            ],
            [
                -0.691162109375,
                19.202857971191406
            ],
            [
                -0.8156116604804993,
                24.225433349609375
            ]
        ],
        [
            [
                0.3095247149467468,
                3.4695284366607666
            ],
            [
                0.3696001470088959,
                6.741888999938965
            ],
            [
                0.523040771484375,
                10.04170036315918
            ],
            [
                0.46113890409469604,
                13.571172714233398
            ],
            [
                0.3267284631729126,
                17.342134475708008
            ],
            [
                0.17989157140254974,
                21.239240646362305
            ]
        ]
    ]
}