{
    "speed": 7.876947664591842,
    "steer": -0.002332388423383236,
    "throttle": 0.10804048180580139,
    "brake": 0.0,
    "wp_4": [
        -0.1061091274023056,
        14.98466682434082
    ],
    "wp_3": [
        -0.054114263504743576,
        10.975753784179688
    ],
    "wp_2": [
        -0.02321750298142433,
        7.173937797546387
    ],
    "wp_1": [
        -0.007504795677959919,
        3.4292004108428955
    ],
    "aim": [
        -0.007504795677959919,
        3.4292004108428955
    ],
    "target": [
        -1.0041401173564273,
        31.28649401975364
    ],
    "desired_speed": 7.522270202636719,
    "angle": -0.0013932346362362372,
    "angle_last": -0.01200666558751905,
    "angle_target": -0.02042530209292775,
    "angle_final": -0.0013932346362362372,
    "delta": 0.0,
    "agent": "only_traj",
    "steer_traj": -0.00233238848688506,
    "throttle_traj": 0.10804048344689376,
    "brake_traj": 0.0,
    "plan": [
        [
            -0.007504795677959919,
            3.4292004108428955
        ],
        [
            -0.02321750298142433,
            7.173937797546387
        ],
        [
            -0.054114263504743576,
            10.975753784179688
        ],
        [
            -0.1061091274023056,
            14.98466682434082
        ],
        [
            -0.17307494580745697,
            18.872604370117188
        ],
        [
            -0.23646360635757446,
            22.233205795288086
        ]
    ],
    "command": 3,
    "all_plan": [
        [
            [
                0.06416875869035721,
                3.695080280303955
            ],
            [
                -0.014459557831287384,
                7.251845359802246
            ],
            [
                -0.17855781316757202,
                10.68770980834961
            ],
            [
                -0.47129589319229126,
                13.828498840332031
            ],
            [
                -0.778317391872406,
                16.810598373413086
            ],
            [
                -1.1427332162857056,
                19.525259017944336
            ]
        ],
        [
            [
                0.4091606140136719,
                3.09834361076355
            ],
            [
                1.0071580410003662,
                6.001080513000488
            ],
            [
                2.297423839569092,
                8.251590728759766
            ],
            [
                4.302591323852539,
                10.328872680664062
            ],
            [
                6.3814697265625,
                12.296815872192383
            ],
            [
                8.356088638305664,
                14.244730949401855
            ]
        ],
        [
            [
                -0.035505831241607666,
                3.6208224296569824
            ],
            [
                -0.09814075380563736,
                7.558642387390137
            ],
            [
                -0.12205477058887482,
                11.554882049560547
            ],
            [
                -0.13626694679260254,
                15.638086318969727
            ],
            [
                -0.1595958024263382,
                19.725692749023438
            ],
            [
                -0.23646485805511475,
                23.82313346862793
            ]
        ],
        [
            [
                -0.007504795677959919,
                3.4292004108428955
            ],
            [
                -0.02321750298142433,
                7.173937797546387
            ],
            [
                -0.054114263504743576,
                10.975753784179688
            ],
            [
                -0.1061091274023056,
                14.98466682434082
            ],
            [
                -0.17307494580745697,
                18.872604370117188
            ],
            [
                -0.23646360635757446,
                22.233205795288086
            ]
        ],
        [
            [
                -0.03343619406223297,
                2.7534892559051514
            ],
            [
                -0.14720626175403595,
                5.907108306884766
            ],
            [
                -0.27423331141471863,
                9.43736457824707
            ],
            [
                -0.45347297191619873,
                13.579551696777344
            ],
            [
                -0.6114234924316406,
                18.290712356567383
            ],
            [
                -0.7214353084564209,
                23.17542839050293
            ]
        ],
        [
            [
                0.24079157412052155,
                3.210937738418579
            ],
            [
                0.27444738149642944,
                6.330029487609863
            ],
            [
                0.43959754705429077,
                9.5255765914917
            ],
            [
                0.36528539657592773,
                12.992765426635742
            ],
            [
                0.22633764147758484,
                16.73438262939453
            ],
            [
                0.02167665958404541,
                20.615577697753906
            ]
        ]
    ]
}