{
    "speed": 6.791242011886781,
    "steer": -0.00287930597551167,
    "throttle": 0.75,
    "brake": 0.0,
    "wp_4": [
        -0.056919291615486145,
        14.746682167053223
    ],
    "wp_3": [
        -0.03537994250655174,
        10.820191383361816
    ],
    "wp_2": [
        -0.01923273876309395,
        7.079292297363281
    ],
    "wp_1": [
        -0.008670170791447163,
        3.3915140628814697
    ],
    "aim": [
        -0.008670170791447163,
        3.3915140628814697
    ],
    "target": [
        -0.1408558744545827,
        27.512447980865147
    ],
    "desired_speed": 7.3182854652404785,
    "angle": -0.0016274342337768968,
    "angle_last": -0.00465669902166833,
    "angle_target": -0.0032592829010101815,
    "angle_final": -0.0016274342337768968,
    "delta": 0.25,
    "agent": "only_traj",
    "steer_traj": -0.002879305923981291,
    "throttle_traj": 0.75,
    "brake_traj": 0.0,
    "plan": [
        [
            -0.008670170791447163,
            3.3915140628814697
        ],
        [
            -0.01923273876309395,
            7.079292297363281
        ],
        [
            -0.03537994250655174,
            10.820191383361816
        ],
        [
            -0.056919291615486145,
            14.746682167053223
        ],
        [
            -0.08471904695034027,
            18.518753051757812
        ],
        [
            -0.1078939437866211,
            21.686931610107422
        ]
    ],
    "command": 3,
    "all_plan": [
        [
            [
                0.0748058333992958,
                3.645901679992676
            ],
            [
                0.025073446333408356,
                7.172408103942871
            ],
            [
                -0.1019330844283104,
                10.54420280456543
            ],
            [
                -0.35587549209594727,
                13.58279800415039
            ],
            [
                -0.6024017333984375,
                16.401140213012695
            ],
            [
                -0.8994800448417664,
                18.92713737487793
            ]
        ],
        [
            [
                0.36689043045043945,
                3.1506259441375732
            ],
            [
                0.9226338267326355,
                6.134705543518066
            ],
            [
                2.1511011123657227,
                8.39946174621582
            ],
            [
                4.116657733917236,
                10.42778491973877
            ],
            [
                6.237784385681152,
                12.269091606140137
            ],
            [
                8.299090385437012,
                14.07421588897705
            ]
        ],
        [
            [
                -0.02804461121559143,
                3.5313820838928223
            ],
            [
                -0.0698450431227684,
                7.402979373931885
            ],
            [
                -0.08227323740720749,
                11.389239311218262
            ],
            [
                -0.06255552172660828,
                15.520561218261719
            ],
            [
                -0.045711010694503784,
                19.658523559570312
            ],
            [
                -0.08263669908046722,
                23.831279754638672
            ]
        ],
        [
            [
                -0.008670170791447163,
                3.3915140628814697
            ],
            [
                -0.01923273876309395,
                7.079292297363281
            ],
            [
                -0.03537994250655174,
                10.820191383361816
            ],
            [
                -0.056919291615486145,
                14.746682167053223
            ],
            [
                -0.08471904695034027,
                18.518753051757812
            ],
            [
                -0.1078939437866211,
                21.686931610107422
            ]
        ],
        [
            [
                -0.03227047622203827,
                2.566596508026123
            ],
            [
                -0.12885832786560059,
                5.583418846130371
            ],
            [
                -0.21035033464431763,
                8.958657264709473
            ],
            [
                -0.35481715202331543,
                13.003213882446289
            ],
            [
                -0.46060559153556824,
                17.633541107177734
            ],
            [
                -0.5197687149047852,
                22.43018913269043
            ]
        ],
        [
            [
                0.22153858840465546,
                3.03674578666687
            ],
            [
                0.2599691152572632,
                6.056682586669922
            ],
            [
                0.44428786635398865,
                9.158717155456543
            ],
            [
                0.40490877628326416,
                12.584148406982422
            ],
            [
                0.3077142834663391,
                16.286563873291016
            ],
            [
                0.13682396709918976,
                20.155385971069336
            ]
        ]
    ]
}