{
    "speed": 7.106309211052139,
    "steer": -0.0017593299271538854,
    "throttle": 0.75,
    "brake": 0.0,
    "wp_4": [
        -0.012956773862242699,
        15.42945671081543
    ],
    "wp_3": [
        -0.0020936010405421257,
        11.41988468170166
    ],
    "wp_2": [
        -0.005523155443370342,
        7.599526882171631
    ],
    "wp_1": [
        -0.005803306587040424,
        3.7798402309417725
    ],
    "aim": [
        -0.005803306587040424,
        3.7798402309417725
    ],
    "target": [
        -0.6755504339202232,
        20.112561930791752
    ],
    "desired_speed": 7.3257586479187005,
    "angle": -0.0009774278977640165,
    "angle_last": -0.0023850539947128666,
    "angle_target": -0.021375056136230364,
    "angle_final": -0.0009774278977640165,
    "delta": 0.2194494368665616,
    "agent": "only_traj",
    "steer_traj": -0.0017593299737893552,
    "throttle_traj": 0.75,
    "brake_traj": 0.0,
    "plan": [
        [
            -0.005803306587040424,
            3.7798402309417725
        ],
        [
            -0.005523155443370342,
            7.599526882171631
        ],
        [
            -0.0020936010405421257,
            11.41988468170166
        ],
        [
            -0.012956773862242699,
            15.42945671081543
        ],
        [
            -0.01789984293282032,
            19.122947692871094
        ],
        [
            -0.029031429439783096,
            22.094196319580078
        ]
    ],
    "command": 3,
    "all_plan": [
        [
            [
                0.09259826689958572,
                3.8890013694763184
            ],
            [
                0.05551498383283615,
                7.524011611938477
            ],
            [
                -0.08498048037290573,
                10.894474983215332
            ],
            [
                -0.30596718192100525,
                13.903131484985352
            ],
            [
                -0.5566015243530273,
                16.817626953125
            ],
            [
                -0.8560316562652588,
                19.434518814086914
            ]
        ],
        [
            [
                0.44427791237831116,
                3.2714502811431885
            ],
            [
                1.1994943618774414,
                6.122090816497803
            ],
            [
                2.6917314529418945,
                8.285003662109375
            ],
            [
                4.940436363220215,
                10.328291893005371
            ],
            [
                7.292201042175293,
                12.234164237976074
            ],
            [
                9.457942008972168,
                14.178979873657227
            ]
        ],
        [
            [
                -0.02637191116809845,
                3.8823490142822266
            ],
            [
                -0.07276736944913864,
                7.975105285644531
            ],
            [
                -0.0709545835852623,
                12.042741775512695
            ],
            [
                -0.05681663751602173,
                16.13494110107422
            ],
            [
                -0.03938521444797516,
                20.121484756469727
            ],
            [
                -0.07242545485496521,
                24.124223709106445
            ]
        ],
        [
            [
                -0.005803306587040424,
                3.7798402309417725
            ],
            [
                -0.005523155443370342,
                7.599526882171631
            ],
            [
                -0.0020936010405421257,
                11.41988468170166
            ],
            [
                -0.012956773862242699,
                15.42945671081543
            ],
            [
                -0.01789984293282032,
                19.122947692871094
            ],
            [
                -0.029031429439783096,
                22.094196319580078
            ]
        ],
        [
            [
                -0.03845347464084625,
                2.9641246795654297
            ],
            [
                -0.15566660463809967,
                6.291195869445801
            ],
            [
                -0.25990861654281616,
                9.934968948364258
            ],
            [
                -0.41729894280433655,
                14.228377342224121
            ],
            [
                -0.5320711731910706,
                19.076128005981445
            ],
            [
                -0.6250133514404297,
                24.032150268554688
            ]
        ],
        [
            [
                0.24295349419116974,
                3.4455249309539795
            ],
            [
                0.26298394799232483,
                6.743940353393555
            ],
            [
                0.46726638078689575,
                9.990775108337402
            ],
            [
                0.4334201216697693,
                13.43948745727539
            ],
            [
                0.35543885827064514,
                17.12879180908203
            ],
            [
                0.17951473593711853,
                20.914525985717773
            ]
        ]
    ]
}