{
    "speed": 6.805981548646603,
    "steer": -0.0014238373842090368,
    "throttle": 0.75,
    "brake": 0.0,
    "wp_4": [
        -0.002540549263358116,
        15.121681213378906
    ],
    "wp_3": [
        0.007715773768723011,
        11.082540512084961
    ],
    "wp_2": [
        -0.000492568127810955,
        7.270843505859375
    ],
    "wp_1": [
        -0.0022546695545315742,
        3.5104548931121826
    ],
    "aim": [
        -0.0022546695545315742,
        3.5104548931121826
    ],
    "target": [
        0.5609555499391436,
        12.449527550565552
    ],
    "desired_speed": 7.401238441467284,
    "angle": -0.00040885259485584397,
    "angle_last": -0.0008440115359764341,
    "angle_target": 0.028665666892353656,
    "angle_final": -0.00040885259485584397,
    "delta": 0.25,
    "agent": "only_traj",
    "steer_traj": -0.0014238374125669316,
    "throttle_traj": 0.75,
    "brake_traj": 0.0,
    "plan": [
        [
            -0.0022546695545315742,
            3.5104548931121826
        ],
        [
            -0.000492568127810955,
            7.270843505859375
        ],
        [
            0.007715773768723011,
            11.082540512084961
        ],
        [
            -0.002540549263358116,
            15.121681213378906
        ],
        [
            -0.009742485359311104,
            18.918123245239258
        ],
        [
            -0.01384623721241951,
            22.013519287109375
        ]
    ],
    "command": 3,
    "all_plan": [
        [
            [
                0.07479941844940186,
                3.7571933269500732
            ],
            [
                0.02352452278137207,
                7.34146785736084
            ],
            [
                -0.1328251212835312,
                10.708239555358887
            ],
            [
                -0.41598641872406006,
                13.713638305664062
            ],
            [
                -0.6916608810424805,
                16.525897979736328
            ],
            [
                -1.0116405487060547,
                19.030305862426758
            ]
        ],
        [
            [
                0.38028058409690857,
                3.226619243621826
            ],
            [
                1.0202494859695435,
                6.173127174377441
            ],
            [
                2.3674817085266113,
                8.399603843688965
            ],
            [
                4.46335506439209,
                10.424276351928711
            ],
            [
                6.7247467041015625,
                12.28194522857666
            ],
            [
                8.893038749694824,
                14.11305046081543
            ]
        ],
        [
            [
                -0.0319780558347702,
                3.656219482421875
            ],
            [
                -0.0697711929678917,
                7.651196479797363
            ],
            [
                -0.0654849037528038,
                11.729140281677246
            ],
            [
                -0.04610763490200043,
                15.910598754882812
            ],
            [
                -0.01520511507987976,
                20.061382293701172
            ],
            [
                -0.02916734293103218,
                24.222129821777344
            ]
        ],
        [
            [
                -0.0022546695545315742,
                3.5104548931121826
            ],
            [
                -0.000492568127810955,
                7.270843505859375
            ],
            [
                0.007715773768723011,
                11.082540512084961
            ],
            [
                -0.002540549263358116,
                15.121681213378906
            ],
            [
                -0.009742485359311104,
                18.918123245239258
            ],
            [
                -0.01384623721241951,
                22.013519287109375
            ]
        ],
        [
            [
                -0.033292219042778015,
                2.7323548793792725
            ],
            [
                -0.1284562647342682,
                5.871269226074219
            ],
            [
                -0.18221533298492432,
                9.390369415283203
            ],
            [
                -0.31431758403778076,
                13.554436683654785
            ],
            [
                -0.40988054871559143,
                18.284774780273438
            ],
            [
                -0.45075640082359314,
                23.164836883544922
            ]
        ],
        [
            [
                0.20880107581615448,
                3.187131643295288
            ],
            [
                0.25231409072875977,
                6.3151092529296875
            ],
            [
                0.4580555856227875,
                9.488038063049316
            ],
            [
                0.4160991311073303,
                12.927970886230469
            ],
            [
                0.33467942476272583,
                16.653820037841797
            ],
            [
                0.1600012332201004,
                20.50642967224121
            ]
        ]
    ]
}