{
    "speed": 7.625203082335263,
    "steer": -0.0020999223925173283,
    "throttle": 0.056979987770318985,
    "brake": 0.0,
    "wp_4": [
        -0.01981642097234726,
        15.413963317871094
    ],
    "wp_3": [
        -0.0017033694311976433,
        11.347146034240723
    ],
    "wp_2": [
        -0.004828031174838543,
        7.5181474685668945
    ],
    "wp_1": [
        -0.0066895680502057076,
        3.7015392780303955
    ],
    "aim": [
        -0.0066895680502057076,
        3.7015392780303955
    ],
    "target": [
        0.4384746313178325,
        7.917988490144983
    ],
    "desired_speed": 7.1963768005371085,
    "angle": -0.0011505352477284509,
    "angle_last": -0.0023173592309389626,
    "angle_target": 0.03521813706405204,
    "angle_final": -0.0011505352477284509,
    "delta": 0.0,
    "agent": "only_traj",
    "steer_traj": -0.0020999224434352904,
    "throttle_traj": 0.05697998895539601,
    "brake_traj": 0.0,
    "plan": [
        [
            -0.0066895680502057076,
            3.7015392780303955
        ],
        [
            -0.004828031174838543,
            7.5181474685668945
        ],
        [
            -0.0017033694311976433,
            11.347146034240723
        ],
        [
            -0.01981642097234726,
            15.413963317871094
        ],
        [
            -0.03268549218773842,
            19.00467872619629
        ],
        [
            -0.04246906191110611,
            21.692398071289062
        ]
    ],
    "command": 3,
    "all_plan": [
        [
            [
                0.0698019415140152,
                3.897408962249756
            ],
            [
                0.018545687198638916,
                7.532217025756836
            ],
            [
                -0.1614132821559906,
                10.823225021362305
            ],
            [
                -0.406975120306015,
                13.664586067199707
            ],
            [
                -0.6636865139007568,
                16.333709716796875
            ],
            [
                -0.9343709349632263,
                18.672704696655273
            ]
        ],
        [
            [
                0.42607927322387695,
                3.3528034687042236
            ],
            [
                1.254399299621582,
                6.18027925491333
            ],
            [
                2.829987049102783,
                8.21423053741455
            ],
            [
                5.192296981811523,
                10.068849563598633
            ],
            [
                7.772387504577637,
                11.729377746582031
            ],
            [
                10.224109649658203,
                13.40204906463623
            ]
        ],
        [
            [
                -0.04128140211105347,
                3.812520742416382
            ],
            [
                -0.08729400485754013,
                7.950509071350098
            ],
            [
                -0.10401332378387451,
                12.08538818359375
            ],
            [
                -0.10918600112199783,
                16.28204345703125
            ],
            [
                -0.09194952994585037,
                20.377439498901367
            ],
            [
                -0.12403503060340881,
                24.451305389404297
            ]
        ],
        [
            [
                -0.0066895680502057076,
                3.7015392780303955
            ],
            [
                -0.004828031174838543,
                7.5181474685668945
            ],
            [
                -0.0017033694311976433,
                11.347146034240723
            ],
            [
                -0.01981642097234726,
                15.413963317871094
            ],
            [
                -0.03268549218773842,
                19.00467872619629
            ],
            [
                -0.04246906191110611,
                21.692398071289062
            ]
        ],
        [
            [
                -0.03875218331813812,
                2.878403425216675
            ],
            [
                -0.1612040251493454,
                6.076958656311035
            ],
            [
                -0.2708263695240021,
                9.630675315856934
            ],
            [
                -0.44579923152923584,
                13.842981338500977
            ],
            [
                -0.5542635917663574,
                18.628820419311523
            ],
            [
                -0.6229935884475708,
                23.52120018005371
            ]
        ],
        [
            [
                0.19654664397239685,
                3.25022292137146
            ],
            [
                0.19193534553050995,
                6.456185340881348
            ],
            [
                0.3640359044075012,
                9.631843566894531
            ],
            [
                0.2869233191013336,
                13.039910316467285
            ],
            [
                0.17484217882156372,
                16.715314865112305
            ],
            [
                -0.08373686671257019,
                20.478694915771484
            ]
        ]
    ]
}