{
    "speed": 2.7919481853807695,
    "steer": -0.006776032038033009,
    "throttle": 0.75,
    "brake": 0.0,
    "wp_4": [
        0.04457779601216316,
        4.483418941497803
    ],
    "wp_3": [
        0.029641278088092804,
        2.700469970703125
    ],
    "wp_2": [
        0.016451984643936157,
        1.4007911682128906
    ],
    "wp_1": [
        0.0037926705554127693,
        0.5409971475601196
    ],
    "aim": [
        0.029641278088092804,
        2.700469970703125
    ],
    "target": [
        -0.03581914560042476,
        5.667866435102086
    ],
    "desired_speed": 3.4168509006500245,
    "angle": 0.006987483366360186,
    "angle_last": 0.005165416568773118,
    "angle_target": -0.0040231845637845876,
    "angle_final": -0.0040231845637845876,
    "delta": 0.25,
    "agent": "only_traj",
    "steer_traj": -0.006776031839942279,
    "throttle_traj": 0.75,
    "brake_traj": 0.0,
    "plan": [
        [
            0.0037926705554127693,
            0.5409971475601196
        ],
        [
            0.016451984643936157,
            1.4007911682128906
        ],
        [
            0.029641278088092804,
            2.700469970703125
        ],
        [
            0.04457779601216316,
            4.483418941497803
        ],
        [
            0.047663599252700806,
            6.661518096923828
        ],
        [
            0.06731006503105164,
            9.082819938659668
        ]
    ],
    "command": 3,
    "all_plan": [
        [
            [
                -0.021890325471758842,
                0.7065741419792175
            ],
            [
                -0.004643026739358902,
                1.959855556488037
            ],
            [
                0.026038242504000664,
                3.5367605686187744
            ],
            [
                -0.026364712044596672,
                5.040335655212402
            ],
            [
                -0.05167531594634056,
                6.329096794128418
            ],
            [
                -0.02712378092110157,
                7.490528583526611
            ]
        ],
        [
            [
                -0.00556049682199955,
                1.1244152784347534
            ],
            [
                -0.09067205339670181,
                2.9500832557678223
            ],
            [
                -0.16951265931129456,
                4.558355808258057
            ],
            [
                -0.20183758437633514,
                6.048616409301758
            ],
            [
                -0.04267224669456482,
                7.360564231872559
            ],
            [
                0.17280587553977966,
                8.62790584564209
            ]
        ],
        [
            [
                -0.024895288050174713,
                0.502665638923645
            ],
            [
                -0.04730261117219925,
                1.5238350629806519
            ],
            [
                -0.04902875795960426,
                3.045847177505493
            ],
            [
                -0.01885947398841381,
                5.25094747543335
            ],
            [
                0.0508882999420166,
                8.064435005187988
            ],
            [
                0.016458790749311447,
                11.301362991333008
            ]
        ],
        [
            [
                0.0037926705554127693,
                0.5409971475601196
            ],
            [
                0.016451984643936157,
                1.4007911682128906
            ],
            [
                0.029641278088092804,
                2.700469970703125
            ],
            [
                0.04457779601216316,
                4.483418941497803
            ],
            [
                0.047663599252700806,
                6.661518096923828
            ],
            [
                0.06731006503105164,
                9.082819938659668
            ]
        ],
        [
            [
                -0.010058850049972534,
                0.08057311177253723
            ],
            [
                0.002688320353627205,
                0.5223844647407532
            ],
            [
                0.001941116526722908,
                1.1914119720458984
            ],
            [
                0.0342961847782135,
                2.2675044536590576
            ],
            [
                0.02427363023161888,
                3.75205397605896
            ],
            [
                0.04067621007561684,
                5.657834053039551
            ]
        ],
        [
            [
                0.028725244104862213,
                0.1589115709066391
            ],
            [
                0.053231045603752136,
                0.8798183798789978
            ],
            [
                0.059507809579372406,
                2.1626665592193604
            ],
            [
                0.07447165995836258,
                3.8206324577331543
            ],
            [
                0.05468420684337616,
                5.925877571105957
            ],
            [
                -0.035954877734184265,
                8.455536842346191
            ]
        ]
    ]
}