{
    "speed": 2.4524468008386506,
    "steer": 0.0007980921072885394,
    "throttle": 0.75,
    "brake": 0.0,
    "wp_4": [
        -0.022505905479192734,
        10.840712547302246
    ],
    "wp_3": [
        3.9569567888975143e-07,
        7.551666736602783
    ],
    "wp_2": [
        -0.00029849912971258163,
        4.426752090454102
    ],
    "wp_1": [
        0.0037312721833586693,
        1.8131444454193115
    ],
    "aim": [
        0.0037312721833586693,
        1.8131444454193115
    ],
    "target": [
        -0.9755743016071515,
        5.255162459901159
    ],
    "desired_speed": 6.002430629730225,
    "angle": 0.0013100783462640317,
    "angle_last": -0.006599280712610733,
    "angle_target": -0.11685258373476216,
    "angle_final": 0.0013100783462640317,
    "delta": 0.25,
    "agent": "only_traj",
    "steer_traj": 0.0007980920933092569,
    "throttle_traj": 0.75,
    "brake_traj": 0.0,
    "plan": [
        [
            0.0037312721833586693,
            1.8131444454193115
        ],
        [
            -0.00029849912971258163,
            4.426752090454102
        ],
        [
            3.9569567888975143e-07,
            7.551666736602783
        ],
        [
            -0.022505905479192734,
            10.840712547302246
        ],
        [
            -0.062261126935482025,
            14.143739700317383
        ],
        [
            -0.08999182283878326,
            16.818758010864258
        ]
    ],
    "command": 3,
    "all_plan": [
        [
            [
                -0.03679675608873367,
                2.5072124004364014
            ],
            [
                -0.09636788815259933,
                5.409585952758789
            ],
            [
                -0.22154098749160767,
                8.289785385131836
            ],
            [
                -0.3976672887802124,
                10.757915496826172
            ],
            [
                -0.5198986530303955,
                12.489450454711914
            ],
            [
                -0.5478469729423523,
                13.785174369812012
            ]
        ],
        [
            [
                0.011059632524847984,
                2.629607677459717
            ],
            [
                0.0008537564426660538,
                5.6718573570251465
            ],
            [
                0.3021349310874939,
                7.90811014175415
            ],
            [
                1.21932053565979,
                9.530682563781738
            ],
            [
                2.7766780853271484,
                10.631671905517578
            ],
            [
                4.729620933532715,
                11.407196998596191
            ]
        ],
        [
            [
                -0.03201316297054291,
                1.8862409591674805
            ],
            [
                -0.022416604682803154,
                4.567620277404785
            ],
            [
                -0.016486316919326782,
                7.878292083740234
            ],
            [
                -0.008892377838492393,
                11.904651641845703
            ],
            [
                0.04579329490661621,
                16.334815979003906
            ],
            [
                -0.00895645096898079,
                20.956016540527344
            ]
        ],
        [
            [
                0.0037312721833586693,
                1.8131444454193115
            ],
            [
                -0.00029849912971258163,
                4.426752090454102
            ],
            [
                3.9569567888975143e-07,
                7.551666736602783
            ],
            [
                -0.022505905479192734,
                10.840712547302246
            ],
            [
                -0.062261126935482025,
                14.143739700317383
            ],
            [
                -0.08999182283878326,
                16.818758010864258
            ]
        ],
        [
            [
                -0.06367088854312897,
                0.7963131666183472
            ],
            [
                -0.06333132088184357,
                2.204751491546631
            ],
            [
                -0.07826423645019531,
                4.0374345779418945
            ],
            [
                -0.08407051116228104,
                6.62376594543457
            ],
            [
                -0.0933680385351181,
                9.918488502502441
            ],
            [
                -0.03525128960609436,
                13.625833511352539
            ]
        ],
        [
            [
                0.05234760046005249,
                0.9592377543449402
            ],
            [
                0.021675311028957367,
                2.6103856563568115
            ],
            [
                0.10490420460700989,
                4.790945053100586
            ],
            [
                0.03468390554189682,
                7.630520820617676
            ],
            [
                -0.07076026499271393,
                11.010597229003906
            ],
            [
                -0.3808766007423401,
                14.876795768737793
            ]
        ]
    ]
}