{
    "speed": 6.8777452106888886,
    "steer": -0.001905449666082859,
    "throttle": 0.75,
    "brake": 0.0,
    "wp_4": [
        -0.1472463458776474,
        14.504667282104492
    ],
    "wp_3": [
        -0.07424403727054596,
        10.321516990661621
    ],
    "wp_2": [
        -0.03852952644228935,
        6.5171027183532715
    ],
    "wp_1": [
        -0.007476267404854298,
        2.949397325515747
    ],
    "aim": [
        -0.007476267404854298,
        2.949397325515747
    ],
    "target": [
        -1.7382471443977083,
        45.44544761445164
    ],
    "desired_speed": 7.357698822021485,
    "angle": -0.0016136979644460932,
    "angle_last": -0.014262221724429596,
    "angle_target": -0.02433826449171507,
    "angle_final": -0.0016136979644460932,
    "delta": 0.25,
    "agent": "only_traj",
    "steer_traj": -0.0019054496533687053,
    "throttle_traj": 0.75,
    "brake_traj": 0.0,
    "plan": [
        [
            -0.007476267404854298,
            2.949397325515747
        ],
        [
            -0.03852952644228935,
            6.5171027183532715
        ],
        [
            -0.07424403727054596,
            10.321516990661621
        ],
        [
            -0.1472463458776474,
            14.504667282104492
        ],
        [
            -0.23688484728336334,
            18.398679733276367
        ],
        [
            -0.3028113842010498,
            21.34093475341797
        ]
    ],
    "command": 3,
    "all_plan": [
        [
            [
                -0.00019213370978832245,
                3.6055688858032227
            ],
            [
                -0.11543422937393188,
                7.1024627685546875
            ],
            [
                -0.3852684497833252,
                10.39242172241211
            ],
            [
                -0.7379346489906311,
                13.236437797546387
            ],
            [
                -1.0245143175125122,
                15.659212112426758
            ],
            [
                -1.314455509185791,
                17.69966697692871
            ]
        ],
        [
            [
                0.30383938550949097,
                3.1040778160095215
            ],
            [
                0.8793071508407593,
                6.03032922744751
            ],
            [
                2.0876193046569824,
                8.054112434387207
            ],
            [
                4.095250606536865,
                9.760503768920898
            ],
            [
                6.467292785644531,
                11.189142227172852
            ],
            [
                8.968146324157715,
                12.422212600708008
            ]
        ],
        [
            [
                -0.07138796150684357,
                3.2108240127563477
            ],
            [
                -0.15187597274780273,
                7.038409233093262
            ],
            [
                -0.20487183332443237,
                11.124536514282227
            ],
            [
                -0.24007457494735718,
                15.420047760009766
            ],
            [
                -0.2751944959163666,
                19.817283630371094
            ],
            [
                -0.36360442638397217,
                24.16501235961914
            ]
        ],
        [
            [
                -0.007476267404854298,
                2.949397325515747
            ],
            [
                -0.03852952644228935,
                6.5171027183532715
            ],
            [
                -0.07424403727054596,
                10.321516990661621
            ],
            [
                -0.1472463458776474,
                14.504667282104492
            ],
            [
                -0.23688484728336334,
                18.398679733276367
            ],
            [
                -0.3028113842010498,
                21.34093475341797
            ]
        ],
        [
            [
                -0.02802678942680359,
                2.3322510719299316
            ],
            [
                -0.10988602787256241,
                5.007768630981445
            ],
            [
                -0.19686952233314514,
                8.168876647949219
            ],
            [
                -0.3864201605319977,
                11.959809303283691
            ],
            [
                -0.5037233233451843,
                16.378747940063477
            ],
            [
                -0.5510756373405457,
                21.02960777282715
            ]
        ],
        [
            [
                0.0843304768204689,
                2.5855844020843506
            ],
            [
                0.04423832893371582,
                5.321928977966309
            ],
            [
                0.16900652647018433,
                8.313721656799316
            ],
            [
                0.021251648664474487,
                11.68368911743164
            ],
            [
                -0.20041364431381226,
                15.404400825500488
            ],
            [
                -0.6014153957366943,
                19.358600616455078
            ]
        ]
    ]
}