{
    "speed": 7.974389089857212,
    "steer": -0.0013574152253568172,
    "throttle": 0.018719587475061417,
    "brake": 0.0,
    "wp_4": [
        -0.13203123211860657,
        15.148138046264648
    ],
    "wp_3": [
        -0.07422199845314026,
        11.049120903015137
    ],
    "wp_2": [
        -0.032455842941999435,
        7.191443920135498
    ],
    "wp_1": [
        -0.0027269767597317696,
        3.4095542430877686
    ],
    "aim": [
        -0.0027269767597317696,
        3.4095542430877686
    ],
    "target": [
        -1.1636843703016284,
        40.135883619989805
    ],
    "desired_speed": 7.628368663787841,
    "angle": -0.0005091804846642534,
    "angle_last": -0.011842437483475634,
    "angle_target": -0.018452739304809302,
    "angle_final": -0.0005091804846642534,
    "delta": 0.0,
    "agent": "only_traj",
    "steer_traj": -0.0013574151957519614,
    "throttle_traj": 0.0187195880987035,
    "brake_traj": 0.0,
    "plan": [
        [
            -0.0027269767597317696,
            3.4095542430877686
        ],
        [
            -0.032455842941999435,
            7.191443920135498
        ],
        [
            -0.07422199845314026,
            11.049120903015137
        ],
        [
            -0.13203123211860657,
            15.148138046264648
        ],
        [
            -0.2073441445827484,
            19.10788345336914
        ],
        [
            -0.27005067467689514,
            22.478425979614258
        ]
    ],
    "command": 3,
    "all_plan": [
        [
            [
                0.05199628323316574,
                3.729663133621216
            ],
            [
                -0.0402403399348259,
                7.326347351074219
            ],
            [
                -0.22838127613067627,
                10.788724899291992
            ],
            [
                -0.5486292839050293,
                13.935330390930176
            ],
            [
                -0.8661818504333496,
                16.895017623901367
            ],
            [
                -1.2406857013702393,
                19.565366744995117
            ]
        ],
        [
            [
                0.41113486886024475,
                3.1226699352264404
            ],
            [
                1.033111333847046,
                6.047748565673828
            ],
            [
                2.3410727977752686,
                8.283214569091797
            ],
            [
                4.378969669342041,
                10.331958770751953
            ],
            [
                6.526344299316406,
                12.264022827148438
            ],
            [
                8.606746673583984,
                14.146604537963867
            ]
        ],
        [
            [
                -0.05040155351161957,
                3.617575168609619
            ],
            [
                -0.12185966223478317,
                7.600464820861816
            ],
            [
                -0.1454114019870758,
                11.665031433105469
            ],
            [
                -0.174532949924469,
                15.820575714111328
            ],
            [
                -0.20821692049503326,
                20.005420684814453
            ],
            [
                -0.28304195404052734,
                24.176664352416992
            ]
        ],
        [
            [
                -0.0027269767597317696,
                3.4095542430877686
            ],
            [
                -0.032455842941999435,
                7.191443920135498
            ],
            [
                -0.07422199845314026,
                11.049120903015137
            ],
            [
                -0.13203123211860657,
                15.148138046264648
            ],
            [
                -0.2073441445827484,
                19.10788345336914
            ],
            [
                -0.27005067467689514,
                22.478425979614258
            ]
        ],
        [
            [
                -0.02661217749118805,
                2.7497687339782715
            ],
            [
                -0.139349564909935,
                5.889858722686768
            ],
            [
                -0.26572203636169434,
                9.437034606933594
            ],
            [
                -0.4563515782356262,
                13.600242614746094
            ],
            [
                -0.6086641550064087,
                18.331493377685547
            ],
            [
                -0.7174527049064636,
                23.242149353027344
            ]
        ],
        [
            [
                0.22234109044075012,
                3.1802139282226562
            ],
            [
                0.25092804431915283,
                6.299944877624512
            ],
            [
                0.4085727632045746,
                9.517167091369629
            ],
            [
                0.3165934979915619,
                13.006065368652344
            ],
            [
                0.1592286229133606,
                16.782358169555664
            ],
            [
                -0.07784552872180939,
                20.710166931152344
            ]
        ]
    ]
}