{
    "speed": 7.571647341472847,
    "steer": -0.0018549669766798615,
    "throttle": 0.06672970205545425,
    "brake": 0.0,
    "wp_4": [
        -0.007011746987700462,
        15.262552261352539
    ],
    "wp_3": [
        -8.404534310102463e-05,
        11.223189353942871
    ],
    "wp_2": [
        -0.008866573683917522,
        7.418764114379883
    ],
    "wp_1": [
        -0.004626368172466755,
        3.6491241455078125
    ],
    "aim": [
        -0.004626368172466755,
        3.6491241455078125
    ],
    "target": [
        -0.8648519286969232,
        29.447332778120067
    ],
    "desired_speed": 7.43149642944336,
    "angle": -0.0008070526234675874,
    "angle_last": 0.0007969793576145183,
    "angle_target": -0.018691798672746163,
    "angle_final": -0.0008070526234675874,
    "delta": 0.0,
    "agent": "only_traj",
    "steer_traj": -0.0018549669315743001,
    "throttle_traj": 0.06672970000361121,
    "brake_traj": 0.0,
    "plan": [
        [
            -0.004626368172466755,
            3.6491241455078125
        ],
        [
            -0.008866573683917522,
            7.418764114379883
        ],
        [
            -8.404534310102463e-05,
            11.223189353942871
        ],
        [
            -0.007011746987700462,
            15.262552261352539
        ],
        [
            -0.008790867403149605,
            19.070415496826172
        ],
        [
            -0.004838023334741592,
            22.22784423828125
        ]
    ],
    "command": 3,
    "all_plan": [
        [
            [
                0.061321645975112915,
                3.8228209018707275
            ],
            [
                0.0018203109502792358,
                7.3967790603637695
            ],
            [
                -0.15528494119644165,
                10.77107048034668
            ],
            [
                -0.40468302369117737,
                13.808420181274414
            ],
            [
                -0.6794224381446838,
                16.767868041992188
            ],
            [
                -1.008388638496399,
                19.439228057861328
            ]
        ],
        [
            [
                0.420587956905365,
                3.1705586910247803
            ],
            [
                1.0913708209991455,
                6.005134582519531
            ],
            [
                2.490868091583252,
                8.207832336425781
            ],
            [
                4.613249778747559,
                10.320456504821777
            ],
            [
                6.822509288787842,
                12.316211700439453
            ],
            [
                8.840108871459961,
                14.300241470336914
            ]
        ],
        [
            [
                -0.031609877943992615,
                3.7962234020233154
            ],
            [
                -0.07489102333784103,
                7.804473876953125
            ],
            [
                -0.06815268844366074,
                11.827703475952148
            ],
            [
                -0.0585540235042572,
                15.871061325073242
            ],
            [
                -0.032901108264923096,
                19.86123275756836
            ],
            [
                -0.043752867728471756,
                23.84521484375
            ]
        ],
        [
            [
                -0.004626368172466755,
                3.6491241455078125
            ],
            [
                -0.008866573683917522,
                7.418764114379883
            ],
            [
                -8.404534310102463e-05,
                11.223189353942871
            ],
            [
                -0.007011746987700462,
                15.262552261352539
            ],
            [
                -0.008790867403149605,
                19.070415496826172
            ],
            [
                -0.004838023334741592,
                22.22784423828125
            ]
        ],
        [
            [
                -0.032578930258750916,
                2.937452554702759
            ],
            [
                -0.132044717669487,
                6.236541748046875
            ],
            [
                -0.20564529299736023,
                9.878585815429688
            ],
            [
                -0.3428493142127991,
                14.14892578125
            ],
            [
                -0.44020405411720276,
                18.94691276550293
            ],
            [
                -0.5158016085624695,
                23.85841178894043
            ]
        ],
        [
            [
                0.23036231100559235,
                3.4257991313934326
            ],
            [
                0.26422837376594543,
                6.673610687255859
            ],
            [
                0.4880561828613281,
                9.91590690612793
            ],
            [
                0.4724133014678955,
                13.34649658203125
            ],
            [
                0.4005318880081177,
                17.002689361572266
            ],
            [
                0.2537064850330353,
                20.757349014282227
            ]
        ]
    ]
}