{
    "speed": 6.758616911536434,
    "steer": -0.005186733324080706,
    "throttle": 0.75,
    "brake": 0.0,
    "wp_4": [
        -0.09611205756664276,
        14.883740425109863
    ],
    "wp_3": [
        -0.06306803971529007,
        10.954960823059082
    ],
    "wp_2": [
        -0.04363355040550232,
        7.241091728210449
    ],
    "wp_1": [
        -0.020627174526453018,
        3.5466153621673584
    ],
    "aim": [
        -0.020627174526453018,
        3.5466153621673584
    ],
    "target": [
        -0.2822488884484433,
        26.918935514135686
    ],
    "desired_speed": 7.009137058258057,
    "angle": -0.003702521594617548,
    "angle_last": -0.005253505773145888,
    "angle_target": -0.0066748047558166336,
    "angle_final": -0.003702521594617548,
    "delta": 0.25,
    "agent": "only_traj",
    "steer_traj": -0.005186733208706519,
    "throttle_traj": 0.75,
    "brake_traj": 0.0,
    "plan": [
        [
            -0.020627174526453018,
            3.5466153621673584
        ],
        [
            -0.04363355040550232,
            7.241091728210449
        ],
        [
            -0.06306803971529007,
            10.954960823059082
        ],
        [
            -0.09611205756664276,
            14.883740425109863
        ],
        [
            -0.12622003257274628,
            18.406661987304688
        ],
        [
            -0.14819054305553436,
            21.06897735595703
        ]
    ],
    "command": 3,
    "all_plan": [
        [
            [
                0.057350486516952515,
                3.784688949584961
            ],
            [
                0.011397197842597961,
                7.333400726318359
            ],
            [
                -0.1358262002468109,
                10.590757369995117
            ],
            [
                -0.3524353504180908,
                13.387048721313477
            ],
            [
                -0.5682998895645142,
                15.99993896484375
            ],
            [
                -0.7942289113998413,
                18.301223754882812
            ]
        ],
        [
            [
                0.414090096950531,
                3.243009567260742
            ],
            [
                1.152777910232544,
                6.040688514709473
            ],
            [
                2.6285552978515625,
                8.035165786743164
            ],
            [
                4.906586647033691,
                9.824540138244629
            ],
            [
                7.381505012512207,
                11.404947280883789
            ],
            [
                9.761785507202148,
                12.974225044250488
            ]
        ],
        [
            [
                -0.03283873200416565,
                3.659365177154541
            ],
            [
                -0.09095459431409836,
                7.652705669403076
            ],
            [
                -0.13042163848876953,
                11.672778129577637
            ],
            [
                -0.14329372346401215,
                15.773397445678711
            ],
            [
                -0.14336885511875153,
                19.79070472717285
            ],
            [
                -0.21176853775978088,
                23.80454444885254
            ]
        ],
        [
            [
                -0.020627174526453018,
                3.5466153621673584
            ],
            [
                -0.04363355040550232,
                7.241091728210449
            ],
            [
                -0.06306803971529007,
                10.954960823059082
            ],
            [
                -0.09611205756664276,
                14.883740425109863
            ],
            [
                -0.12622003257274628,
                18.406661987304688
            ],
            [
                -0.14819054305553436,
                21.06897735595703
            ]
        ],
        [
            [
                -0.03325894474983215,
                2.7170326709747314
            ],
            [
                -0.1579769104719162,
                5.765193939208984
            ],
            [
                -0.281646728515625,
                9.172224998474121
            ],
            [
                -0.4744764566421509,
                13.239142417907715
            ],
            [
                -0.5887338519096375,
                17.874149322509766
            ],
            [
                -0.672204852104187,
                22.628902435302734
            ]
        ],
        [
            [
                0.1805008500814438,
                3.0917747020721436
            ],
            [
                0.17013435065746307,
                6.159714698791504
            ],
            [
                0.32349449396133423,
                9.239409446716309
            ],
            [
                0.223412424325943,
                12.600951194763184
            ],
            [
                0.08641102910041809,
                16.20900535583496
            ],
            [
                -0.18189331889152527,
                19.92851448059082
            ]
        ]
    ]
}