{
    "speed": 7.220235789529107,
    "steer": -0.0028196158818900585,
    "throttle": 0.0,
    "brake": 1.0,
    "wp_4": [
        -0.048990458250045776,
        14.750404357910156
    ],
    "wp_3": [
        -0.02238835021853447,
        11.173266410827637
    ],
    "wp_2": [
        -0.017134707421064377,
        7.502423286437988
    ],
    "wp_1": [
        -0.009844047017395496,
        3.7658603191375732
    ],
    "aim": [
        -0.009844047017395496,
        3.7658603191375732
    ],
    "target": [
        -1.1394213732947276,
        18.345178213938745
    ],
    "desired_speed": 6.450079345703126,
    "angle": -0.0016640895823226318,
    "angle_last": -0.0061402161093950984,
    "angle_target": -0.03948980837403342,
    "angle_final": -0.0016640895823226318,
    "delta": 0.0,
    "agent": "only_traj",
    "steer_traj": -0.0028196157787678715,
    "throttle_traj": 0.0,
    "brake_traj": 1.0,
    "plan": [
        [
            -0.009844047017395496,
            3.7658603191375732
        ],
        [
            -0.017134707421064377,
            7.502423286437988
        ],
        [
            -0.02238835021853447,
            11.173266410827637
        ],
        [
            -0.048990458250045776,
            14.750404357910156
        ],
        [
            -0.061131637543439865,
            17.728757858276367
        ],
        [
            -0.0819854587316513,
            19.890823364257812
        ]
    ],
    "command": 3,
    "all_plan": [
        [
            [
                0.05692843347787857,
                3.8088061809539795
            ],
            [
                0.03717253357172012,
                7.343689918518066
            ],
            [
                -0.047254808247089386,
                10.442732810974121
            ],
            [
                -0.14408686757087708,
                13.007431030273438
            ],
            [
                -0.27956676483154297,
                15.3909912109375
            ],
            [
                -0.4076545834541321,
                17.462398529052734
            ]
        ],
        [
            [
                0.4441218376159668,
                3.3392674922943115
            ],
            [
                1.2709689140319824,
                6.0908708572387695
            ],
            [
                2.9068493843078613,
                7.973606109619141
            ],
            [
                5.374992370605469,
                9.585112571716309
            ],
            [
                8.049291610717773,
                10.94190502166748
            ],
            [
                10.593952178955078,
                12.375985145568848
            ]
        ],
        [
            [
                0.006267189048230648,
                3.80123233795166
            ],
            [
                -0.04500032216310501,
                7.813729286193848
            ],
            [
                -0.05566919967532158,
                11.782590866088867
            ],
            [
                -0.04142892360687256,
                15.794624328613281
            ],
            [
                -0.01305408775806427,
                19.58108901977539
            ],
            [
                -0.07463690638542175,
                23.402923583984375
            ]
        ],
        [
            [
                -0.009844047017395496,
                3.7658603191375732
            ],
            [
                -0.017134707421064377,
                7.502423286437988
            ],
            [
                -0.02238835021853447,
                11.173266410827637
            ],
            [
                -0.048990458250045776,
                14.750404357910156
            ],
            [
                -0.061131637543439865,
                17.728757858276367
            ],
            [
                -0.0819854587316513,
                19.890823364257812
            ]
        ],
        [
            [
                -0.06357629597187042,
                2.6974215507507324
            ],
            [
                -0.19176630675792694,
                5.738454818725586
            ],
            [
                -0.33041268587112427,
                9.0279541015625
            ],
            [
                -0.4954693615436554,
                13.04249382019043
            ],
            [
                -0.5767266154289246,
                17.638673782348633
            ],
            [
                -0.6667187213897705,
                22.351451873779297
            ]
        ],
        [
            [
                0.19561748206615448,
                3.0397374629974365
            ],
            [
                0.16291579604148865,
                6.143974781036377
            ],
            [
                0.2910805344581604,
                9.08590316772461
            ],
            [
                0.2179584801197052,
                12.301897048950195
            ],
            [
                0.09699413925409317,
                15.7371244430542
            ],
            [
                -0.14840596914291382,
                19.253812789916992
            ]
        ]
    ]
}