{
    "speed": 2.751782855079432,
    "steer": -0.0020160404965281487,
    "throttle": 0.0,
    "brake": 1.0,
    "wp_4": [
        -0.005227674730122089,
        1.4136416912078857
    ],
    "wp_3": [
        -0.00440404936671257,
        1.2480520009994507
    ],
    "wp_2": [
        -0.0071909548714756966,
        1.1092050075531006
    ],
    "wp_1": [
        -0.0024815117940306664,
        0.8044148683547974
    ],
    "aim": [
        -0.005788291804492474,
        1.575003981590271
    ],
    "target": [
        -0.651507264940846,
        16.156694788618143
    ],
    "desired_speed": 0.3842537641525268,
    "angle": -0.002339595291236893,
    "angle_last": -0.002185991925902384,
    "angle_target": -0.025657340395218782,
    "angle_final": -0.002339595291236893,
    "delta": 0.0,
    "agent": "only_traj",
    "steer_traj": -0.0020160405110548046,
    "throttle_traj": 0.0,
    "brake_traj": 1.0,
    "plan": [
        [
            -0.0024815117940306664,
            0.8044148683547974
        ],
        [
            -0.0071909548714756966,
            1.1092050075531006
        ],
        [
            -0.00440404936671257,
            1.2480520009994507
        ],
        [
            -0.005227674730122089,
            1.4136416912078857
        ],
        [
            -0.005788291804492474,
            1.575003981590271
        ],
        [
            -0.006440629251301289,
            1.7649807929992676
        ]
    ],
    "command": 3,
    "all_plan": [
        [
            [
                -0.011526847258210182,
                0.25011780858039856
            ],
            [
                -0.023943161591887474,
                0.48256438970565796
            ],
            [
                -0.016422297805547714,
                0.6932358741760254
            ],
            [
                -0.013883309438824654,
                0.8366235494613647
            ],
            [
                -0.02335100620985031,
                0.9962082505226135
            ],
            [
                -0.0201396644115448,
                1.251340389251709
            ]
        ],
        [
            [
                0.03754347562789917,
                0.28646785020828247
            ],
            [
                0.0987536758184433,
                0.5618005990982056
            ],
            [
                0.19413673877716064,
                0.8420806527137756
            ],
            [
                0.3030319809913635,
                1.0888731479644775
            ],
            [
                0.5094928741455078,
                1.296628475189209
            ],
            [
                0.6973847150802612,
                1.5232665538787842
            ]
        ],
        [
            [
                -0.009014631621539593,
                0.5123308300971985
            ],
            [
                0.002537081018090248,
                0.8114982843399048
            ],
            [
                -0.0014269137755036354,
                0.9514561295509338
            ],
            [
                0.0021981867030262947,
                1.1181524991989136
            ],
            [
                -0.012719053775072098,
                1.282416820526123
            ],
            [
                -0.00852074846625328,
                1.5763646364212036
            ]
        ],
        [
            [
                -0.0024815117940306664,
                0.8044148683547974
            ],
            [
                -0.0071909548714756966,
                1.1092050075531006
            ],
            [
                -0.00440404936671257,
                1.2480520009994507
            ],
            [
                -0.005227674730122089,
                1.4136416912078857
            ],
            [
                -0.005788291804492474,
                1.575003981590271
            ],
            [
                -0.006440629251301289,
                1.7649807929992676
            ]
        ],
        [
            [
                -0.07033728063106537,
                0.18914717435836792
            ],
            [
                -0.10919424146413803,
                0.4088285565376282
            ],
            [
                -0.12010741233825684,
                0.6519511938095093
            ],
            [
                -0.12062323093414307,
                0.9809691905975342
            ],
            [
                -0.1082945168018341,
                1.4195753335952759
            ],
            [
                -0.18906688690185547,
                1.9242810010910034
            ]
        ],
        [
            [
                -0.009155110456049442,
                0.19315482676029205
            ],
            [
                -0.010789819061756134,
                0.45663511753082275
            ],
            [
                -0.006141215562820435,
                0.7060767412185669
            ],
            [
                -0.015564246103167534,
                1.0105236768722534
            ],
            [
                -0.019260365515947342,
                1.365645170211792
            ],
            [
                -0.0062047820538282394,
                1.765913963317871
            ]
        ]
    ]
}