{
    "speed": 2.0265644092918995,
    "steer": -0.0023292165715247393,
    "throttle": 0.75,
    "brake": 0.0,
    "wp_4": [
        0.0021810252219438553,
        12.521838188171387
    ],
    "wp_3": [
        -0.0018257154151797295,
        8.889531135559082
    ],
    "wp_2": [
        -0.004808369092643261,
        5.459486961364746
    ],
    "wp_1": [
        -0.009582777507603168,
        2.39410400390625
    ],
    "aim": [
        -0.009582777507603168,
        2.39410400390625
    ],
    "target": [
        -0.6284761492372275,
        13.952003208676317
    ],
    "desired_speed": 7.021808815002441,
    "angle": -0.0025481437338946153,
    "angle_last": 0.0015787324536178668,
    "angle_target": -0.028657537624134685,
    "angle_final": -0.0025481437338946153,
    "delta": 0.25,
    "agent": "only_traj",
    "steer_traj": -0.0023292164904849606,
    "throttle_traj": 0.75,
    "brake_traj": 0.0,
    "plan": [
        [
            -0.009582777507603168,
            2.39410400390625
        ],
        [
            -0.004808369092643261,
            5.459486961364746
        ],
        [
            -0.0018257154151797295,
            8.889531135559082
        ],
        [
            0.0021810252219438553,
            12.521838188171387
        ],
        [
            -0.009481722488999367,
            16.311555862426758
        ],
        [
            -0.00046241655945777893,
            19.948589324951172
        ]
    ],
    "command": 3,
    "all_plan": [
        [
            [
                0.05277261137962341,
                2.852165699005127
            ],
            [
                0.001519531011581421,
                5.941256523132324
            ],
            [
                -0.07770361006259918,
                9.137224197387695
            ],
            [
                -0.30228984355926514,
                12.1576566696167
            ],
            [
                -0.5369928479194641,
                14.797039985656738
            ],
            [
                -0.8051495552062988,
                17.138378143310547
            ]
        ],
        [
            [
                0.20971612632274628,
                2.6870930194854736
            ],
            [
                0.3381137251853943,
                5.801217079162598
            ],
            [
                0.9034407734870911,
                8.289702415466309
            ],
            [
                1.9919915199279785,
                10.49125862121582
            ],
            [
                3.3110954761505127,
                12.452394485473633
            ],
            [
                4.667336463928223,
                14.290836334228516
            ]
        ],
        [
            [
                0.004288553260266781,
                2.573063850402832
            ],
            [
                -0.012234649620950222,
                5.678031921386719
            ],
            [
                -0.008935743942856789,
                9.204925537109375
            ],
            [
                0.03465864807367325,
                13.16759967803955
            ],
            [
                0.08756109327077866,
                17.420948028564453
            ],
            [
                0.10374408960342407,
                21.82738494873047
            ]
        ],
        [
            [
                -0.009582777507603168,
                2.39410400390625
            ],
            [
                -0.004808369092643261,
                5.459486961364746
            ],
            [
                -0.0018257154151797295,
                8.889531135559082
            ],
            [
                0.0021810252219438553,
                12.521838188171387
            ],
            [
                -0.009481722488999367,
                16.311555862426758
            ],
            [
                -0.00046241655945777893,
                19.948589324951172
            ]
        ],
        [
            [
                0.013747438788414001,
                1.6919982433319092
            ],
            [
                -0.010852215811610222,
                4.0377583503723145
            ],
            [
                -0.05418428033590317,
                6.742394924163818
            ],
            [
                -0.08447116613388062,
                10.126348495483398
            ],
            [
                -0.12407553941011429,
                14.077028274536133
            ],
            [
                -0.08862064778804779,
                18.341737747192383
            ]
        ],
        [
            [
                0.1934831440448761,
                2.1306331157684326
            ],
            [
                0.25786247849464417,
                4.5333051681518555
            ],
            [
                0.44137683510780334,
                7.231899261474609
            ],
            [
                0.4786067605018616,
                10.399784088134766
            ],
            [
                0.42064496874809265,
                13.977986335754395
            ],
            [
                0.3116445541381836,
                17.899965286254883
            ]
        ]
    ]
}