{
    "speed": 4.06338930071915,
    "steer": -0.0013276091776788235,
    "throttle": 0.75,
    "brake": 0.0,
    "wp_4": [
        -0.047266095876693726,
        14.18393325805664
    ],
    "wp_3": [
        -0.033271338790655136,
        10.209508895874023
    ],
    "wp_2": [
        -0.014539319090545177,
        6.439813613891602
    ],
    "wp_1": [
        -0.004258994944393635,
        2.911064624786377
    ],
    "aim": [
        -0.004258994944393635,
        2.911064624786377
    ],
    "target": [
        -0.620054463302919,
        12.310342655576038
    ],
    "desired_speed": 7.57948637008667,
    "angle": -0.0009313620663618194,
    "angle_last": -0.003681196226208953,
    "angle_target": -0.03203855756118469,
    "angle_final": -0.0009313620663618194,
    "delta": 0.25,
    "agent": "only_traj",
    "steer_traj": -0.001327609205101235,
    "throttle_traj": 0.75,
    "brake_traj": 0.0,
    "plan": [
        [
            -0.004258994944393635,
            2.911064624786377
        ],
        [
            -0.014539319090545177,
            6.439813613891602
        ],
        [
            -0.033271338790655136,
            10.209508895874023
        ],
        [
            -0.047266095876693726,
            14.18393325805664
        ],
        [
            -0.07900962233543396,
            18.211570739746094
        ],
        [
            -0.10010391473770142,
            21.859508514404297
        ]
    ],
    "command": 3,
    "all_plan": [
        [
            [
                0.040110938251018524,
                3.3791699409484863
            ],
            [
                -0.01790473610162735,
                6.79340934753418
            ],
            [
                -0.1490715742111206,
                10.20969009399414
            ],
            [
                -0.44128572940826416,
                13.382834434509277
            ],
            [
                -0.736332893371582,
                16.242168426513672
            ],
            [
                -1.0979152917861938,
                18.810251235961914
            ]
        ],
        [
            [
                0.28705430030822754,
                2.932410478591919
            ],
            [
                0.6174750328063965,
                6.042807102203369
            ],
            [
                1.5330877304077148,
                8.473243713378906
            ],
            [
                3.0860354900360107,
                10.66232681274414
            ],
            [
                4.814440727233887,
                12.669872283935547
            ],
            [
                6.530993461608887,
                14.54395580291748
            ]
        ],
        [
            [
                -0.01596584916114807,
                3.1804404258728027
            ],
            [
                -0.05588019639253616,
                6.800592422485352
            ],
            [
                -0.057196687906980515,
                10.690105438232422
            ],
            [
                -0.021031443029642105,
                14.835001945495605
            ],
            [
                -0.0032969899475574493,
                19.11409568786621
            ],
            [
                -0.026368238031864166,
                23.47188949584961
            ]
        ],
        [
            [
                -0.004258994944393635,
                2.911064624786377
            ],
            [
                -0.014539319090545177,
                6.439813613891602
            ],
            [
                -0.033271338790655136,
                10.209508895874023
            ],
            [
                -0.047266095876693726,
                14.18393325805664
            ],
            [
                -0.07900962233543396,
                18.211570739746094
            ],
            [
                -0.10010391473770142,
                21.859508514404297
            ]
        ],
        [
            [
                -0.007961452007293701,
                2.2849459648132324
            ],
            [
                -0.06123649328947067,
                5.1160383224487305
            ],
            [
                -0.10773223638534546,
                8.34727668762207
            ],
            [
                -0.20478440821170807,
                12.228256225585938
            ],
            [
                -0.2860032021999359,
                16.684917449951172
            ],
            [
                -0.2959141135215759,
                21.39006233215332
            ]
        ],
        [
            [
                0.19593046605587006,
                2.7579505443573
            ],
            [
                0.24455533921718597,
                5.58754825592041
            ],
            [
                0.44262415170669556,
                8.623995780944824
            ],
            [
                0.42707377672195435,
                12.040807723999023
            ],
            [
                0.3337520956993103,
                15.80201244354248
            ],
            [
                0.17249365150928497,
                19.809513092041016
            ]
        ]
    ]
}