{
    "speed": 5.232375715092964,
    "steer": -0.00023134509683586657,
    "throttle": 0.75,
    "brake": 0.0,
    "wp_4": [
        -0.03027324378490448,
        14.617940902709961
    ],
    "wp_3": [
        -0.017461251467466354,
        10.676738739013672
    ],
    "wp_2": [
        -0.009276646189391613,
        6.947543621063232
    ],
    "wp_1": [
        -0.0003354893997311592,
        3.309100866317749
    ],
    "aim": [
        -0.0003354893997311592,
        3.309100866317749
    ],
    "target": [
        -0.7312360229252235,
        11.052464841258214
    ],
    "desired_speed": 7.335023689270019,
    "angle": -6.453516969642338e-05,
    "angle_last": -0.001423591032547405,
    "angle_target": -0.04205775553065295,
    "angle_final": -6.453516969642338e-05,
    "delta": 0.25,
    "agent": "only_traj",
    "steer_traj": -0.0002313450969256474,
    "throttle_traj": 0.75,
    "brake_traj": 0.0,
    "plan": [
        [
            -0.0003354893997311592,
            3.309100866317749
        ],
        [
            -0.009276646189391613,
            6.947543621063232
        ],
        [
            -0.017461251467466354,
            10.676738739013672
        ],
        [
            -0.03027324378490448,
            14.617940902709961
        ],
        [
            -0.04530532285571098,
            18.438796997070312
        ],
        [
            -0.0524786114692688,
            21.646581649780273
        ]
    ],
    "command": 3,
    "all_plan": [
        [
            [
                0.07140171527862549,
                3.613701343536377
            ],
            [
                0.03824549913406372,
                7.109663963317871
            ],
            [
                -0.07717733085155487,
                10.47749137878418
            ],
            [
                -0.3151971101760864,
                13.512687683105469
            ],
            [
                -0.5520637631416321,
                16.343774795532227
            ],
            [
                -0.8428477048873901,
                18.890464782714844
            ]
        ],
        [
            [
                0.3473643660545349,
                3.082263231277466
            ],
            [
                0.862472653388977,
                6.038546085357666
            ],
            [
                2.0444483757019043,
                8.30147647857666
            ],
            [
                3.9523890018463135,
                10.367063522338867
            ],
            [
                6.0008978843688965,
                12.261860847473145
            ],
            [
                7.9623026847839355,
                14.079179763793945
            ]
        ],
        [
            [
                -0.01929478347301483,
                3.500629425048828
            ],
            [
                -0.05634211748838425,
                7.309808731079102
            ],
            [
                -0.0608576200902462,
                11.261210441589355
            ],
            [
                -0.028309185057878494,
                15.338871955871582
            ],
            [
                -0.0028840042650699615,
                19.424503326416016
            ],
            [
                -0.015462003648281097,
                23.553470611572266
            ]
        ],
        [
            [
                -0.0003354893997311592,
                3.309100866317749
            ],
            [
                -0.009276646189391613,
                6.947543621063232
            ],
            [
                -0.017461251467466354,
                10.676738739013672
            ],
            [
                -0.03027324378490448,
                14.617940902709961
            ],
            [
                -0.04530532285571098,
                18.438796997070312
            ],
            [
                -0.0524786114692688,
                21.646581649780273
            ]
        ],
        [
            [
                -0.03265608847141266,
                2.5603384971618652
            ],
            [
                -0.11087018251419067,
                5.5714311599731445
            ],
            [
                -0.16071844100952148,
                8.948806762695312
            ],
            [
                -0.2960827350616455,
                12.97918701171875
            ],
            [
                -0.39054614305496216,
                17.581636428833008
            ],
            [
                -0.4440315365791321,
                22.34978485107422
            ]
        ],
        [
            [
                0.20188531279563904,
                3.064495325088501
            ],
            [
                0.2490106225013733,
                6.075392723083496
            ],
            [
                0.45175325870513916,
                9.182882308959961
            ],
            [
                0.41778579354286194,
                12.591619491577148
            ],
            [
                0.3389227092266083,
                16.275876998901367
            ],
            [
                0.18311122059822083,
                20.119384765625
            ]
        ]
    ]
}