{
    "speed": 3.122006386140723,
    "steer": 0.0028175939805805683,
    "throttle": 0.75,
    "brake": 0.0,
    "wp_4": [
        0.19372601807117462,
        10.780902862548828
    ],
    "wp_3": [
        0.15903471410274506,
        8.28448486328125
    ],
    "wp_2": [
        0.10647061467170715,
        5.419430732727051
    ],
    "wp_1": [
        0.009508447721600533,
        2.529208183288574
    ],
    "aim": [
        0.009508447721600533,
        2.529208183288574
    ],
    "target": [
        0.39081243166420254,
        50.504261328522325
    ],
    "desired_speed": 4.9504612445831295,
    "angle": 0.002393346348628054,
    "angle_last": 0.023781628388578314,
    "angle_target": 0.004926197293147591,
    "angle_final": 0.002393346348628054,
    "delta": 0.25,
    "agent": "only_traj",
    "steer_traj": 0.0028175939725877527,
    "throttle_traj": 0.75,
    "brake_traj": 0.0,
    "plan": [
        [
            0.009508447721600533,
            2.529208183288574
        ],
        [
            0.10647061467170715,
            5.419430732727051
        ],
        [
            0.15903471410274506,
            8.28448486328125
        ],
        [
            0.19372601807117462,
            10.780902862548828
        ],
        [
            0.30795931816101074,
            13.035731315612793
        ],
        [
            0.3775894343852997,
            14.898819923400879
        ]
    ]
}