{
    "speed": 3.3791294667090837,
    "steer": 0.015370713546872139,
    "throttle": 0.75,
    "brake": 0.0,
    "wp_4": [
        0.06721459329128265,
        11.219878196716309
    ],
    "wp_3": [
        0.05546655133366585,
        8.220727920532227
    ],
    "wp_2": [
        0.26196402311325073,
        5.26765775680542
    ],
    "wp_1": [
        1.2046202421188354,
        2.262754201889038
    ],
    "aim": [
        1.2046202421188354,
        2.262754201889038
    ],
    "target": [
        0.6969986904775815,
        47.265178099509576
    ],
    "desired_speed": 5.8899518013000485,
    "angle": 0.3114383844872596,
    "angle_last": 0.011755410752973754,
    "angle_target": 0.009387269985070616,
    "angle_final": 0.009387269985070616,
    "delta": 0.25,
    "agent": "only_traj",
    "steer_traj": 0.0153707139392514,
    "throttle_traj": 0.75,
    "brake_traj": 0.0,
    "plan": [
        [
            1.2046202421188354,
            2.262754201889038
        ],
        [
            0.26196402311325073,
            5.26765775680542
        ],
        [
            0.05546655133366585,
            8.220727920532227
        ],
        [
            0.06721459329128265,
            11.219878196716309
        ],
        [
            0.0996594950556755,
            14.175186157226562
        ],
        [
            0.14878657460212708,
            16.835378646850586
        ]
    ]
}