{
    "speed": 4.853827575542296,
    "steer": 0.0007784492918290198,
    "throttle": 0.75,
    "brake": 0.0,
    "wp_4": [
        0.15790054202079773,
        12.582162857055664
    ],
    "wp_3": [
        0.08790931850671768,
        9.777620315551758
    ],
    "wp_2": [
        0.1415390521287918,
        6.749032497406006
    ],
    "wp_1": [
        1.163655161857605,
        3.329725980758667
    ],
    "aim": [
        1.163655161857605,
        3.329725980758667
    ],
    "target": [
        0.11585732348029665,
        44.24747760560494
    ],
    "desired_speed": 5.760329723358154,
    "angle": 0.2140358647003665,
    "angle_last": 0.011301279064158683,
    "angle_target": 0.001666917490757751,
    "angle_final": 0.001666917490757751,
    "delta": 0.25,
    "agent": "only_traj",
    "steer_traj": 0.0007784492725353026,
    "throttle_traj": 0.75,
    "brake_traj": 0.0,
    "plan": [
        [
            1.163655161857605,
            3.329725980758667
        ],
        [
            0.1415390521287918,
            6.749032497406006
        ],
        [
            0.08790931850671768,
            9.777620315551758
        ],
        [
            0.15790054202079773,
            12.582162857055664
        ],
        [
            0.1991889476776123,
            15.194716453552246
        ],
        [
            0.2415192574262619,
            17.57900047302246
        ]
    ]
}