{
    "speed": 4.574176045086051,
    "steer": 0.004972593393176794,
    "throttle": 0.75,
    "brake": 0.0,
    "wp_4": [
        0.6711907386779785,
        14.173656463623047
    ],
    "wp_3": [
        0.4249953627586365,
        10.473072052001953
    ],
    "wp_2": [
        0.19391414523124695,
        6.831087589263916
    ],
    "wp_1": [
        1.1684166193008423,
        3.308523416519165
    ],
    "aim": [
        1.1684166193008423,
        3.308523416519165
    ],
    "target": [
        0.18116870542733154,
        43.400247245837825
    ],
    "desired_speed": 7.267786693572997,
    "angle": 0.21612059021703595,
    "angle_last": 0.06940911342804215,
    "angle_target": 0.002657471268339473,
    "angle_final": 0.002657471268339473,
    "delta": 0.25,
    "agent": "only_traj",
    "steer_traj": 0.004972593494533663,
    "throttle_traj": 0.75,
    "brake_traj": 0.0,
    "plan": [
        [
            1.1684166193008423,
            3.308523416519165
        ],
        [
            0.19391414523124695,
            6.831087589263916
        ],
        [
            0.4249953627586365,
            10.473072052001953
        ],
        [
            0.6711907386779785,
            14.173656463623047
        ],
        [
            1.067611575126648,
            17.753969192504883
        ],
        [
            1.4543640613555908,
            21.28719139099121
        ]
    ]
}