{
    "speed": 4.952010071475303,
    "steer": 0.00639524357393384,
    "throttle": 0.75,
    "brake": 0.0,
    "wp_4": [
        0.8095365166664124,
        15.702645301818848
    ],
    "wp_3": [
        0.5143332481384277,
        11.703304290771484
    ],
    "wp_2": [
        0.2415449023246765,
        7.780743598937988
    ],
    "wp_1": [
        0.053622592240571976,
        3.822028636932373
    ],
    "aim": [
        0.053622592240571976,
        3.822028636932373
    ],
    "target": [
        0.6535929354460385,
        40.197757587796964
    ],
    "desired_speed": 7.936811256408691,
    "angle": 0.00893112753117348,
    "angle_last": 0.05897820030958024,
    "angle_target": 0.010350167507031738,
    "angle_final": 0.00893112753117348,
    "delta": 0.25,
    "agent": "only_traj",
    "steer_traj": 0.006395243526224122,
    "throttle_traj": 0.75,
    "brake_traj": 0.0,
    "plan": [
        [
            0.053622592240571976,
            3.822028636932373
        ],
        [
            0.2415449023246765,
            7.780743598937988
        ],
        [
            0.5143332481384277,
            11.703304290771484
        ],
        [
            0.8095365166664124,
            15.702645301818848
        ],
        [
            1.1895580291748047,
            19.636898040771484
        ],
        [
            1.5581225156784058,
            23.603849411010742
        ]
    ]
}