{
    "speed": 5.186463828978278,
    "steer": -0.010282479226589203,
    "throttle": 0.0,
    "brake": 0.0,
    "wp_4": [
        0.24657511711120605,
        15.428237915039062
    ],
    "wp_3": [
        0.13544383645057678,
        11.50437068939209
    ],
    "wp_2": [
        0.05986351519823074,
        7.645280361175537
    ],
    "wp_1": [
        0.0033358880318701267,
        3.7587170600891113
    ],
    "aim": [
        0.0033358880318701267,
        3.7587170600891113
    ],
    "target": [
        0.14420786163293997,
        27.481989167743432
    ],
    "desired_speed": 7.8769647598266594,
    "angle": 0.0005649805988064185,
    "angle_last": 0.01835701625876341,
    "angle_target": 0.0033405417957420094,
    "angle_final": 0.0005649805988064185,
    "delta": 0.25,
    "agent": "only_traj",
    "steer_traj": -0.010282479302335988,
    "throttle_traj": 0.0,
    "brake_traj": 0.0,
    "plan": [
        [
            0.0033358880318701267,
            3.7587170600891113
        ],
        [
            0.05986351519823074,
            7.645280361175537
        ],
        [
            0.13544383645057678,
            11.50437068939209
        ],
        [
            0.24657511711120605,
            15.428237915039062
        ],
        [
            0.3921337127685547,
            19.423717498779297
        ],
        [
            0.5080934166908264,
            23.444082260131836
        ]
    ]
}