{
    "speed": 4.834114523755077,
    "steer": 0.0007047626422718167,
    "throttle": 0.75,
    "brake": 0.0,
    "wp_4": [
        0.0952569916844368,
        15.109786987304688
    ],
    "wp_3": [
        -0.3314859867095947,
        11.351640701293945
    ],
    "wp_2": [
        -0.6644970178604126,
        7.326706886291504
    ],
    "wp_1": [
        0.006675009615719318,
        3.5709705352783203
    ],
    "aim": [
        0.006675009615719318,
        3.5709705352783203
    ],
    "target": [
        0.11081077806708883,
        22.517855309912655
    ],
    "desired_speed": 7.7654606819152825,
    "angle": 0.0011900187988533632,
    "angle_last": 0.009312555650823303,
    "angle_target": 0.0031327922620770442,
    "angle_final": 0.0011900187988533632,
    "delta": 0.25,
    "agent": "only_traj",
    "steer_traj": 0.0007047626217816445,
    "throttle_traj": 0.75,
    "brake_traj": 0.0,
    "plan": [
        [
            0.006675009615719318,
            3.5709705352783203
        ],
        [
            -0.6644970178604126,
            7.326706886291504
        ],
        [
            -0.3314859867095947,
            11.351640701293945
        ],
        [
            0.0952569916844368,
            15.109786987304688
        ],
        [
            0.12512768805027008,
            19.017681121826172
        ],
        [
            0.18172825872898102,
            22.886690139770508
        ]
    ]
}