{
    "speed": 4.948065464385927,
    "steer": 0.0024198738392442465,
    "throttle": 0.75,
    "brake": 0.0,
    "wp_4": [
        0.18965041637420654,
        15.245182037353516
    ],
    "wp_3": [
        0.089347243309021,
        11.303948402404785
    ],
    "wp_2": [
        0.03404945880174637,
        7.458402633666992
    ],
    "wp_1": [
        0.008815300650894642,
        3.6236143112182617
    ],
    "aim": [
        0.008815300650894642,
        3.6236143112182617
    ],
    "target": [
        0.13793841385497752,
        20.775182964549657
    ],
    "desired_speed": 7.724673175811767,
    "angle": 0.0015487555122605883,
    "angle_last": 0.016856651371083945,
    "angle_target": 0.0042268234850994565,
    "angle_final": 0.0015487555122605883,
    "delta": 0.25,
    "agent": "only_traj",
    "steer_traj": 0.0024198737984516888,
    "throttle_traj": 0.75,
    "brake_traj": 0.0,
    "plan": [
        [
            0.008815300650894642,
            3.6236143112182617
        ],
        [
            0.03404945880174637,
            7.458402633666992
        ],
        [
            0.089347243309021,
            11.303948402404785
        ],
        [
            0.18965041637420654,
            15.245182037353516
        ],
        [
            0.2532498240470886,
            19.109092712402344
        ],
        [
            0.35448911786079407,
            22.931676864624023
        ]
    ]
}