{
    "speed": 5.2019909976315315,
    "steer": 0.0007007081294432282,
    "throttle": 0.0,
    "brake": 0.0,
    "wp_4": [
        -0.5263879895210266,
        16.100027084350586
    ],
    "wp_3": [
        -0.6278868317604065,
        11.790210723876953
    ],
    "wp_2": [
        -0.023997031152248383,
        7.852353096008301
    ],
    "wp_1": [
        0.003851329442113638,
        3.8940467834472656
    ],
    "aim": [
        0.003851329442113638,
        3.8940467834472656
    ],
    "target": [
        0.08789130469913292,
        15.19362929502072
    ],
    "desired_speed": 8.139988613128661,
    "angle": 0.0006296397229492059,
    "angle_last": 0.009633346868841569,
    "angle_target": 0.0036826433756473593,
    "angle_final": 0.0006296397229492059,
    "delta": 0.25,
    "agent": "only_traj",
    "steer_traj": 0.0007007081469981553,
    "throttle_traj": 0.0,
    "brake_traj": 0.0,
    "plan": [
        [
            0.003851329442113638,
            3.8940467834472656
        ],
        [
            -0.023997031152248383,
            7.852353096008301
        ],
        [
            -0.6278868317604065,
            11.790210723876953
        ],
        [
            -0.5263879895210266,
            16.100027084350586
        ],
        [
            0.1782473921775818,
            20.034624099731445
        ],
        [
            0.2402784526348114,
            24.133623123168945
        ]
    ]
}