{
    "speed": 4.829503213473904,
    "steer": -0.011969310231506824,
    "throttle": 0.75,
    "brake": 0.0,
    "wp_4": [
        -0.5567519068717957,
        14.568395614624023
    ],
    "wp_3": [
        0.13586707413196564,
        10.675164222717285
    ],
    "wp_2": [
        0.07327431440353394,
        6.92929220199585
    ],
    "wp_1": [
        0.3462938368320465,
        3.588742256164551
    ],
    "aim": [
        0.3462938368320465,
        3.588742256164551
    ],
    "target": [
        -0.23810502538476785,
        9.76020289280267
    ],
    "desired_speed": 7.5140033721923825,
    "angle": 0.06124066252665158,
    "angle_last": 0.15771571851524768,
    "angle_target": -0.015527577503019918,
    "angle_final": -0.015527577503019918,
    "delta": 0.25,
    "agent": "only_traj",
    "steer_traj": -0.011969309856805029,
    "throttle_traj": 0.75,
    "brake_traj": 0.0,
    "plan": [
        [
            0.3462938368320465,
            3.588742256164551
        ],
        [
            0.07327431440353394,
            6.92929220199585
        ],
        [
            0.13586707413196564,
            10.675164222717285
        ],
        [
            -0.5567519068717957,
            14.568395614624023
        ],
        [
            -0.23546841740608215,
            18.781936645507812
        ],
        [
            0.6244422197341919,
            22.181663513183594
        ]
    ]
}