{
    "speed": 4.9378989597403224,
    "steer": -0.02155345119535923,
    "throttle": 0.75,
    "brake": 0.0,
    "wp_4": [
        0.20071984827518463,
        14.46852970123291
    ],
    "wp_3": [
        0.2957642078399658,
        10.818806648254395
    ],
    "wp_2": [
        0.1521327942609787,
        7.084310531616211
    ],
    "wp_1": [
        0.36433544754981995,
        4.069357395172119
    ],
    "aim": [
        0.36433544754981995,
        4.069357395172119
    ],
    "target": [
        -0.37255988411562224,
        7.962817716484062
    ],
    "desired_speed": 7.474599647521973,
    "angle": 0.05684589114169304,
    "angle_last": 0.13301456705486892,
    "angle_target": -0.029764105783237113,
    "angle_final": -0.029764105783237113,
    "delta": 0.25,
    "agent": "only_traj",
    "steer_traj": -0.02155345165856571,
    "throttle_traj": 0.75,
    "brake_traj": 0.0,
    "plan": [
        [
            0.36433544754981995,
            4.069357395172119
        ],
        [
            0.1521327942609787,
            7.084310531616211
        ],
        [
            0.2957642078399658,
            10.818806648254395
        ],
        [
            0.20071984827518463,
            14.46852970123291
        ],
        [
            -0.4866149127483368,
            18.38505744934082
        ],
        [
            0.4051927626132965,
            22.59103775024414
        ]
    ]
}