{
    "speed": 4.929300957893716,
    "steer": 0.0036138221621513367,
    "throttle": 0.75,
    "brake": 0.0,
    "wp_4": [
        0.42114219069480896,
        14.854717254638672
    ],
    "wp_3": [
        0.2552625834941864,
        11.021498680114746
    ],
    "wp_2": [
        -0.3655543625354767,
        7.411145210266113
    ],
    "wp_1": [
        -0.5438064336776733,
        3.1324710845947266
    ],
    "aim": [
        -0.5438064336776733,
        3.1324710845947266
    ],
    "target": [
        0.5568460411536831,
        48.56128933790561
    ],
    "desired_speed": 7.625534248352051,
    "angle": -0.1094284616860697,
    "angle_last": -0.09828007514079334,
    "angle_target": 0.0072997168819982,
    "angle_final": 0.0072997168819982,
    "delta": 0.25,
    "agent": "only_traj",
    "steer_traj": 0.003613822223846791,
    "throttle_traj": 0.75,
    "brake_traj": 0.0,
    "plan": [
        [
            -0.5438064336776733,
            3.1324710845947266
        ],
        [
            -0.3655543625354767,
            7.411145210266113
        ],
        [
            0.2552625834941864,
            11.021498680114746
        ],
        [
            0.42114219069480896,
            14.854717254638672
        ],
        [
            0.7232654690742493,
            18.689619064331055
        ],
        [
            0.19515468180179596,
            22.08329200744629
        ]
    ]
}