{
    "speed": 5.196112424495688,
    "steer": 0.007191556040197611,
    "throttle": 0.0,
    "brake": 0.0,
    "wp_4": [
        0.330069899559021,
        15.00096607208252
    ],
    "wp_3": [
        0.11585471034049988,
        11.225584030151367
    ],
    "wp_2": [
        -0.5703209638595581,
        7.421205997467041
    ],
    "wp_1": [
        -0.46329933404922485,
        3.3507325649261475
    ],
    "aim": [
        -0.46329933404922485,
        3.3507325649261475
    ],
    "target": [
        0.5707554147078825,
        46.11420705065611
    ],
    "desired_speed": 7.629498767852782,
    "angle": -0.08746955528646026,
    "angle_last": -0.005942671860400175,
    "angle_target": 0.007879038869991023,
    "angle_final": 0.007879038869991023,
    "delta": 0.25,
    "agent": "only_traj",
    "steer_traj": 0.007191556076762747,
    "throttle_traj": 0.0,
    "brake_traj": 0.0,
    "plan": [
        [
            -0.46329933404922485,
            3.3507325649261475
        ],
        [
            -0.5703209638595581,
            7.421205997467041
        ],
        [
            0.11585471034049988,
            11.225584030151367
        ],
        [
            0.330069899559021,
            15.00096607208252
        ],
        [
            0.5475457906723022,
            18.8222713470459
        ],
        [
            0.5146210789680481,
            22.34927749633789
        ]
    ]
}