{
    "speed": 4.980122625111165,
    "steer": 0.008320316672325134,
    "throttle": 0.75,
    "brake": 0.0,
    "wp_4": [
        0.11029360443353653,
        14.398646354675293
    ],
    "wp_3": [
        -0.47063302993774414,
        10.734648704528809
    ],
    "wp_2": [
        -0.5542172193527222,
        6.715328216552734
    ],
    "wp_1": [
        -0.07054279744625092,
        3.1555979251861572
    ],
    "aim": [
        -0.07054279744625092,
        3.1555979251861572
    ],
    "target": [
        0.2821542291523872,
        43.38514549340933
    ],
    "desired_speed": 7.367876243591309,
    "angle": -0.014229133252450423,
    "angle_last": 0.022014506668314462,
    "angle_target": 0.004140182699236379,
    "angle_final": 0.004140182699236379,
    "delta": 0.25,
    "agent": "only_traj",
    "steer_traj": 0.00832031693875112,
    "throttle_traj": 0.75,
    "brake_traj": 0.0,
    "plan": [
        [
            -0.07054279744625092,
            3.1555979251861572
        ],
        [
            -0.5542172193527222,
            6.715328216552734
        ],
        [
            -0.47063302993774414,
            10.734648704528809
        ],
        [
            0.11029360443353653,
            14.398646354675293
        ],
        [
            0.18138688802719116,
            18.034849166870117
        ],
        [
            0.3010246455669403,
            21.493179321289062
        ]
    ]
}