{
    "speed": 4.832453536026331,
    "steer": -0.0009586624219082296,
    "throttle": 0.75,
    "brake": 0.0,
    "wp_4": [
        -0.19731536507606506,
        14.24532699584961
    ],
    "wp_3": [
        -0.7018967270851135,
        10.344986915588379
    ],
    "wp_2": [
        -0.4029211103916168,
        6.398033618927002
    ],
    "wp_1": [
        -0.018630918115377426,
        3.0396056175231934
    ],
    "aim": [
        -0.018630918115377426,
        3.0396056175231934
    ],
    "target": [
        -1.0170730290243999,
        41.2374232575373
    ],
    "desired_speed": 6.987285804748536,
    "angle": -0.0039020390093726987,
    "angle_last": 0.010182721751082929,
    "angle_target": -0.015698302823010286,
    "angle_final": -0.0039020390093726987,
    "delta": 0.25,
    "agent": "only_traj",
    "steer_traj": -0.0009586623981813236,
    "throttle_traj": 0.75,
    "brake_traj": 0.0,
    "plan": [
        [
            -0.018630918115377426,
            3.0396056175231934
        ],
        [
            -0.4029211103916168,
            6.398033618927002
        ],
        [
            -0.7018967270851135,
            10.344986915588379
        ],
        [
            -0.19731536507606506,
            14.24532699584961
        ],
        [
            -0.023924479261040688,
            17.607988357543945
        ],
        [
            0.021333759650588036,
            20.437265396118164
        ]
    ]
}