{
    "speed": 5.201973873538715,
    "steer": 0.002656932221725583,
    "throttle": 0.0,
    "brake": 0.0,
    "wp_4": [
        -0.05903186649084091,
        15.20969295501709
    ],
    "wp_3": [
        -0.045504290610551834,
        11.339632034301758
    ],
    "wp_2": [
        -0.0057530030608177185,
        7.510091781616211
    ],
    "wp_1": [
        0.016120178624987602,
        3.689418315887451
    ],
    "aim": [
        0.016120178624987602,
        3.689418315887451
    ],
    "target": [
        0.39029362251747257,
        35.46461749317682
    ],
    "desired_speed": 7.576417255401611,
    "angle": 0.002781528766457112,
    "angle_last": -0.0011548610342027922,
    "angle_target": 0.007005816626564201,
    "angle_final": 0.002781528766457112,
    "delta": 0.25,
    "agent": "only_traj",
    "steer_traj": 0.002656932274767472,
    "throttle_traj": 0.0,
    "brake_traj": 0.0,
    "plan": [
        [
            0.016120178624987602,
            3.689418315887451
        ],
        [
            -0.0057530030608177185,
            7.510091781616211
        ],
        [
            -0.045504290610551834,
            11.339632034301758
        ],
        [
            -0.05903186649084091,
            15.20969295501709
        ],
        [
            -0.1082991436123848,
            18.976160049438477
        ],
        [
            -0.11492744088172913,
            22.629840850830078
        ]
    ]
}