{
    "speed": 4.989344097696548,
    "steer": -0.001271638786420226,
    "throttle": 0.75,
    "brake": 0.0,
    "wp_4": [
        -0.5393211841583252,
        14.217448234558105
    ],
    "wp_3": [
        0.10846774280071259,
        10.505162239074707
    ],
    "wp_2": [
        0.048394493758678436,
        6.84190559387207
    ],
    "wp_1": [
        -0.00112368434201926,
        3.2495040893554688
    ],
    "aim": [
        -0.00112368434201926,
        3.2495040893554688
    ],
    "target": [
        -0.5245413290606655,
        33.28505349654125
    ],
    "desired_speed": 7.636265373229981,
    "angle": -0.00022011170079115825,
    "angle_last": 0.155264060058167,
    "angle_target": -0.010031702119574833,
    "angle_final": -0.00022011170079115825,
    "delta": 0.25,
    "agent": "only_traj",
    "steer_traj": -0.0012716387608786282,
    "throttle_traj": 0.75,
    "brake_traj": 0.0,
    "plan": [
        [
            -0.00112368434201926,
            3.2495040893554688
        ],
        [
            0.048394493758678436,
            6.84190559387207
        ],
        [
            0.10846774280071259,
            10.505162239074707
        ],
        [
            -0.5393211841583252,
            14.217448234558105
        ],
        [
            -0.4754779040813446,
            18.382015228271484
        ],
        [
            0.4664618968963623,
            22.167312622070312
        ]
    ]
}