{
    "speed": 5.202231686071435,
    "steer": 0.0032220911234617233,
    "throttle": 0.0,
    "brake": 0.0,
    "wp_4": [
        0.037934720516204834,
        14.569906234741211
    ],
    "wp_3": [
        -0.6422481536865234,
        10.724438667297363
    ],
    "wp_2": [
        -0.48237136006355286,
        7.097696304321289
    ],
    "wp_1": [
        0.023401107639074326,
        3.497896194458008
    ],
    "aim": [
        0.023401107639074326,
        3.497896194458008
    ],
    "target": [
        1.1603912703396635,
        26.002859199522103
    ],
    "desired_speed": 7.383093643188477,
    "angle": 0.004258974574921648,
    "angle_last": 0.02340536085630139,
    "angle_target": 0.028390656154421476,
    "angle_final": 0.004258974574921648,
    "delta": 0.25,
    "agent": "only_traj",
    "steer_traj": 0.0032220912383086123,
    "throttle_traj": 0.0,
    "brake_traj": 0.0,
    "plan": [
        [
            0.023401107639074326,
            3.497896194458008
        ],
        [
            -0.48237136006355286,
            7.097696304321289
        ],
        [
            -0.6422481536865234,
            10.724438667297363
        ],
        [
            0.037934720516204834,
            14.569906234741211
        ],
        [
            0.4010430574417114,
            18.026554107666016
        ],
        [
            0.5411409735679626,
            21.835464477539062
        ]
    ]
}