{
    "speed": 4.949232547844008,
    "steer": -0.0055981166660785675,
    "throttle": 0.75,
    "brake": 0.0,
    "wp_4": [
        0.009285219945013523,
        10.076191902160645
    ],
    "wp_3": [
        -0.06873435527086258,
        7.561017990112305
    ],
    "wp_2": [
        -0.00037181098014116287,
        5.031004905700684
    ],
    "wp_1": [
        -0.00832454301416874,
        2.3811798095703125
    ],
    "aim": [
        -0.00832454301416874,
        2.3811798095703125
    ],
    "target": [
        -0.020683574981852304,
        23.215855861371764
    ],
    "desired_speed": 5.238837051391601,
    "angle": -0.002225607023088458,
    "angle_last": 0.025540402099856602,
    "angle_target": -0.0005671800079832643,
    "angle_final": -0.0005671800079832643,
    "delta": 0.25,
    "agent": "only_traj",
    "steer_traj": -0.0055981164474424375,
    "throttle_traj": 0.75,
    "brake_traj": 0.0,
    "plan": [
        [
            -0.00832454301416874,
            2.3811798095703125
        ],
        [
            -0.00037181098014116287,
            5.031004905700684
        ],
        [
            -0.06873435527086258,
            7.561017990112305
        ],
        [
            0.009285219945013523,
            10.076191902160645
        ],
        [
            0.012999608181416988,
            12.695508003234863
        ],
        [
            0.1245245635509491,
            15.47388744354248
        ]
    ]
}