{
    "speed": 4.830881076327848,
    "steer": -0.014247787185013294,
    "throttle": 0.75,
    "brake": 0.0,
    "wp_4": [
        0.17092224955558777,
        13.91048526763916
    ],
    "wp_3": [
        0.09968812763690948,
        10.285089492797852
    ],
    "wp_2": [
        0.06751789897680283,
        6.774266719818115
    ],
    "wp_1": [
        0.7064067721366882,
        3.2804338932037354
    ],
    "aim": [
        0.7064067721366882,
        3.2804338932037354
    ],
    "target": [
        -0.49064706266584013,
        20.867531759921302
    ],
    "desired_speed": 7.175928974151612,
    "angle": 0.13502742380327165,
    "angle_last": -0.012092498298088877,
    "angle_target": -0.014965741207829336,
    "angle_final": -0.014965741207829336,
    "delta": 0.25,
    "agent": "only_traj",
    "steer_traj": -0.014247786773639304,
    "throttle_traj": 0.75,
    "brake_traj": 0.0,
    "plan": [
        [
            0.7064067721366882,
            3.2804338932037354
        ],
        [
            0.06751789897680283,
            6.774266719818115
        ],
        [
            0.09968812763690948,
            10.285089492797852
        ],
        [
            0.17092224955558777,
            13.91048526763916
        ],
        [
            -0.214965358376503,
            17.280227661132812
        ],
        [
            -0.28826650977134705,
            21.138755798339844
        ]
    ]
}