{
    "speed": 4.935987966910374,
    "steer": 0.00030522470478899777,
    "throttle": 0.75,
    "brake": 0.0,
    "wp_4": [
        0.19990554451942444,
        14.279991149902344
    ],
    "wp_3": [
        0.10675092041492462,
        10.607568740844727
    ],
    "wp_2": [
        0.05000617727637291,
        7.024286270141602
    ],
    "wp_1": [
        -0.5688192248344421,
        3.46412992477417
    ],
    "aim": [
        -0.5688192248344421,
        3.46412992477417
    ],
    "target": [
        -0.06343899825149635,
        19.095602651708244
    ],
    "desired_speed": 7.184807682037354,
    "angle": -0.10361005120510818,
    "angle_last": 0.01325881128028434,
    "angle_target": -0.0021149566621935967,
    "angle_final": -0.0021149566621935967,
    "delta": 0.25,
    "agent": "only_traj",
    "steer_traj": 0.0003052247003267213,
    "throttle_traj": 0.75,
    "brake_traj": 0.0,
    "plan": [
        [
            -0.5688192248344421,
            3.46412992477417
        ],
        [
            0.05000617727637291,
            7.024286270141602
        ],
        [
            0.10675092041492462,
            10.607568740844727
        ],
        [
            0.19990554451942444,
            14.279991149902344
        ],
        [
            0.2686067223548889,
            17.870336532592773
        ],
        [
            0.341498464345932,
            21.369720458984375
        ]
    ]
}