{
    "speed": 4.980652254674117,
    "steer": 6.164603837532923e-05,
    "throttle": 0.75,
    "brake": 0.0,
    "wp_4": [
        -0.4543750286102295,
        14.554503440856934
    ],
    "wp_3": [
        0.059806760400533676,
        10.668669700622559
    ],
    "wp_2": [
        0.04188784956932068,
        6.955830097198486
    ],
    "wp_1": [
        0.002015488687902689,
        3.26229190826416
    ],
    "aim": [
        0.002015488687902689,
        3.26229190826416
    ],
    "target": [
        -0.10219027116901239,
        13.882093104422758
    ],
    "desired_speed": 7.761501407623291,
    "angle": 0.00039331517766676475,
    "angle_last": 0.048530818846119525,
    "angle_target": -0.004686265364387024,
    "angle_final": 0.00039331517766676475,
    "delta": 0.25,
    "agent": "only_traj",
    "steer_traj": 6.164603694047002e-05,
    "throttle_traj": 0.75,
    "brake_traj": 0.0,
    "plan": [
        [
            0.002015488687902689,
            3.26229190826416
        ],
        [
            0.04188784956932068,
            6.955830097198486
        ],
        [
            0.059806760400533676,
            10.668669700622559
        ],
        [
            -0.4543750286102295,
            14.554503440856934
        ],
        [
            0.05133369192481041,
            18.756160736083984
        ],
        [
            0.3441948890686035,
            22.590423583984375
        ]
    ]
}