{
    "speed": 4.946070389547045,
    "steer": 0.005460951942950487,
    "throttle": 0.75,
    "brake": 0.0,
    "wp_4": [
        0.13494877517223358,
        13.413141250610352
    ],
    "wp_3": [
        -0.004965533968061209,
        9.926900863647461
    ],
    "wp_2": [
        0.054810188710689545,
        6.443586349487305
    ],
    "wp_1": [
        -0.09789825230836868,
        2.980607509613037
    ],
    "aim": [
        -0.09789825230836868,
        2.980607509613037
    ],
    "target": [
        -0.7145569624759143,
        2.0870209936189212
    ],
    "desired_speed": 6.816427135467528,
    "angle": -0.020902303962543656,
    "angle_last": 0.025932606740196887,
    "angle_target": -0.21000272091470182,
    "angle_final": -0.020902303962543656,
    "delta": 0.25,
    "agent": "only_traj",
    "steer_traj": 0.005460951745812629,
    "throttle_traj": 0.75,
    "brake_traj": 0.0,
    "plan": [
        [
            -0.09789825230836868,
            2.980607509613037
        ],
        [
            0.054810188710689545,
            6.443586349487305
        ],
        [
            -0.004965533968061209,
            9.926900863647461
        ],
        [
            0.13494877517223358,
            13.413141250610352
        ],
        [
            0.1864846646785736,
            16.742551803588867
        ],
        [
            0.31973397731781006,
            20.011877059936523
        ]
    ]
}