{
    "speed": 4.854198712892099,
    "steer": -0.028834180906414986,
    "throttle": 0.75,
    "brake": 0.0,
    "wp_4": [
        0.14837653934955597,
        14.184978485107422
    ],
    "wp_3": [
        -0.4119469225406647,
        10.719111442565918
    ],
    "wp_2": [
        -0.6448968648910522,
        6.886844158172607
    ],
    "wp_1": [
        -0.1766965538263321,
        3.250816583633423
    ],
    "aim": [
        -0.1766965538263321,
        3.250816583633423
    ],
    "target": [
        -0.19036562459594528,
        2.220494017368387
    ],
    "desired_speed": 7.2764696121215815,
    "angle": -0.034569133036785285,
    "angle_last": 0.02215035154180694,
    "angle_target": -0.05444505226310899,
    "angle_final": -0.034569133036785285,
    "delta": 0.25,
    "agent": "only_traj",
    "steer_traj": -0.028834181093783134,
    "throttle_traj": 0.75,
    "brake_traj": 0.0,
    "plan": [
        [
            -0.1766965538263321,
            3.250816583633423
        ],
        [
            -0.6448968648910522,
            6.886844158172607
        ],
        [
            -0.4119469225406647,
            10.719111442565918
        ],
        [
            0.14837653934955597,
            14.184978485107422
        ],
        [
            0.23045353591442108,
            17.777915954589844
        ],
        [
            0.35502612590789795,
            21.35679054260254
        ]
    ]
}