{
    "speed": 5.277773729758214,
    "steer": 0.008918846026062965,
    "throttle": 0.0,
    "brake": 0.0,
    "wp_4": [
        -0.24561312794685364,
        14.113609313964844
    ],
    "wp_3": [
        -0.1477714478969574,
        10.365699768066406
    ],
    "wp_2": [
        -0.01677023433148861,
        6.659658432006836
    ],
    "wp_1": [
        -0.21527965366840363,
        3.1381282806396484
    ],
    "aim": [
        -0.21527965366840363,
        3.1381282806396484
    ],
    "target": [
        0.5637968958395099,
        50.495661495476554
    ],
    "desired_speed": 7.166473388671875,
    "angle": -0.04360456261682282,
    "angle_last": 0.04201626030675214,
    "angle_target": 0.007107726230943596,
    "angle_final": 0.007107726230943596,
    "delta": 0.25,
    "agent": "only_traj",
    "steer_traj": 0.00891884568254872,
    "throttle_traj": 0.0,
    "brake_traj": 0.0,
    "plan": [
        [
            -0.21527965366840363,
            3.1381282806396484
        ],
        [
            -0.01677023433148861,
            6.659658432006836
        ],
        [
            -0.1477714478969574,
            10.365699768066406
        ],
        [
            -0.24561312794685364,
            14.113609313964844
        ],
        [
            -0.6920340061187744,
            17.658750534057617
        ],
        [
            -0.4705449044704437,
            21.00982093811035
        ]
    ]
}