{
    "speed": 5.216102756930112,
    "steer": -0.009504742920398712,
    "throttle": 0.0,
    "brake": 0.0,
    "wp_4": [
        -0.20901215076446533,
        14.184538841247559
    ],
    "wp_3": [
        -0.1446584165096283,
        10.225225448608398
    ],
    "wp_2": [
        -0.06414902210235596,
        6.444916248321533
    ],
    "wp_1": [
        0.5576024651527405,
        4.156704902648926
    ],
    "aim": [
        0.5576024651527405,
        4.156704902648926
    ],
    "target": [
        -0.6270303777514339,
        48.07553075366173
    ],
    "desired_speed": 7.24104642868042,
    "angle": 0.08489277282150719,
    "angle_last": 0.0015332737501418928,
    "angle_target": -0.008302712369803155,
    "angle_final": -0.008302712369803155,
    "delta": 0.25,
    "agent": "only_traj",
    "steer_traj": -0.00950474284944567,
    "throttle_traj": 0.0,
    "brake_traj": 0.0,
    "plan": [
        [
            0.5576024651527405,
            4.156704902648926
        ],
        [
            -0.06414902210235596,
            6.444916248321533
        ],
        [
            -0.1446584165096283,
            10.225225448608398
        ],
        [
            -0.20901215076446533,
            14.184538841247559
        ],
        [
            -0.23260748386383057,
            18.25996971130371
        ],
        [
            -0.22317864000797272,
            22.174894332885742
        ]
    ]
}