{
    "speed": 5.212910509868416,
    "steer": -0.0004419420438352972,
    "throttle": 0.0,
    "brake": 0.0,
    "wp_4": [
        0.008705958724021912,
        12.806255340576172
    ],
    "wp_3": [
        -0.039784353226423264,
        9.297346115112305
    ],
    "wp_2": [
        0.017176546156406403,
        5.937613487243652
    ],
    "wp_1": [
        -0.010328462347388268,
        2.724083423614502
    ],
    "aim": [
        -0.010328462347388268,
        2.724083423614502
    ],
    "target": [
        -1.0679525155622678,
        42.64282046164747
    ],
    "desired_speed": 6.864330768585205,
    "angle": -0.00241374078922692,
    "angle_last": 0.005238575483883032,
    "angle_target": -0.015940258906991658,
    "angle_final": -0.00241374078922692,
    "delta": 0.25,
    "agent": "only_traj",
    "steer_traj": -0.0004419420567400151,
    "throttle_traj": 0.0,
    "brake_traj": 0.0,
    "plan": [
        [
            -0.010328462347388268,
            2.724083423614502
        ],
        [
            0.017176546156406403,
            5.937613487243652
        ],
        [
            -0.039784353226423264,
            9.297346115112305
        ],
        [
            0.008705958724021912,
            12.806255340576172
        ],
        [
            0.0506066232919693,
            16.391864776611328
        ],
        [
            0.0793401375412941,
            19.88361167907715
        ]
    ]
}