{
    "speed": 5.264420521335626,
    "steer": -0.005727960728108883,
    "throttle": 0.0,
    "brake": 0.0,
    "wp_4": [
        0.03636307269334793,
        14.300935745239258
    ],
    "wp_3": [
        -0.02090122178196907,
        10.362981796264648
    ],
    "wp_2": [
        -0.017686523497104645,
        6.6483473777771
    ],
    "wp_1": [
        -0.010851135477423668,
        3.0688605308532715
    ],
    "aim": [
        -0.010851135477423668,
        3.0688605308532715
    ],
    "target": [
        0.8672001210197203,
        31.991876448091993
    ],
    "desired_speed": 7.742185115814209,
    "angle": -0.002250954614008283,
    "angle_last": 0.012527298020175973,
    "angle_target": 0.017252554260429858,
    "angle_final": -0.002250954614008283,
    "delta": 0.25,
    "agent": "only_traj",
    "steer_traj": -0.005727960703448904,
    "throttle_traj": 0.0,
    "brake_traj": 0.0,
    "plan": [
        [
            -0.010851135477423668,
            3.0688605308532715
        ],
        [
            -0.017686523497104645,
            6.6483473777771
        ],
        [
            -0.02090122178196907,
            10.362981796264648
        ],
        [
            0.03636307269334793,
            14.300935745239258
        ],
        [
            0.16511502861976624,
            18.396221160888672
        ],
        [
            0.2443261742591858,
            22.421096801757812
        ]
    ]
}