{
    "speed": 5.240059529571281,
    "steer": 0.0013072291621938348,
    "throttle": 0.0,
    "brake": 0.0,
    "wp_4": [
        0.033976878970861435,
        13.156793594360352
    ],
    "wp_3": [
        -0.03905707225203514,
        9.535530090332031
    ],
    "wp_2": [
        -0.006060385145246983,
        6.127831935882568
    ],
    "wp_1": [
        -0.12508723139762878,
        2.8700008392333984
    ],
    "aim": [
        -0.12508723139762878,
        2.8700008392333984
    ],
    "target": [
        0.13666007043427433,
        29.5386734688394
    ],
    "desired_speed": 7.105476570129394,
    "angle": -0.027729078037971405,
    "angle_last": 0.013129113577044873,
    "angle_target": 0.0029452873807171184,
    "angle_final": 0.0029452873807171184,
    "delta": 0.25,
    "agent": "only_traj",
    "steer_traj": 0.0013072291924595418,
    "throttle_traj": 0.0,
    "brake_traj": 0.0,
    "plan": [
        [
            -0.12508723139762878,
            2.8700008392333984
        ],
        [
            -0.006060385145246983,
            6.127831935882568
        ],
        [
            -0.03905707225203514,
            9.535530090332031
        ],
        [
            0.033976878970861435,
            13.156793594360352
        ],
        [
            0.1501723676919937,
            16.925636291503906
        ],
        [
            0.2265385091304779,
            20.62804412841797
        ]
    ]
}