{
    "speed": 5.250713946748692,
    "steer": 0.0028912019915878773,
    "throttle": 0.0,
    "brake": 0.0,
    "wp_4": [
        0.1318601816892624,
        13.15296745300293
    ],
    "wp_3": [
        0.04645263031125069,
        9.50850772857666
    ],
    "wp_2": [
        0.0557062104344368,
        6.083157539367676
    ],
    "wp_1": [
        0.004077444318681955,
        2.7879140377044678
    ],
    "aim": [
        0.004077444318681955,
        2.7879140377044678
    ],
    "target": [
        0.607980567455339,
        24.961813587794232
    ],
    "desired_speed": 7.008395671844482,
    "angle": 0.000931078738319102,
    "angle_last": 0.017661019982339113,
    "angle_target": 0.015502717323702425,
    "angle_final": 0.000931078738319102,
    "delta": 0.25,
    "agent": "only_traj",
    "steer_traj": 0.0028912019464165644,
    "throttle_traj": 0.0,
    "brake_traj": 0.0,
    "plan": [
        [
            0.004077444318681955,
            2.7879140377044678
        ],
        [
            0.0557062104344368,
            6.083157539367676
        ],
        [
            0.04645263031125069,
            9.50850772857666
        ],
        [
            0.1318601816892624,
            13.15296745300293
        ],
        [
            0.23053792119026184,
            16.81016731262207
        ],
        [
            0.3275107443332672,
            20.3048095703125
        ]
    ]
}