{
    "speed": 5.220775449415823,
    "steer": 0.0015679310308769345,
    "throttle": 0.0,
    "brake": 0.0,
    "wp_4": [
        0.09602051973342896,
        13.637497901916504
    ],
    "wp_3": [
        0.01744059845805168,
        9.82719612121582
    ],
    "wp_2": [
        0.04475779086351395,
        6.255763530731201
    ],
    "wp_1": [
        -0.4263647794723511,
        2.934943199157715
    ],
    "aim": [
        -0.4263647794723511,
        2.934943199157715
    ],
    "target": [
        0.07324060786297176,
        22.803641708396817
    ],
    "desired_speed": 7.302153873443604,
    "angle": -0.09184049690031452,
    "angle_last": 0.013000781911639413,
    "angle_target": 0.002044684764660119,
    "angle_final": 0.002044684764660119,
    "delta": 0.25,
    "agent": "only_traj",
    "steer_traj": 0.001567930996543015,
    "throttle_traj": 0.0,
    "brake_traj": 0.0,
    "plan": [
        [
            -0.4263647794723511,
            2.934943199157715
        ],
        [
            0.04475779086351395,
            6.255763530731201
        ],
        [
            0.01744059845805168,
            9.82719612121582
        ],
        [
            0.09602051973342896,
            13.637497901916504
        ],
        [
            0.15118519961833954,
            17.450057983398438
        ],
        [
            0.22685623168945312,
            21.15498924255371
        ]
    ]
}