{
    "speed": 4.850852489196567,
    "steer": -0.0038896535988897085,
    "throttle": 0.75,
    "brake": 0.0,
    "wp_4": [
        -0.05992799252271652,
        13.13620376586914
    ],
    "wp_3": [
        -0.13238169252872467,
        9.260629653930664
    ],
    "wp_2": [
        -0.07751839607954025,
        5.730802536010742
    ],
    "wp_1": [
        -0.03205760195851326,
        2.498171806335449
    ],
    "aim": [
        -0.03205760195851326,
        2.498171806335449
    ],
    "target": [
        -0.0672811548467413,
        15.390164047325635
    ],
    "desired_speed": 7.573010444641113,
    "angle": -0.008168934074870442,
    "angle_last": 0.008912306565460557,
    "angle_target": -0.002783091881706501,
    "angle_final": -0.002783091881706501,
    "delta": 0.25,
    "agent": "only_traj",
    "steer_traj": -0.0038896536494692205,
    "throttle_traj": 0.75,
    "brake_traj": 0.0,
    "plan": [
        [
            -0.03205760195851326,
            2.498171806335449
        ],
        [
            -0.07751839607954025,
            5.730802536010742
        ],
        [
            -0.13238169252872467,
            9.260629653930664
        ],
        [
            -0.05992799252271652,
            13.13620376586914
        ],
        [
            -0.02376597374677658,
            17.25860595703125
        ],
        [
            0.034616805613040924,
            21.428707122802734
        ]
    ]
}