{
    "speed": 4.834030102302572,
    "steer": -0.005504523403942585,
    "throttle": 0.75,
    "brake": 0.0,
    "wp_4": [
        -0.1370246559381485,
        13.47530746459961
    ],
    "wp_3": [
        -0.1221390813589096,
        9.654166221618652
    ],
    "wp_2": [
        -0.046164534986019135,
        6.085847854614258
    ],
    "wp_1": [
        -0.0205851998180151,
        2.7199931144714355
    ],
    "aim": [
        -0.0205851998180151,
        2.7199931144714355
    ],
    "target": [
        0.9268796270634053,
        12.594151944217153
    ],
    "desired_speed": 7.473666763305665,
    "angle": -0.004817891486080631,
    "angle_last": -0.00028408780601694436,
    "angle_target": 0.046768373275109555,
    "angle_final": -0.004817891486080631,
    "delta": 0.25,
    "agent": "only_traj",
    "steer_traj": -0.005504523222222858,
    "throttle_traj": 0.75,
    "brake_traj": 0.0,
    "plan": [
        [
            -0.0205851998180151,
            2.7199931144714355
        ],
        [
            -0.046164534986019135,
            6.085847854614258
        ],
        [
            -0.1221390813589096,
            9.654166221618652
        ],
        [
            -0.1370246559381485,
            13.47530746459961
        ],
        [
            -0.17029017210006714,
            17.444358825683594
        ],
        [
            -0.17205683887004852,
            21.403085708618164
        ]
    ]
}