{
    "speed": 4.760123120199523,
    "steer": 0.001172790303826332,
    "throttle": 0.75,
    "brake": 0.0,
    "wp_4": [
        0.08210957795381546,
        13.375292778015137
    ],
    "wp_3": [
        -0.01263504009693861,
        9.582401275634766
    ],
    "wp_2": [
        -0.00969678908586502,
        6.029367446899414
    ],
    "wp_1": [
        0.012318486347794533,
        2.676668882369995
    ],
    "aim": [
        0.012318486347794533,
        2.676668882369995
    ],
    "target": [
        0.46207489791445794,
        10.242575028897289
    ],
    "desired_speed": 7.362916278839112,
    "angle": 0.0029298197624371665,
    "angle_last": 0.02442943388585864,
    "angle_target": 0.028700468085966692,
    "angle_final": 0.0029298197624371665,
    "delta": 0.25,
    "agent": "only_traj",
    "steer_traj": 0.001172790299034051,
    "throttle_traj": 0.75,
    "brake_traj": 0.0,
    "plan": [
        [
            0.012318486347794533,
            2.676668882369995
        ],
        [
            -0.00969678908586502,
            6.029367446899414
        ],
        [
            -0.01263504009693861,
            9.582401275634766
        ],
        [
            0.08210957795381546,
            13.375292778015137
        ],
        [
            0.18793952465057373,
            17.260826110839844
        ],
        [
            0.3345077633857727,
            21.078449249267578
        ]
    ]
}