{
    "speed": 5.124781832486025,
    "steer": 0.0004838373279199004,
    "throttle": 0.0,
    "brake": 0.0,
    "wp_4": [
        0.39074379205703735,
        14.977829933166504
    ],
    "wp_3": [
        0.175704225897789,
        10.906639099121094
    ],
    "wp_2": [
        0.07558869570493698,
        7.1398749351501465
    ],
    "wp_1": [
        0.006123045925050974,
        3.4041824340820312
    ],
    "aim": [
        0.006123045925050974,
        3.4041824340820312
    ],
    "target": [
        1.2440622466979812,
        48.885882508065365
    ],
    "desired_speed": 8.035668754577637,
    "angle": 0.0011450913323128348,
    "angle_last": 0.041899539962935696,
    "angle_target": 0.016197390345113374,
    "angle_final": 0.0011450913323128348,
    "delta": 0.25,
    "agent": "only_traj",
    "steer_traj": 0.0004838373186224571,
    "throttle_traj": 0.0,
    "brake_traj": 0.0,
    "plan": [
        [
            0.006123045925050974,
            3.4041824340820312
        ],
        [
            0.07558869570493698,
            7.1398749351501465
        ],
        [
            0.175704225897789,
            10.906639099121094
        ],
        [
            0.39074379205703735,
            14.977829933166504
        ],
        [
            0.6377038955688477,
            19.183183670043945
        ],
        [
            0.9201961755752563,
            23.469158172607422
        ]
    ]
}