{
    "speed": 4.834792926507319,
    "steer": -0.004281478933990002,
    "throttle": 0.75,
    "brake": 0.0,
    "wp_4": [
        -0.01963695138692856,
        13.614974975585938
    ],
    "wp_3": [
        -0.025975335389375687,
        9.573919296264648
    ],
    "wp_2": [
        0.009909562766551971,
        5.8396100997924805
    ],
    "wp_1": [
        -0.004592766519635916,
        2.4779651165008545
    ],
    "aim": [
        -0.004592766519635916,
        2.4779651165008545
    ],
    "target": [
        0.9694945575745867,
        44.14113291681581
    ],
    "desired_speed": 7.70164794921875,
    "angle": -0.0011799050611595056,
    "angle_last": 0.02173621440513183,
    "angle_target": 0.013980161985610263,
    "angle_final": -0.0011799050611595056,
    "delta": 0.25,
    "agent": "only_traj",
    "steer_traj": -0.004281479042436712,
    "throttle_traj": 0.75,
    "brake_traj": 0.0,
    "plan": [
        [
            -0.004592766519635916,
            2.4779651165008545
        ],
        [
            0.009909562766551971,
            5.8396100997924805
        ],
        [
            -0.025975335389375687,
            9.573919296264648
        ],
        [
            -0.01963695138692856,
            13.614974975585938
        ],
        [
            0.043386124074459076,
            17.729570388793945
        ],
        [
            0.17999449372291565,
            21.729061126708984
        ]
    ]
}