{
    "speed": 5.21523571866084,
    "steer": -0.0008844961412250996,
    "throttle": 0.0,
    "brake": 0.0,
    "wp_4": [
        -0.0726737380027771,
        14.481063842773438
    ],
    "wp_3": [
        -0.08446960896253586,
        10.459882736206055
    ],
    "wp_2": [
        -0.016970030963420868,
        6.629088401794434
    ],
    "wp_1": [
        -0.015876149758696556,
        3.003551959991455
    ],
    "aim": [
        -0.015876149758696556,
        3.003551959991455
    ],
    "target": [
        1.177630807021861,
        39.02721378297132
    ],
    "desired_speed": 7.865925979614258,
    "angle": -0.003364958467637363,
    "angle_last": 0.002261220133683696,
    "angle_target": 0.01920392391060111,
    "angle_final": -0.003364958467637363,
    "delta": 0.25,
    "agent": "only_traj",
    "steer_traj": -0.0008844961434960608,
    "throttle_traj": 0.0,
    "brake_traj": 0.0,
    "plan": [
        [
            -0.015876149758696556,
            3.003551959991455
        ],
        [
            -0.016970030963420868,
            6.629088401794434
        ],
        [
            -0.08446960896253586,
            10.459882736206055
        ],
        [
            -0.0726737380027771,
            14.481063842773438
        ],
        [
            -0.10635165870189667,
            18.58876609802246
        ],
        [
            -0.09186407178640366,
            22.667591094970703
        ]
    ]
}