{
    "speed": 4.833311154702025,
    "steer": -0.013885244727134705,
    "throttle": 0.75,
    "brake": 0.0,
    "wp_4": [
        -0.07558874040842056,
        12.66926097869873
    ],
    "wp_3": [
        -0.061521947383880615,
        8.857585906982422
    ],
    "wp_2": [
        0.033420413732528687,
        5.4080491065979
    ],
    "wp_1": [
        -0.050594720989465714,
        2.351287603378296
    ],
    "aim": [
        -0.050594720989465714,
        2.351287603378296
    ],
    "target": [
        0.9094618565369024,
        33.665219592461916
    ],
    "desired_speed": 7.266681098937989,
    "angle": -0.013696606170161761,
    "angle_last": 0.004106737247421142,
    "angle_target": 0.01719402460881937,
    "angle_final": -0.013696606170161761,
    "delta": 0.25,
    "agent": "only_traj",
    "steer_traj": -0.013885244462462535,
    "throttle_traj": 0.75,
    "brake_traj": 0.0,
    "plan": [
        [
            -0.050594720989465714,
            2.351287603378296
        ],
        [
            0.033420413732528687,
            5.4080491065979
        ],
        [
            -0.061521947383880615,
            8.857585906982422
        ],
        [
            -0.07558874040842056,
            12.66926097869873
        ],
        [
            -0.14507290720939636,
            16.592056274414062
        ],
        [
            -0.11976741999387741,
            20.514806747436523
        ]
    ]
}