{
    "speed": 5.093402085201283,
    "steer": -0.0045608896762132645,
    "throttle": 0.0,
    "brake": 0.0,
    "wp_4": [
        -0.16648289561271667,
        14.436483383178711
    ],
    "wp_3": [
        -0.1138501837849617,
        10.395465850830078
    ],
    "wp_2": [
        -0.10604783147573471,
        6.5451250076293945
    ],
    "wp_1": [
        -0.12957751750946045,
        2.920053005218506
    ],
    "aim": [
        -0.12957751750946045,
        2.920053005218506
    ],
    "target": [
        -0.21872216465541888,
        31.41543273207204
    ],
    "desired_speed": 7.713590812683105,
    "angle": -0.02823147639692123,
    "angle_last": -0.006371607740276976,
    "angle_target": -0.004432235776921333,
    "angle_final": -0.004432235776921333,
    "delta": 0.25,
    "agent": "only_traj",
    "steer_traj": -0.0045608897242042385,
    "throttle_traj": 0.0,
    "brake_traj": 0.0,
    "plan": [
        [
            -0.12957751750946045,
            2.920053005218506
        ],
        [
            -0.10604783147573471,
            6.5451250076293945
        ],
        [
            -0.1138501837849617,
            10.395465850830078
        ],
        [
            -0.16648289561271667,
            14.436483383178711
        ],
        [
            -0.2752607464790344,
            18.380796432495117
        ],
        [
            -0.3135058581829071,
            22.20191192626953
        ]
    ]
}