{
    "speed": 5.0845127146678335,
    "steer": -0.002713939407840371,
    "throttle": 0.0,
    "brake": 0.0,
    "wp_4": [
        -0.13937564194202423,
        13.596521377563477
    ],
    "wp_3": [
        -0.12514834105968475,
        9.626989364624023
    ],
    "wp_2": [
        -0.03070865571498871,
        5.948398590087891
    ],
    "wp_1": [
        -0.016781805083155632,
        2.5909204483032227
    ],
    "aim": [
        -0.016781805083155632,
        2.5909204483032227
    ],
    "target": [
        0.598455763122463,
        29.918883562476708
    ],
    "desired_speed": 7.739507293701173,
    "angle": -0.00412341302947189,
    "angle_last": 0.0042302877804075946,
    "angle_target": 0.012732359191390222,
    "angle_final": -0.00412341302947189,
    "delta": 0.25,
    "agent": "only_traj",
    "steer_traj": -0.002713939322758556,
    "throttle_traj": 0.0,
    "brake_traj": 0.0,
    "plan": [
        [
            -0.016781805083155632,
            2.5909204483032227
        ],
        [
            -0.03070865571498871,
            5.948398590087891
        ],
        [
            -0.12514834105968475,
            9.626989364624023
        ],
        [
            -0.13937564194202423,
            13.596521377563477
        ],
        [
            -0.18554747104644775,
            17.762420654296875
        ],
        [
            -0.1578003466129303,
            21.938074111938477
        ]
    ]
}