{
    "speed": 4.932589267332204,
    "steer": -0.006602933164685965,
    "throttle": 0.75,
    "brake": 0.0,
    "wp_4": [
        -0.2201385200023651,
        14.3048677444458
    ],
    "wp_3": [
        -0.17326438426971436,
        10.22765827178955
    ],
    "wp_2": [
        -0.0640067309141159,
        6.408627986907959
    ],
    "wp_1": [
        -0.026451943442225456,
        2.8516578674316406
    ],
    "aim": [
        -0.026451943442225456,
        2.8516578674316406
    ],
    "target": [
        0.614750950435966,
        27.545032354098986
    ],
    "desired_speed": 7.947904968261718,
    "angle": -0.005905105819965105,
    "angle_last": -0.00425728473720414,
    "angle_target": 0.014205743016584295,
    "angle_final": -0.005905105819965105,
    "delta": 0.25,
    "agent": "only_traj",
    "steer_traj": -0.006602933321547636,
    "throttle_traj": 0.75,
    "brake_traj": 0.0,
    "plan": [
        [
            -0.026451943442225456,
            2.8516578674316406
        ],
        [
            -0.0640067309141159,
            6.408627986907959
        ],
        [
            -0.17326438426971436,
            10.22765827178955
        ],
        [
            -0.2201385200023651,
            14.3048677444458
        ],
        [
            -0.30055344104766846,
            18.537878036499023
        ],
        [
            -0.32851120829582214,
            22.71853256225586
        ]
    ]
}