{
    "speed": 4.884198934698101,
    "steer": -0.005843474064022303,
    "throttle": 0.75,
    "brake": 0.0,
    "wp_4": [
        -0.1308523267507553,
        14.630402565002441
    ],
    "wp_3": [
        -0.10551092773675919,
        10.506638526916504
    ],
    "wp_2": [
        -0.02827952802181244,
        6.642552852630615
    ],
    "wp_1": [
        -0.01918966881930828,
        3.028106689453125
    ],
    "aim": [
        -0.01918966881930828,
        3.028106689453125
    ],
    "target": [
        0.9782739279719879,
        23.91066831524528
    ],
    "desired_speed": 8.045628070831297,
    "angle": -0.004034317006298612,
    "angle_last": 0.00026005059786073814,
    "angle_target": 0.026031952100950627,
    "angle_final": -0.004034317006298612,
    "delta": 0.25,
    "agent": "only_traj",
    "steer_traj": -0.005843474265812929,
    "throttle_traj": 0.75,
    "brake_traj": 0.0,
    "plan": [
        [
            -0.01918966881930828,
            3.028106689453125
        ],
        [
            -0.02827952802181244,
            6.642552852630615
        ],
        [
            -0.10551092773675919,
            10.506638526916504
        ],
        [
            -0.1308523267507553,
            14.630402565002441
        ],
        [
            -0.1582089066505432,
            18.917137145996094
        ],
        [
            -0.1564832478761673,
            23.14122772216797
        ]
    ]
}