{
    "speed": 5.015452641255707,
    "steer": 0.002615689765661955,
    "throttle": 0.0,
    "brake": 0.0,
    "wp_4": [
        -0.09130910784006119,
        14.74370002746582
    ],
    "wp_3": [
        -0.08259579539299011,
        10.64716625213623
    ],
    "wp_2": [
        -0.012418419122695923,
        6.7587127685546875
    ],
    "wp_1": [
        -0.006079209502786398,
        3.0879268646240234
    ],
    "aim": [
        -0.006079209502786398,
        3.0879268646240234
    ],
    "target": [
        0.08233820970123268,
        13.759906153434466
    ],
    "desired_speed": 7.939797306060791,
    "angle": -0.0012532916492417538,
    "angle_last": 0.0020554796576847567,
    "angle_target": 0.00380943780393821,
    "angle_final": -0.0012532916492417538,
    "delta": 0.25,
    "agent": "only_traj",
    "steer_traj": 0.0026156898558393643,
    "throttle_traj": 0.0,
    "brake_traj": 0.0,
    "plan": [
        [
            -0.006079209502786398,
            3.0879268646240234
        ],
        [
            -0.012418419122695923,
            6.7587127685546875
        ],
        [
            -0.08259579539299011,
            10.64716625213623
        ],
        [
            -0.09130910784006119,
            14.74370002746582
        ],
        [
            -0.11043982952833176,
            18.89272117614746
        ],
        [
            -0.09738288819789886,
            22.93670654296875
        ]
    ]
}