{
    "speed": 5.0726125956530685,
    "steer": -0.0005886910366825759,
    "throttle": 0.0,
    "brake": 0.0,
    "wp_4": [
        -0.11655766516923904,
        14.505430221557617
    ],
    "wp_3": [
        -0.11765506863594055,
        10.418573379516602
    ],
    "wp_2": [
        -0.051291175186634064,
        6.564017295837402
    ],
    "wp_1": [
        -0.01758263073861599,
        2.9562814235687256
    ],
    "aim": [
        -0.01758263073861599,
        2.9562814235687256
    ],
    "target": [
        0.5211448085818846,
        11.00577166537185
    ],
    "desired_speed": 8.031949710845947,
    "angle": -0.003786229357445594,
    "angle_last": 0.0027699933358588686,
    "angle_target": 0.030122690710916937,
    "angle_final": -0.003786229357445594,
    "delta": 0.25,
    "agent": "only_traj",
    "steer_traj": -0.0005886910208394914,
    "throttle_traj": 0.0,
    "brake_traj": 0.0,
    "plan": [
        [
            -0.01758263073861599,
            2.9562814235687256
        ],
        [
            -0.051291175186634064,
            6.564017295837402
        ],
        [
            -0.11765506863594055,
            10.418573379516602
        ],
        [
            -0.11655766516923904,
            14.505430221557617
        ],
        [
            -0.12566189467906952,
            18.79922103881836
        ],
        [
            -0.10722971707582474,
            23.035377502441406
        ]
    ]
}