{
    "speed": 4.913387009253578,
    "steer": -0.0002092690992867574,
    "throttle": 0.75,
    "brake": 0.0,
    "wp_4": [
        -0.062301114201545715,
        14.11093521118164
    ],
    "wp_3": [
        -0.059192221611738205,
        10.029619216918945
    ],
    "wp_2": [
        0.0014084428548812866,
        6.219098091125488
    ],
    "wp_1": [
        0.0063843452371656895,
        2.727613925933838
    ],
    "aim": [
        0.0063843452371656895,
        2.727613925933838
    ],
    "target": [
        -0.051086101451237154,
        9.349025867295191
    ],
    "desired_speed": 7.910797309875489,
    "angle": 0.0014900917763892567,
    "angle_last": 0.00854309689532598,
    "angle_target": -0.0034786617398039447,
    "angle_final": 0.0014900917763892567,
    "delta": 0.25,
    "agent": "only_traj",
    "steer_traj": -0.00020926910057467467,
    "throttle_traj": 0.75,
    "brake_traj": 0.0,
    "plan": [
        [
            0.0063843452371656895,
            2.727613925933838
        ],
        [
            0.0014084428548812866,
            6.219098091125488
        ],
        [
            -0.059192221611738205,
            10.029619216918945
        ],
        [
            -0.062301114201545715,
            14.11093521118164
        ],
        [
            -0.04833218455314636,
            18.349111557006836
        ],
        [
            0.007423974573612213,
            22.50372314453125
        ]
    ]
}