{
    "speed": -7.150580720043001e-06,
    "steer": 0.0036037794779986143,
    "throttle": 0.75,
    "brake": 0.0,
    "wp_4": [
        0.0011857487261295319,
        6.333970546722412
    ],
    "wp_3": [
        0.017995797097682953,
        3.475743055343628
    ],
    "wp_2": [
        0.008636356331408024,
        1.4256298542022705
    ],
    "wp_1": [
        0.0055265119299292564,
        0.33555150032043457
    ],
    "aim": [
        0.017995797097682953,
        3.475743055343628
    ],
    "target": [
        -1.1608691593253841,
        52.88519066047741
    ],
    "desired_speed": 5.236289358139038,
    "angle": 0.0032960696839314063,
    "angle_last": -0.0039003694075755843,
    "angle_target": -0.013972032393488694,
    "angle_final": 0.0032960696839314063,
    "delta": 0.25,
    "agent": "only_traj",
    "steer_traj": 0.0036037793838939567,
    "throttle_traj": 0.75,
    "brake_traj": 0.0,
    "plan": [
        [
            0.0055265119299292564,
            0.33555150032043457
        ],
        [
            0.008636356331408024,
            1.4256298542022705
        ],
        [
            0.017995797097682953,
            3.475743055343628
        ],
        [
            0.0011857487261295319,
            6.333970546722412
        ],
        [
            -0.01783464103937149,
            9.779886245727539
        ],
        [
            -0.04017404466867447,
            13.426078796386719
        ]
    ],
    "command": 3,
    "all_plan": [
        [
            [
                -0.021457022055983543,
                0.9772634506225586
            ],
            [
                -0.043475519865751266,
                2.8532655239105225
            ],
            [
                -0.001643553376197815,
                5.158288955688477
            ],
            [
                -0.189316064119339,
                7.306755542755127
            ],
            [
                -0.260548859834671,
                9.048041343688965
            ],
            [
                -0.29876863956451416,
                10.607333183288574
            ]
        ],
        [
            [
                0.012461280450224876,
                1.495631217956543
            ],
            [
                -0.07744315266609192,
                4.115715026855469
            ],
            [
                -0.1976032853126526,
                6.286007404327393
            ],
            [
                -0.19939576089382172,
                8.270607948303223
            ],
            [
                0.012101411819458008,
                10.033353805541992
            ],
            [
                0.4676498770713806,
                11.635780334472656
            ]
        ],
        [
            [
                -0.01800544559955597,
                0.4556276202201843
            ],
            [
                -0.05487100034952164,
                1.8059046268463135
            ],
            [
                -0.07663807272911072,
                4.072972297668457
            ],
            [
                -0.0714610293507576,
                7.300075531005859
            ],
            [
                -0.029332786798477173,
                11.487897872924805
            ],
            [
                -0.07579754292964935,
                16.19828224182129
            ]
        ],
        [
            [
                0.0055265119299292564,
                0.33555150032043457
            ],
            [
                0.008636356331408024,
                1.4256298542022705
            ],
            [
                0.017995797097682953,
                3.475743055343628
            ],
            [
                0.0011857487261295319,
                6.333970546722412
            ],
            [
                -0.01783464103937149,
                9.779886245727539
            ],
            [
                -0.04017404466867447,
                13.426078796386719
            ]
        ],
        [
            [
                0.06950319558382034,
                0.048795491456985474
            ],
            [
                0.05883920192718506,
                0.56205153465271
            ],
            [
                0.05976717174053192,
                1.4754014015197754
            ],
            [
                0.05711882933974266,
                2.9837799072265625
            ],
            [
                0.0382692925632,
                5.015586853027344
            ],
            [
                0.051301825791597366,
                7.721683502197266
            ]
        ],
        [
            [
                -0.02819174900650978,
                0.009923059493303299
            ],
            [
                -0.017625678330659866,
                0.9963518381118774
            ],
            [
                -0.04704124480485916,
                2.7975614070892334
            ],
            [
                -0.12678498029708862,
                5.209597587585449
            ],
            [
                -0.24604889750480652,
                8.37980842590332
            ],
            [
                -0.5551177859306335,
                12.144852638244629
            ]
        ]
    ]
}