{
    "speed": 1.5127833477301829,
    "steer": 0.00041859401972033083,
    "throttle": 0.75,
    "brake": 0.0,
    "wp_4": [
        0.04721558094024658,
        9.017867088317871
    ],
    "wp_3": [
        0.03421679511666298,
        6.040002822875977
    ],
    "wp_2": [
        0.0003872038796544075,
        3.4221911430358887
    ],
    "wp_1": [
        0.001519705168902874,
        1.3524377346038818
    ],
    "aim": [
        0.0003872038796544075,
        3.4221911430358887
    ],
    "target": [
        -0.796435874537089,
        52.24813267054484
    ],
    "desired_speed": 5.6248854637146,
    "angle": 7.199272271305372e-05,
    "angle_last": -7.637416425777882e-05,
    "angle_target": -0.009703457978541238,
    "angle_final": 7.199272271305372e-05,
    "delta": 0.25,
    "agent": "only_traj",
    "steer_traj": 0.00041859402601278415,
    "throttle_traj": 0.75,
    "brake_traj": 0.0,
    "plan": [
        [
            0.001519705168902874,
            1.3524377346038818
        ],
        [
            0.0003872038796544075,
            3.4221911430358887
        ],
        [
            0.03421679511666298,
            6.040002822875977
        ],
        [
            0.04721558094024658,
            9.017867088317871
        ],
        [
            0.029039833694696426,
            12.275405883789062
        ],
        [
            0.028662990778684616,
            15.414353370666504
        ]
    ],
    "command": 3,
    "all_plan": [
        [
            [
                0.0108022540807724,
                1.9107388257980347
            ],
            [
                -0.04139632731676102,
                4.342496395111084
            ],
            [
                -0.07115914672613144,
                6.986852645874023
            ],
            [
                -0.21458518505096436,
                9.42108154296875
            ],
            [
                -0.31048524379730225,
                11.26104736328125
            ],
            [
                -0.34792715311050415,
                12.76561164855957
            ]
        ],
        [
            [
                0.016505232080817223,
                2.1760318279266357
            ],
            [
                -0.13446961343288422,
                5.067009925842285
            ],
            [
                -0.1182529479265213,
                7.355358123779297
            ],
            [
                0.2582414746284485,
                9.237397193908691
            ],
            [
                1.0975725650787354,
                10.717862129211426
            ],
            [
                2.2089948654174805,
                11.930866241455078
            ]
        ],
        [
            [
                -0.004995428957045078,
                1.3604551553726196
            ],
            [
                -0.0060285767540335655,
                3.484951972961426
            ],
            [
                0.004923967644572258,
                6.296577453613281
            ],
            [
                0.04645258188247681,
                9.888436317443848
            ],
            [
                0.13531243801116943,
                14.052581787109375
            ],
            [
                0.10860544443130493,
                18.503503799438477
            ]
        ],
        [
            [
                0.001519705168902874,
                1.3524377346038818
            ],
            [
                0.0003872038796544075,
                3.4221911430358887
            ],
            [
                0.03421679511666298,
                6.040002822875977
            ],
            [
                0.04721558094024658,
                9.017867088317871
            ],
            [
                0.029039833694696426,
                12.275405883789062
            ],
            [
                0.028662990778684616,
                15.414353370666504
            ]
        ],
        [
            [
                -0.0013898015022277832,
                0.45643702149391174
            ],
            [
                0.020184608176350594,
                1.5707576274871826
            ],
            [
                0.04002204164862633,
                3.1161365509033203
            ],
            [
                0.07271519303321838,
                5.312143325805664
            ],
            [
                0.045544497668743134,
                8.100363731384277
            ],
            [
                0.10760731995105743,
                11.38295841217041
            ]
        ],
        [
            [
                0.059283703565597534,
                0.6853371858596802
            ],
            [
                0.09363341331481934,
                2.0825722217559814
            ],
            [
                0.2005731761455536,
                4.073368549346924
            ],
            [
                0.2293018400669098,
                6.6932477951049805
            ],
            [
                0.19026610255241394,
                9.864925384521484
            ],
            [
                0.01305447518825531,
                13.568277359008789
            ]
        ]
    ]
}