{
    "speed": 3.1037747273677456,
    "steer": 0.0005210331291891634,
    "throttle": 0.75,
    "brake": 0.0,
    "wp_4": [
        0.07350614666938782,
        12.068448066711426
    ],
    "wp_3": [
        0.04920819774270058,
        8.522229194641113
    ],
    "wp_2": [
        0.02154187485575676,
        5.208827018737793
    ],
    "wp_1": [
        0.0022365255281329155,
        2.2721331119537354
    ],
    "aim": [
        0.0022365255281329155,
        2.2721331119537354
    ],
    "target": [
        0.3915917760668417,
        50.499656362345625
    ],
    "desired_speed": 6.935011959075928,
    "angle": 0.0006266799743088671,
    "angle_last": 0.006513999474896746,
    "angle_target": 0.004936470637319712,
    "angle_final": 0.0006266799743088671,
    "delta": 0.25,
    "agent": "only_traj",
    "steer_traj": 0.0005210331081636644,
    "throttle_traj": 0.75,
    "brake_traj": 0.0,
    "plan": [
        [
            0.0022365255281329155,
            2.2721331119537354
        ],
        [
            0.02154187485575676,
            5.208827018737793
        ],
        [
            0.04920819774270058,
            8.522229194641113
        ],
        [
            0.07350614666938782,
            12.068448066711426
        ],
        [
            0.09291650354862213,
            15.842044830322266
        ],
        [
            0.13146352767944336,
            19.609153747558594
        ]
    ],
    "command": 3,
    "all_plan": [
        [
            [
                0.06723371893167496,
                2.6879689693450928
            ],
            [
                0.02136799693107605,
                5.668908596038818
            ],
            [
                -0.05287729203701019,
                8.7863187789917
            ],
            [
                -0.28807657957077026,
                11.763568878173828
            ],
            [
                -0.5568642616271973,
                14.401592254638672
            ],
            [
                -0.8573589324951172,
                16.75088882446289
            ]
        ],
        [
            [
                0.19084729254245758,
                2.6367926597595215
            ],
            [
                0.29477930068969727,
                5.76800537109375
            ],
            [
                0.7948180437088013,
                8.34031867980957
            ],
            [
                1.7537908554077148,
                10.637042999267578
            ],
            [
                2.9180490970611572,
                12.707324981689453
            ],
            [
                4.098516464233398,
                14.712285995483398
            ]
        ],
        [
            [
                0.011536567471921444,
                2.439551591873169
            ],
            [
                0.01841307431459427,
                5.435152053833008
            ],
            [
                0.03897557035088539,
                8.887187957763672
            ],
            [
                0.08851668238639832,
                12.831087112426758
            ],
            [
                0.1592070460319519,
                17.117313385009766
            ],
            [
                0.20985816419124603,
                21.586503982543945
            ]
        ],
        [
            [
                0.0022365255281329155,
                2.2721331119537354
            ],
            [
                0.02154187485575676,
                5.208827018737793
            ],
            [
                0.04920819774270058,
                8.522229194641113
            ],
            [
                0.07350614666938782,
                12.068448066711426
            ],
            [
                0.09291650354862213,
                15.842044830322266
            ],
            [
                0.13146352767944336,
                19.609153747558594
            ]
        ],
        [
            [
                0.01714435964822769,
                1.6111253499984741
            ],
            [
                -0.001659667119383812,
                3.8815126419067383
            ],
            [
                -0.00757656991481781,
                6.511401176452637
            ],
            [
                0.005709521472454071,
                9.816808700561523
            ],
            [
                -0.0006097410805523396,
                13.656344413757324
            ],
            [
                0.08981837332248688,
                17.833955764770508
            ]
        ],
        [
            [
                0.20200271904468536,
                2.0335519313812256
            ],
            [
                0.2975716292858124,
                4.383053779602051
            ],
            [
                0.4890614151954651,
                7.0179548263549805
            ],
            [
                0.5544244050979614,
                10.130067825317383
            ],
            [
                0.5351127982139587,
                13.683863639831543
            ],
            [
                0.4804699122905731,
                17.579835891723633
            ]
        ]
    ]
}