{
    "speed": 5.189938773085541,
    "steer": 0.002760570263490081,
    "throttle": 0.75,
    "brake": 0.0,
    "wp_4": [
        0.14605702459812164,
        13.537731170654297
    ],
    "wp_3": [
        0.09827704727649689,
        9.976879119873047
    ],
    "wp_2": [
        0.048858437687158585,
        6.501343727111816
    ],
    "wp_1": [
        0.013629208318889141,
        3.106137990951538
    ],
    "aim": [
        0.013629208318889141,
        3.106137990951538
    ],
    "target": [
        0.7024767896211377,
        48.307487806330705
    ],
    "desired_speed": 6.892023658752442,
    "angle": 0.0027933677610184676,
    "angle_last": 0.00934048353542958,
    "angle_target": 0.009256931281812783,
    "angle_final": 0.0027933677610184676,
    "delta": 0.25,
    "agent": "only_traj",
    "steer_traj": 0.002760570290276204,
    "throttle_traj": 0.75,
    "brake_traj": 0.0,
    "plan": [
        [
            0.013629208318889141,
            3.106137990951538
        ],
        [
            0.048858437687158585,
            6.501343727111816
        ],
        [
            0.09827704727649689,
            9.976879119873047
        ],
        [
            0.14605702459812164,
            13.537731170654297
        ],
        [
            0.19458290934562683,
            17.08847999572754
        ],
        [
            0.24221418797969818,
            20.33466148376465
        ]
    ],
    "command": 3,
    "all_plan": [
        [
            [
                0.09276898205280304,
                3.2603142261505127
            ],
            [
                0.0791032463312149,
                6.514033794403076
            ],
            [
                -0.0010315775871276855,
                9.69499397277832
            ],
            [
                -0.21606692671775818,
                12.644482612609863
            ],
            [
                -0.4724538028240204,
                15.342577934265137
            ],
            [
                -0.7550396919250488,
                17.781246185302734
            ]
        ],
        [
            [
                0.28684377670288086,
                3.0068936347961426
            ],
            [
                0.6396273374557495,
                6.087484359741211
            ],
            [
                1.5501582622528076,
                8.559822082519531
            ],
            [
                3.0642082691192627,
                10.756181716918945
            ],
            [
                4.769131660461426,
                12.716773986816406
            ],
            [
                6.406306743621826,
                14.66423225402832
            ]
        ],
        [
            [
                0.019208967685699463,
                3.1732587814331055
            ],
            [
                0.041024304926395416,
                6.671231746673584
            ],
            [
                0.08039852976799011,
                10.381031036376953
            ],
            [
                0.15133684873580933,
                14.382987976074219
            ],
            [
                0.2400577962398529,
                18.471330642700195
            ],
            [
                0.30736207962036133,
                22.64640235900879
            ]
        ],
        [
            [
                0.013629208318889141,
                3.106137990951538
            ],
            [
                0.048858437687158585,
                6.501343727111816
            ],
            [
                0.09827704727649689,
                9.976879119873047
            ],
            [
                0.14605702459812164,
                13.537731170654297
            ],
            [
                0.19458290934562683,
                17.08847999572754
            ],
            [
                0.24221418797969818,
                20.33466148376465
            ]
        ],
        [
            [
                -0.03998054563999176,
                2.1524605751037598
            ],
            [
                -0.09538405388593674,
                4.918349266052246
            ],
            [
                -0.10349931567907333,
                7.9814772605896
            ],
            [
                -0.12130992114543915,
                11.741888046264648
            ],
            [
                -0.13821828365325928,
                16.05995750427246
            ],
            [
                -0.08370460569858551,
                20.546207427978516
            ]
        ],
        [
            [
                0.2442571073770523,
                2.68753719329834
            ],
            [
                0.33700791001319885,
                5.433211803436279
            ],
            [
                0.5717231035232544,
                8.290778160095215
            ],
            [
                0.633941113948822,
                11.51201057434082
            ],
            [
                0.6475440263748169,
                15.022634506225586
            ],
            [
                0.6592804193496704,
                18.742712020874023
            ]
        ]
    ]
}