{
    "speed": 5.180104153621737,
    "steer": 0.0035579989198595285,
    "throttle": 0.75,
    "brake": 0.0,
    "wp_4": [
        0.12940151989459991,
        13.356374740600586
    ],
    "wp_3": [
        0.0896836668252945,
        9.755796432495117
    ],
    "wp_2": [
        0.04812832549214363,
        6.272099494934082
    ],
    "wp_1": [
        0.015119637362658978,
        2.941422939300537
    ],
    "aim": [
        0.015119637362658978,
        2.941422939300537
    ],
    "target": [
        0.613571717592292,
        48.30419464148509
    ],
    "desired_speed": 7.082932567596435,
    "angle": 0.0032723158038179168,
    "angle_last": 0.008192708190904325,
    "angle_target": 0.00808606548757764,
    "angle_final": 0.0032723158038179168,
    "delta": 0.25,
    "agent": "only_traj",
    "steer_traj": 0.0035579989926204803,
    "throttle_traj": 0.75,
    "brake_traj": 0.0,
    "plan": [
        [
            0.015119637362658978,
            2.941422939300537
        ],
        [
            0.04812832549214363,
            6.272099494934082
        ],
        [
            0.0896836668252945,
            9.755796432495117
        ],
        [
            0.12940151989459991,
            13.356374740600586
        ],
        [
            0.16500401496887207,
            17.060585021972656
        ],
        [
            0.21116873621940613,
            20.647655487060547
        ]
    ],
    "command": 3,
    "all_plan": [
        [
            [
                0.07893290370702744,
                3.1279382705688477
            ],
            [
                0.04979436844587326,
                6.330982208251953
            ],
            [
                -0.03317924588918686,
                9.552127838134766
            ],
            [
                -0.28661036491394043,
                12.621689796447754
            ],
            [
                -0.592970609664917,
                15.468306541442871
            ],
            [
                -0.9487854242324829,
                18.072425842285156
            ]
        ],
        [
            [
                0.28291356563568115,
                2.8712265491485596
            ],
            [
                0.5752965211868286,
                5.951964378356934
            ],
            [
                1.3794844150543213,
                8.523893356323242
            ],
            [
                2.7146100997924805,
                10.870994567871094
            ],
            [
                4.161980152130127,
                13.041580200195312
            ],
            [
                5.528189659118652,
                15.205659866333008
            ]
        ],
        [
            [
                0.019643262028694153,
                3.067384719848633
            ],
            [
                0.03233664482831955,
                6.473066329956055
            ],
            [
                0.08007638156414032,
                10.12070083618164
            ],
            [
                0.1420513093471527,
                14.078971862792969
            ],
            [
                0.21761183440685272,
                18.169904708862305
            ],
            [
                0.29676100611686707,
                22.36366081237793
            ]
        ],
        [
            [
                0.015119637362658978,
                2.941422939300537
            ],
            [
                0.04812832549214363,
                6.272099494934082
            ],
            [
                0.0896836668252945,
                9.755796432495117
            ],
            [
                0.12940151989459991,
                13.356374740600586
            ],
            [
                0.16500401496887207,
                17.060585021972656
            ],
            [
                0.21116873621940613,
                20.647655487060547
            ]
        ],
        [
            [
                -0.01807469129562378,
                2.141265630722046
            ],
            [
                -0.07211511582136154,
                4.932435512542725
            ],
            [
                -0.09150982648134232,
                8.024882316589355
            ],
            [
                -0.10455277562141418,
                11.783676147460938
            ],
            [
                -0.13750621676445007,
                16.057353973388672
            ],
            [
                -0.08091756701469421,
                20.535972595214844
            ]
        ],
        [
            [
                0.2667025923728943,
                2.683734655380249
            ],
            [
                0.37315863370895386,
                5.430039405822754
            ],
            [
                0.6030520796775818,
                8.30190658569336
            ],
            [
                0.6790903806686401,
                11.528341293334961
            ],
            [
                0.6869714260101318,
                15.075331687927246
            ],
            [
                0.713064432144165,
                18.846670150756836
            ]
        ]
    ]
}