{
    "speed": 6.466389211583406,
    "steer": 0.0027073172386735678,
    "throttle": 0.75,
    "brake": 0.0,
    "wp_4": [
        0.08723028749227524,
        12.869545936584473
    ],
    "wp_3": [
        0.06103084608912468,
        9.44811725616455
    ],
    "wp_2": [
        0.03475039079785347,
        6.110870361328125
    ],
    "wp_1": [
        0.013498249463737011,
        2.8863332271575928
    ],
    "aim": [
        0.013498249463737011,
        2.8863332271575928
    ],
    "target": [
        0.6428023897655234,
        46.66231855355466
    ],
    "desired_speed": 6.764166069030762,
    "angle": 0.0029771757406825885,
    "angle_last": 0.004722972092537848,
    "angle_target": 0.008769277675309689,
    "angle_final": 0.0029771757406825885,
    "delta": 0.25,
    "agent": "only_traj",
    "steer_traj": 0.0027073172917885186,
    "throttle_traj": 0.75,
    "brake_traj": 0.0,
    "plan": [
        [
            0.013498249463737011,
            2.8863332271575928
        ],
        [
            0.03475039079785347,
            6.110870361328125
        ],
        [
            0.06103084608912468,
            9.44811725616455
        ],
        [
            0.08723028749227524,
            12.869545936584473
        ],
        [
            0.10726547241210938,
            16.38626480102539
        ],
        [
            0.13256444036960602,
            19.796323776245117
        ]
    ],
    "command": 3,
    "all_plan": [
        [
            [
                0.07326730340719223,
                3.0303361415863037
            ],
            [
                0.036938078701496124,
                6.142879009246826
            ],
            [
                -0.03209967166185379,
                9.257953643798828
            ],
            [
                -0.25323861837387085,
                12.222670555114746
            ],
            [
                -0.5167498588562012,
                14.932014465332031
            ],
            [
                -0.8121374845504761,
                17.40639305114746
            ]
        ],
        [
            [
                0.2798202633857727,
                2.819035768508911
            ],
            [
                0.5600823163986206,
                5.836540222167969
            ],
            [
                1.3273310661315918,
                8.319171905517578
            ],
            [
                2.642458915710449,
                10.526032447814941
            ],
            [
                4.103878021240234,
                12.535806655883789
            ],
            [
                5.524085998535156,
                14.558774948120117
            ]
        ],
        [
            [
                0.013826458714902401,
                2.9514553546905518
            ],
            [
                0.02259024977684021,
                6.245380401611328
            ],
            [
                0.05474179610610008,
                9.775400161743164
            ],
            [
                0.1020621806383133,
                13.647358894348145
            ],
            [
                0.17305788397789001,
                17.659423828125
            ],
            [
                0.22526101768016815,
                21.784576416015625
            ]
        ],
        [
            [
                0.013498249463737011,
                2.8863332271575928
            ],
            [
                0.03475039079785347,
                6.110870361328125
            ],
            [
                0.06103084608912468,
                9.44811725616455
            ],
            [
                0.08723028749227524,
                12.869545936584473
            ],
            [
                0.10726547241210938,
                16.38626480102539
            ],
            [
                0.13256444036960602,
                19.796323776245117
            ]
        ],
        [
            [
                -0.0132540762424469,
                1.9782119989395142
            ],
            [
                -0.07436232268810272,
                4.5951433181762695
            ],
            [
                -0.11798162758350372,
                7.516143798828125
            ],
            [
                -0.14466476440429688,
                11.102875709533691
            ],
            [
                -0.19625535607337952,
                15.215726852416992
            ],
            [
                -0.17196398973464966,
                19.539621353149414
            ]
        ],
        [
            [
                0.27476513385772705,
                2.4862754344940186
            ],
            [
                0.3621693253517151,
                5.087106704711914
            ],
            [
                0.5587686896324158,
                7.828427314758301
            ],
            [
                0.6219898462295532,
                10.967044830322266
            ],
            [
                0.613824725151062,
                14.414856910705566
            ],
            [
                0.6227333545684814,
                18.100603103637695
            ]
        ]
    ]
}