{
    "speed": 6.4951647356227635,
    "steer": 0.003421708010137081,
    "throttle": 0.75,
    "brake": 0.0,
    "wp_4": [
        0.050405144691467285,
        13.50960922241211
    ],
    "wp_3": [
        0.04217000678181648,
        9.91319465637207
    ],
    "wp_2": [
        0.02585182711482048,
        6.405029773712158
    ],
    "wp_1": [
        0.01383043359965086,
        3.0119221210479736
    ],
    "aim": [
        0.01383043359965086,
        3.0119221210479736
    ],
    "target": [
        0.4209210985919061,
        46.65556698980788
    ],
    "desired_speed": 7.143615055084228,
    "angle": 0.0029232931372302658,
    "angle_last": 0.00030004515000070167,
    "angle_target": 0.005743353715018829,
    "angle_final": 0.0029232931372302658,
    "delta": 0.25,
    "agent": "only_traj",
    "steer_traj": 0.0034217080823884674,
    "throttle_traj": 0.75,
    "brake_traj": 0.0,
    "plan": [
        [
            0.01383043359965086,
            3.0119221210479736
        ],
        [
            0.02585182711482048,
            6.405029773712158
        ],
        [
            0.04217000678181648,
            9.91319465637207
        ],
        [
            0.050405144691467285,
            13.50960922241211
        ],
        [
            0.04570109024643898,
            17.220266342163086
        ],
        [
            0.04742172360420227,
            20.870887756347656
        ]
    ],
    "command": 3,
    "all_plan": [
        [
            [
                0.06153634935617447,
                3.1670358180999756
            ],
            [
                0.008540801703929901,
                6.403600692749023
            ],
            [
                -0.07518362253904343,
                9.654460906982422
            ],
            [
                -0.3359582722187042,
                12.780919075012207
            ],
            [
                -0.6522361040115356,
                15.710625648498535
            ],
            [
                -1.0278451442718506,
                18.410682678222656
            ]
        ],
        [
            [
                0.3173131048679352,
                2.8595454692840576
            ],
            [
                0.6451307535171509,
                5.907769203186035
            ],
            [
                1.4960989952087402,
                8.460981369018555
            ],
            [
                2.8947038650512695,
                10.774528503417969
            ],
            [
                4.368307113647461,
                12.952826499938965
            ],
            [
                5.760778427124023,
                15.156742095947266
            ]
        ],
        [
            [
                0.015130444429814816,
                3.1403968334198
            ],
            [
                0.007341557182371616,
                6.593505382537842
            ],
            [
                0.03112306073307991,
                10.253158569335938
            ],
            [
                0.060357749462127686,
                14.203997611999512
            ],
            [
                0.10719196498394012,
                18.27488136291504
            ],
            [
                0.15171417593955994,
                22.445608139038086
            ]
        ],
        [
            [
                0.01383043359965086,
                3.0119221210479736
            ],
            [
                0.02585182711482048,
                6.405029773712158
            ],
            [
                0.04217000678181648,
                9.91319465637207
            ],
            [
                0.050405144691467285,
                13.50960922241211
            ],
            [
                0.04570109024643898,
                17.220266342163086
            ],
            [
                0.04742172360420227,
                20.870887756347656
            ]
        ],
        [
            [
                -0.011781185865402222,
                2.213046073913574
            ],
            [
                -0.0856017917394638,
                5.047146797180176
            ],
            [
                -0.15547633171081543,
                8.19908332824707
            ],
            [
                -0.21704795956611633,
                12.005741119384766
            ],
            [
                -0.30546295642852783,
                16.317302703857422
            ],
            [
                -0.30959439277648926,
                20.850067138671875
            ]
        ],
        [
            [
                0.3071105480194092,
                2.7515861988067627
            ],
            [
                0.40361499786376953,
                5.551201820373535
            ],
            [
                0.5927557945251465,
                8.45905590057373
            ],
            [
                0.6373718976974487,
                11.723132133483887
            ],
            [
                0.6147712469100952,
                15.28896427154541
            ],
            [
                0.610774040222168,
                19.077177047729492
            ]
        ]
    ]
}