{
    "speed": 4.504274387447572,
    "steer": 0.004527084995061159,
    "throttle": 0.07463429123163223,
    "brake": 0.0,
    "wp_4": [
        0.046335719525814056,
        9.856825828552246
    ],
    "wp_3": [
        0.035429131239652634,
        7.617245674133301
    ],
    "wp_2": [
        0.023266691714525223,
        5.086234092712402
    ],
    "wp_1": [
        0.010395403020083904,
        2.491248846054077
    ],
    "aim": [
        0.010395403020083904,
        2.491248846054077
    ],
    "target": [
        -0.22479501547657343,
        42.38845384987375
    ],
    "desired_speed": 4.296025371551514,
    "angle": 0.002656460413655101,
    "angle_last": 0.008321722875226787,
    "angle_target": -0.0033760988430808375,
    "angle_final": 0.002656460413655101,
    "delta": 0.0,
    "agent": "only_traj",
    "steer_traj": 0.004527085014029453,
    "throttle_traj": 0.07463428895031621,
    "brake_traj": 0.0,
    "plan": [
        [
            0.010395403020083904,
            2.491248846054077
        ],
        [
            0.023266691714525223,
            5.086234092712402
        ],
        [
            0.035429131239652634,
            7.617245674133301
        ],
        [
            0.046335719525814056,
            9.856825828552246
        ],
        [
            0.05057283118367195,
            11.772420883178711
        ],
        [
            0.0696413442492485,
            13.231095314025879
        ]
    ],
    "command": 3,
    "all_plan": [
        [
            [
                -0.04630914330482483,
                2.4927313327789307
            ],
            [
                -0.07118692249059677,
                5.058666229248047
            ],
            [
                -0.11501660943031311,
                7.333608627319336
            ],
            [
                -0.12028038501739502,
                9.072447776794434
            ],
            [
                -0.1503479927778244,
                10.276156425476074
            ],
            [
                -0.04669708013534546,
                11.188963890075684
            ]
        ],
        [
            [
                0.08759316056966782,
                2.6658272743225098
            ],
            [
                0.32432782649993896,
                5.275570869445801
            ],
            [
                1.0847909450531006,
                7.033616542816162
            ],
            [
                2.523571491241455,
                8.146728515625
            ],
            [
                4.49709939956665,
                8.735137939453125
            ],
            [
                6.672741413116455,
                9.308629989624023
            ]
        ],
        [
            [
                0.024539455771446228,
                2.278789520263672
            ],
            [
                0.06661998480558395,
                4.958283424377441
            ],
            [
                0.07424052804708481,
                7.860140800476074
            ],
            [
                0.097165048122406,
                11.256299018859863
            ],
            [
                0.147215336561203,
                14.685894966125488
            ],
            [
                0.11508750915527344,
                18.306856155395508
            ]
        ],
        [
            [
                0.010395403020083904,
                2.491248846054077
            ],
            [
                0.023266691714525223,
                5.086234092712402
            ],
            [
                0.035429131239652634,
                7.617245674133301
            ],
            [
                0.046335719525814056,
                9.856825828552246
            ],
            [
                0.05057283118367195,
                11.772420883178711
            ],
            [
                0.0696413442492485,
                13.231095314025879
            ]
        ],
        [
            [
                -0.10722097754478455,
                1.0415631532669067
            ],
            [
                -0.19707703590393066,
                2.5319387912750244
            ],
            [
                -0.19843631982803345,
                4.226607799530029
            ],
            [
                -0.18046939373016357,
                6.6685686111450195
            ],
            [
                -0.14619718492031097,
                9.769725799560547
            ],
            [
                -0.0953492671251297,
                13.06403636932373
            ]
        ],
        [
            [
                0.05136686563491821,
                1.1884853839874268
            ],
            [
                0.05225391685962677,
                2.840421676635742
            ],
            [
                0.10031124204397202,
                4.639135360717773
            ],
            [
                0.07730123400688171,
                6.992975234985352
            ],
            [
                0.06349674612283707,
                9.650199890136719
            ],
            [
                -0.05242350697517395,
                12.545077323913574
            ]
        ]
    ]
}