{
    "speed": 4.312964858421906,
    "steer": 0.0015196438180282712,
    "throttle": 0.75,
    "brake": 0.0,
    "wp_4": [
        0.032795749604701996,
        13.319068908691406
    ],
    "wp_3": [
        0.03174075111746788,
        9.659056663513184
    ],
    "wp_2": [
        0.01402700413018465,
        6.163809776306152
    ],
    "wp_1": [
        0.0004996014758944511,
        2.832929849624634
    ],
    "aim": [
        0.0004996014758944511,
        2.832929849624634
    ],
    "target": [
        0.04090593107656626,
        42.144756670156646
    ],
    "desired_speed": 6.662465763092041,
    "angle": 0.00011229083881612895,
    "angle_last": 0.003289694840706061,
    "angle_target": 0.0006179064351130429,
    "angle_final": 0.00011229083881612895,
    "delta": 0.25,
    "agent": "only_traj",
    "steer_traj": 0.0015196438488688986,
    "throttle_traj": 0.75,
    "brake_traj": 0.0,
    "plan": [
        [
            0.0004996014758944511,
            2.832929849624634
        ],
        [
            0.01402700413018465,
            6.163809776306152
        ],
        [
            0.03174075111746788,
            9.659056663513184
        ],
        [
            0.032795749604701996,
            13.319068908691406
        ],
        [
            0.04486190900206566,
            16.76513671875
        ],
        [
            0.05893731117248535,
            19.488964080810547
        ]
    ],
    "command": 3,
    "all_plan": [
        [
            [
                0.03436022996902466,
                3.2889316082000732
            ],
            [
                -0.006386257708072662,
                6.552395343780518
            ],
            [
                -0.14659470319747925,
                9.63776969909668
            ],
            [
                -0.37061190605163574,
                12.306330680847168
            ],
            [
                -0.5678839683532715,
                14.516752243041992
            ],
            [
                -0.737398624420166,
                16.38212013244629
            ]
        ],
        [
            [
                0.2178238481283188,
                3.065594434738159
            ],
            [
                0.5881711840629578,
                6.110406875610352
            ],
            [
                1.5237548351287842,
                8.296238899230957
            ],
            [
                3.21467924118042,
                10.045066833496094
            ],
            [
                5.327893257141113,
                11.431441307067871
            ],
            [
                7.553665637969971,
                12.670891761779785
            ]
        ],
        [
            [
                -0.02471737563610077,
                2.946195125579834
            ],
            [
                -0.0225911196321249,
                6.427600383758545
            ],
            [
                -0.018998093903064728,
                10.234787940979004
            ],
            [
                0.020815037190914154,
                14.388909339904785
            ],
            [
                0.09098606556653976,
                18.663558959960938
            ],
            [
                0.09950092434883118,
                22.98497772216797
            ]
        ],
        [
            [
                0.0004996014758944511,
                2.832929849624634
            ],
            [
                0.01402700413018465,
                6.163809776306152
            ],
            [
                0.03174075111746788,
                9.659056663513184
            ],
            [
                0.032795749604701996,
                13.319068908691406
            ],
            [
                0.04486190900206566,
                16.76513671875
            ],
            [
                0.05893731117248535,
                19.488964080810547
            ]
        ],
        [
            [
                -0.05044372379779816,
                1.8836915493011475
            ],
            [
                -0.10377968102693558,
                4.273245811462402
            ],
            [
                -0.09908777475357056,
                7.060300827026367
            ],
            [
                -0.16732430458068848,
                10.565560340881348
            ],
            [
                -0.1803446114063263,
                14.715328216552734
            ],
            [
                -0.12809151411056519,
                19.080955505371094
            ]
        ],
        [
            [
                0.12576985359191895,
                2.24002742767334
            ],
            [
                0.14794626832008362,
                4.710582733154297
            ],
            [
                0.3230314254760742,
                7.4084672927856445
            ],
            [
                0.29281526803970337,
                10.59261703491211
            ],
            [
                0.2118404507637024,
                14.079869270324707
            ],
            [
                0.011651337146759033,
                17.826358795166016
            ]
        ]
    ]
}