{
    "speed": 1.8416057614871477,
    "steer": -0.0006126119405962527,
    "throttle": 0.75,
    "brake": 0.0,
    "wp_4": [
        0.11576656997203827,
        9.209182739257812
    ],
    "wp_3": [
        0.08195799589157104,
        6.422204971313477
    ],
    "wp_2": [
        0.03501724824309349,
        3.818753957748413
    ],
    "wp_1": [
        0.007531668059527874,
        1.6227636337280273
    ],
    "aim": [
        0.03501724824309349,
        3.818753957748413
    ],
    "target": [
        -0.012608472950901506,
        44.078686226263926
    ],
    "desired_speed": 5.20615873336792,
    "angle": 0.005837507183102372,
    "angle_last": 0.010256943140063734,
    "angle_target": -0.00018210168333466283,
    "angle_final": -0.00018210168333466283,
    "delta": 0.25,
    "agent": "only_traj",
    "steer_traj": -0.0006126119249445455,
    "throttle_traj": 0.75,
    "brake_traj": 0.0,
    "plan": [
        [
            0.007531668059527874,
            1.6227636337280273
        ],
        [
            0.03501724824309349,
            3.818753957748413
        ],
        [
            0.08195799589157104,
            6.422204971313477
        ],
        [
            0.11576656997203827,
            9.209182739257812
        ],
        [
            0.13867567479610443,
            12.09798812866211
        ],
        [
            0.1795857846736908,
            14.636940002441406
        ]
    ],
    "command": 3,
    "all_plan": [
        [
            [
                -0.02823209948837757,
                2.0771238803863525
            ],
            [
                -0.04471888393163681,
                4.558994770050049
            ],
            [
                -0.08371040225028992,
                7.0983662605285645
            ],
            [
                -0.18518537282943726,
                9.309733390808105
            ],
            [
                -0.26446229219436646,
                10.876211166381836
            ],
            [
                -0.24197016656398773,
                12.073238372802734
            ]
        ],
        [
            [
                -0.03366527706384659,
                2.3545260429382324
            ],
            [
                -0.1522502303123474,
                5.187914848327637
            ],
            [
                -0.05085340142250061,
                7.381166458129883
            ],
            [
                0.5133596658706665,
                9.054475784301758
            ],
            [
                1.6993037462234497,
                10.202638626098633
            ],
            [
                3.1574695110321045,
                11.121648788452148
            ]
        ],
        [
            [
                0.0031124569941312075,
                1.5600837469100952
            ],
            [
                0.04839804023504257,
                3.7961692810058594
            ],
            [
                0.07599616050720215,
                6.627654552459717
            ],
            [
                0.12337911128997803,
                10.216495513916016
            ],
            [
                0.2238234132528305,
                14.239608764648438
            ],
            [
                0.20732983946800232,
                18.505998611450195
            ]
        ],
        [
            [
                0.007531668059527874,
                1.6227636337280273
            ],
            [
                0.03501724824309349,
                3.818753957748413
            ],
            [
                0.08195799589157104,
                6.422204971313477
            ],
            [
                0.11576656997203827,
                9.209182739257812
            ],
            [
                0.13867567479610443,
                12.09798812866211
            ],
            [
                0.1795857846736908,
                14.636940002441406
            ]
        ],
        [
            [
                -0.05923880636692047,
                0.5278096199035645
            ],
            [
                -0.05402839928865433,
                1.6777219772338867
            ],
            [
                -0.026655131950974464,
                3.173395872116089
            ],
            [
                0.038006044924259186,
                5.388270378112793
            ],
            [
                0.07629130035638809,
                8.233774185180664
            ],
            [
                0.19495843350887299,
                11.474275588989258
            ]
        ],
        [
            [
                0.05583205819129944,
                0.724914014339447
            ],
            [
                0.07050647586584091,
                2.100527763366699
            ],
            [
                0.2021481692790985,
                3.9839234352111816
            ],
            [
                0.23102375864982605,
                6.493537902832031
            ],
            [
                0.2389628291130066,
                9.504021644592285
            ],
            [
                0.07665517926216125,
                12.976410865783691
            ]
        ]
    ]
}