{
    "speed": 5.175666932652177,
    "steer": 0.00336981238797307,
    "throttle": 0.75,
    "brake": 0.0,
    "wp_4": [
        0.12314650416374207,
        13.462482452392578
    ],
    "wp_3": [
        0.08631399273872375,
        10.030590057373047
    ],
    "wp_2": [
        0.04644783213734627,
        6.599194049835205
    ],
    "wp_1": [
        0.012851039879024029,
        3.185157299041748
    ],
    "aim": [
        0.012851039879024029,
        3.185157299041748
    ],
    "target": [
        0.48402811348031527,
        38.89847688551458
    ],
    "desired_speed": 6.455757141113281,
    "angle": 0.002568502755343492,
    "angle_last": 0.007235115669268538,
    "angle_target": 0.0079212861172335,
    "angle_final": 0.002568502755343492,
    "delta": 0.25,
    "agent": "only_traj",
    "steer_traj": 0.003369812314335966,
    "throttle_traj": 0.75,
    "brake_traj": 0.0,
    "plan": [
        [
            0.012851039879024029,
            3.185157299041748
        ],
        [
            0.04644783213734627,
            6.599194049835205
        ],
        [
            0.08631399273872375,
            10.030590057373047
        ],
        [
            0.12314650416374207,
            13.462482452392578
        ],
        [
            0.16682720184326172,
            16.669178009033203
        ],
        [
            0.19699427485466003,
            19.323486328125
        ]
    ],
    "command": 3,
    "all_plan": [
        [
            [
                0.07168906182050705,
                3.35186505317688
            ],
            [
                0.057112716138362885,
                6.628961563110352
            ],
            [
                -0.03071197122335434,
                9.677979469299316
            ],
            [
                -0.19511914253234863,
                12.351408958435059
            ],
            [
                -0.36884838342666626,
                14.664612770080566
            ],
            [
                -0.529347836971283,
                16.684795379638672
            ]
        ],
        [
            [
                0.26589760184288025,
                3.1721506118774414
            ],
            [
                0.6751444935798645,
                6.2416582107543945
            ],
            [
                1.690446376800537,
                8.528160095214844
            ],
            [
                3.440276861190796,
                10.385972023010254
            ],
            [
                5.541386604309082,
                11.892078399658203
            ],
            [
                7.653584957122803,
                13.372035026550293
            ]
        ],
        [
            [
                0.0036798708606511354,
                3.1794795989990234
            ],
            [
                0.028235116973519325,
                6.725947856903076
            ],
            [
                0.05729735642671585,
                10.488512992858887
            ],
            [
                0.124416284263134,
                14.56960678100586
            ],
            [
                0.23539164662361145,
                18.701147079467773
            ],
            [
                0.25892430543899536,
                22.90719985961914
            ]
        ],
        [
            [
                0.012851039879024029,
                3.185157299041748
            ],
            [
                0.04644783213734627,
                6.599194049835205
            ],
            [
                0.08631399273872375,
                10.030590057373047
            ],
            [
                0.12314650416374207,
                13.462482452392578
            ],
            [
                0.16682720184326172,
                16.669178009033203
            ],
            [
                0.19699427485466003,
                19.323486328125
            ]
        ],
        [
            [
                -0.0634794682264328,
                2.0103914737701416
            ],
            [
                -0.13277089595794678,
                4.572526931762695
            ],
            [
                -0.13823144137859344,
                7.4443230628967285
            ],
            [
                -0.16410768032073975,
                11.062592506408691
            ],
            [
                -0.18048308789730072,
                15.308591842651367
            ],
            [
                -0.1195351630449295,
                19.715042114257812
            ]
        ],
        [
            [
                0.19897721707820892,
                2.4535489082336426
            ],
            [
                0.2523247003555298,
                5.080810546875
            ],
            [
                0.44941627979278564,
                7.787759780883789
            ],
            [
                0.4879954755306244,
                10.947480201721191
            ],
            [
                0.47687143087387085,
                14.362933158874512
            ],
            [
                0.40684249997138977,
                17.992774963378906
            ]
        ]
    ]
}