{
    "speed": 3.61998190017901,
    "steer": -0.0003032245149370283,
    "throttle": 0.75,
    "brake": 0.0,
    "wp_4": [
        0.06964334100484848,
        13.229005813598633
    ],
    "wp_3": [
        0.04419432207942009,
        9.37629508972168
    ],
    "wp_2": [
        0.006925825960934162,
        5.755299091339111
    ],
    "wp_1": [
        -0.00588593352586031,
        2.5050599575042725
    ],
    "aim": [
        -0.00588593352586031,
        2.5050599575042725
    ],
    "target": [
        0.4619117670078905,
        42.02075013808999
    ],
    "desired_speed": 7.074066257476807,
    "angle": -0.0014957633647772063,
    "angle_last": 0.0069135655413424925,
    "angle_target": 0.006997740868203715,
    "angle_final": -0.0014957633647772063,
    "delta": 0.25,
    "agent": "only_traj",
    "steer_traj": -0.0003032245008171853,
    "throttle_traj": 0.75,
    "brake_traj": 0.0,
    "plan": [
        [
            -0.00588593352586031,
            2.5050599575042725
        ],
        [
            0.006925825960934162,
            5.755299091339111
        ],
        [
            0.04419432207942009,
            9.37629508972168
        ],
        [
            0.06964334100484848,
            13.229005813598633
        ],
        [
            0.09941573441028595,
            17.026321411132812
        ],
        [
            0.13376975059509277,
            20.189620971679688
        ]
    ],
    "command": 3,
    "all_plan": [
        [
            [
                0.04645036906003952,
                3.181597948074341
            ],
            [
                0.016317093744874,
                6.443691253662109
            ],
            [
                -0.11318507045507431,
                9.640710830688477
            ],
            [
                -0.3545861542224884,
                12.479992866516113
            ],
            [
                -0.5567888617515564,
                14.772749900817871
            ],
            [
                -0.7654607892036438,
                16.704545974731445
            ]
        ],
        [
            [
                0.15047286450862885,
                2.9881060123443604
            ],
            [
                0.3401647210121155,
                6.208404541015625
            ],
            [
                1.0524852275848389,
                8.569727897644043
            ],
            [
                2.4417014122009277,
                10.517480850219727
            ],
            [
                4.2923665046691895,
                12.080775260925293
            ],
            [
                6.263355731964111,
                13.404953956604004
            ]
        ],
        [
            [
                -0.011528746224939823,
                2.737879753112793
            ],
            [
                -0.011633343063294888,
                6.09034538269043
            ],
            [
                0.011314530856907368,
                9.91079044342041
            ],
            [
                0.0857233926653862,
                14.186748504638672
            ],
            [
                0.17868918180465698,
                18.670873641967773
            ],
            [
                0.20017938315868378,
                23.22773551940918
            ]
        ],
        [
            [
                -0.00588593352586031,
                2.5050599575042725
            ],
            [
                0.006925825960934162,
                5.755299091339111
            ],
            [
                0.04419432207942009,
                9.37629508972168
            ],
            [
                0.06964334100484848,
                13.229005813598633
            ],
            [
                0.09941573441028595,
                17.026321411132812
            ],
            [
                0.13376975059509277,
                20.189620971679688
            ]
        ],
        [
            [
                -0.02375781536102295,
                1.7188873291015625
            ],
            [
                -0.02384747378528118,
                4.026711463928223
            ],
            [
                0.033463314175605774,
                6.76035213470459
            ],
            [
                0.020951300859451294,
                10.218121528625488
            ],
            [
                0.04183632880449295,
                14.356443405151367
            ],
            [
                0.14934934675693512,
                18.77459716796875
            ]
        ],
        [
            [
                0.08916375786066055,
                2.0970747470855713
            ],
            [
                0.1316228061914444,
                4.496508598327637
            ],
            [
                0.37045544385910034,
                7.228647232055664
            ],
            [
                0.3847211003303528,
                10.483139038085938
            ],
            [
                0.3048727810382843,
                14.145589828491211
            ],
            [
                0.11480364203453064,
                18.128318786621094
            ]
        ]
    ]
}