{
    "speed": 7.639166694388024,
    "steer": -0.00016947873518802226,
    "throttle": 0.75,
    "brake": 0.0,
    "wp_4": [
        -0.0012971367686986923,
        15.720724105834961
    ],
    "wp_3": [
        0.004736226983368397,
        11.726226806640625
    ],
    "wp_2": [
        -0.003830160014331341,
        7.796944618225098
    ],
    "wp_1": [
        -0.005319495685398579,
        3.8661975860595703
    ],
    "aim": [
        -0.005319495685398579,
        3.8661975860595703
    ],
    "target": [
        -0.5423054813686283,
        34.97426468079393
    ],
    "desired_speed": 7.89688663482666,
    "angle": -0.0008758857521031603,
    "angle_last": -2.5982546381240293e-05,
    "angle_target": -0.009870535670477742,
    "angle_final": -0.0008758857521031603,
    "delta": 0.25,
    "agent": "only_traj",
    "steer_traj": -0.00016947874152028672,
    "throttle_traj": 0.75,
    "brake_traj": 0.0,
    "plan": [
        [
            -0.005319495685398579,
            3.8661975860595703
        ],
        [
            -0.003830160014331341,
            7.796944618225098
        ],
        [
            0.004736226983368397,
            11.726226806640625
        ],
        [
            -0.0012971367686986923,
            15.720724105834961
        ],
        [
            -0.006763758137822151,
            19.714847564697266
        ],
        [
            -0.0069228895008563995,
            23.608396530151367
        ]
    ],
    "command": 3,
    "all_plan": [
        [
            [
                0.05655680596828461,
                3.825270414352417
            ],
            [
                -0.05389861762523651,
                7.4579033851623535
            ],
            [
                -0.21545790135860443,
                11.043673515319824
            ],
            [
                -0.4815672039985657,
                14.465005874633789
            ],
            [
                -0.871687650680542,
                17.98212242126465
            ],
            [
                -1.3607077598571777,
                21.287723541259766
            ]
        ],
        [
            [
                0.4720360338687897,
                3.1142055988311768
            ],
            [
                1.054328203201294,
                6.059812545776367
            ],
            [
                2.3949193954467773,
                8.655961036682129
            ],
            [
                4.345499038696289,
                11.229838371276855
            ],
            [
                6.1341400146484375,
                13.796215057373047
            ],
            [
                7.602770805358887,
                16.466215133666992
            ]
        ],
        [
            [
                0.010708614252507687,
                4.001271724700928
            ],
            [
                -0.00837130006402731,
                8.048375129699707
            ],
            [
                -0.0019166264683008194,
                12.039530754089355
            ],
            [
                0.00010281801223754883,
                16.02131462097168
            ],
            [
                0.013022198341786861,
                19.99056053161621
            ],
            [
                0.029626425355672836,
                23.999149322509766
            ]
        ],
        [
            [
                -0.005319495685398579,
                3.8661975860595703
            ],
            [
                -0.003830160014331341,
                7.796944618225098
            ],
            [
                0.004736226983368397,
                11.726226806640625
            ],
            [
                -0.0012971367686986923,
                15.720724105834961
            ],
            [
                -0.006763758137822151,
                19.714847564697266
            ],
            [
                -0.0069228895008563995,
                23.608396530151367
            ]
        ],
        [
            [
                -0.03021147847175598,
                3.2260942459106445
            ],
            [
                -0.12407494336366653,
                6.889629364013672
            ],
            [
                -0.2549845576286316,
                10.834997177124023
            ],
            [
                -0.37697339057922363,
                15.419565200805664
            ],
            [
                -0.5110588669776917,
                20.45993995666504
            ],
            [
                -0.6069225072860718,
                25.622875213623047
            ]
        ],
        [
            [
                0.3840414881706238,
                3.841911792755127
            ],
            [
                0.48471349477767944,
                7.360074043273926
            ],
            [
                0.7028650045394897,
                10.784204483032227
            ],
            [
                0.7415856719017029,
                14.371991157531738
            ],
            [
                0.73116534948349,
                18.114974975585938
            ],
            [
                0.7543914318084717,
                21.964054107666016
            ]
        ]
    ]
}