{
    "speed": 7.531466141661197,
    "steer": 0.0003607949474826455,
    "throttle": 0.09042642265558243,
    "brake": 0.0,
    "wp_4": [
        0.029994867742061615,
        15.006101608276367
    ],
    "wp_3": [
        0.025404851883649826,
        10.981760025024414
    ],
    "wp_2": [
        0.005105544812977314,
        7.177103519439697
    ],
    "wp_1": [
        -0.0012320922687649727,
        3.4511845111846924
    ],
    "aim": [
        -0.0012320922687649727,
        3.4511845111846924
    ],
    "target": [
        0.3422162734371198,
        31.787957153640406
    ],
    "desired_speed": 7.462460708618163,
    "angle": -0.00022724545392428268,
    "angle_last": 0.002232533339169643,
    "angle_target": 0.006853325901042192,
    "angle_final": -0.00022724545392428268,
    "delta": 0.0,
    "agent": "only_traj",
    "steer_traj": 0.00036079493968637803,
    "throttle_traj": 0.0904264190665529,
    "brake_traj": 0.0,
    "plan": [
        [
            -0.0012320922687649727,
            3.4511845111846924
        ],
        [
            0.005105544812977314,
            7.177103519439697
        ],
        [
            0.025404851883649826,
            10.981760025024414
        ],
        [
            0.029994867742061615,
            15.006101608276367
        ],
        [
            0.04012593254446983,
            18.86052703857422
        ],
        [
            0.05151180177927017,
            22.107240676879883
        ]
    ],
    "command": 3,
    "all_plan": [
        [
            [
                0.07775454223155975,
                3.708038568496704
            ],
            [
                0.03496319055557251,
                7.2557692527771
            ],
            [
                -0.09989723563194275,
                10.641180038452148
            ],
            [
                -0.37224331498146057,
                13.696346282958984
            ],
            [
                -0.6367135047912598,
                16.56534194946289
            ],
            [
                -0.9619811773300171,
                19.14398765563965
            ]
        ],
        [
            [
                0.3604162931442261,
                3.1881771087646484
            ],
            [
                0.9151446223258972,
                6.183284759521484
            ],
            [
                2.1673390865325928,
                8.498481750488281
            ],
            [
                4.134024620056152,
                10.621545791625977
            ],
            [
                6.251940727233887,
                12.57875919342041
            ],
            [
                8.25563907623291,
                14.491917610168457
            ]
        ],
        [
            [
                -0.016968339681625366,
                3.6142024993896484
            ],
            [
                -0.04467121511697769,
                7.535984039306641
            ],
            [
                -0.02450622245669365,
                11.575382232666016
            ],
            [
                0.012615781277418137,
                15.7330904006958
            ],
            [
                0.06291221082210541,
                19.888689041137695
            ],
            [
                0.06955164670944214,
                24.063764572143555
            ]
        ],
        [
            [
                -0.0012320922687649727,
                3.4511845111846924
            ],
            [
                0.005105544812977314,
                7.177103519439697
            ],
            [
                0.025404851883649826,
                10.981760025024414
            ],
            [
                0.029994867742061615,
                15.006101608276367
            ],
            [
                0.04012593254446983,
                18.86052703857422
            ],
            [
                0.05151180177927017,
                22.107240676879883
            ]
        ],
        [
            [
                -0.035068318247795105,
                2.681990146636963
            ],
            [
                -0.11270228773355484,
                5.810498237609863
            ],
            [
                -0.1351769119501114,
                9.311628341674805
            ],
            [
                -0.23333700001239777,
                13.470542907714844
            ],
            [
                -0.3085579574108124,
                18.19121551513672
            ],
            [
                -0.33210596442222595,
                23.063936233520508
            ]
        ],
        [
            [
                0.21245653927326202,
                3.1907756328582764
            ],
            [
                0.27379778027534485,
                6.298933506011963
            ],
            [
                0.5118982195854187,
                9.477855682373047
            ],
            [
                0.5069023966789246,
                12.921825408935547
            ],
            [
                0.4475845694541931,
                16.64794158935547
            ],
            [
                0.3269265294075012,
                20.515583038330078
            ]
        ]
    ]
}