{
    "speed": 6.912819016154127,
    "steer": -0.00027867878088727593,
    "throttle": 0.0,
    "brake": 0.0,
    "wp_4": [
        0.011168890632689,
        15.109058380126953
    ],
    "wp_3": [
        0.015969660133123398,
        11.088815689086914
    ],
    "wp_2": [
        -0.0006339503452181816,
        7.313349723815918
    ],
    "wp_1": [
        -0.0047258781269192696,
        3.593830108642578
    ],
    "aim": [
        -0.0047258781269192696,
        3.593830108642578
    ],
    "target": [
        0.34136854126206695,
        36.90859752231383
    ],
    "desired_speed": 6.879899501800537,
    "angle": -0.0008371054558156435,
    "angle_last": 0.0027339451152393565,
    "angle_target": 0.005887944301364011,
    "angle_final": -0.0008371054558156435,
    "delta": 0.0,
    "agent": "only_traj",
    "steer_traj": -0.0002786787684557586,
    "throttle_traj": 0.0,
    "brake_traj": 0.0,
    "plan": [
        [
            -0.0047258781269192696,
            3.593830108642578
        ],
        [
            -0.0006339503452181816,
            7.313349723815918
        ],
        [
            0.015969660133123398,
            11.088815689086914
        ],
        [
            0.011168890632689,
            15.109058380126953
        ],
        [
            0.016078796237707138,
            18.49030876159668
        ],
        [
            0.025969797745347023,
            20.79351234436035
        ]
    ],
    "command": 3,
    "all_plan": [
        [
            [
                0.05069942772388458,
                3.8720264434814453
            ],
            [
                0.019083306193351746,
                7.470602989196777
            ],
            [
                -0.1632760614156723,
                10.645760536193848
            ],
            [
                -0.3801325857639313,
                13.254837036132812
            ],
            [
                -0.5856749415397644,
                15.625494003295898
            ],
            [
                -0.7676918506622314,
                17.64870834350586
            ]
        ],
        [
            [
                0.3834347128868103,
                3.39929461479187
            ],
            [
                1.2214813232421875,
                6.20527458190918
            ],
            [
                2.8389205932617188,
                8.11311149597168
            ],
            [
                5.289272308349609,
                9.766718864440918
            ],
            [
                8.042790412902832,
                11.16642951965332
            ],
            [
                10.712454795837402,
                12.532880783081055
            ]
        ],
        [
            [
                -0.029679983854293823,
                3.70919132232666
            ],
            [
                -0.06561136990785599,
                7.812504291534424
            ],
            [
                -0.08196048438549042,
                11.953522682189941
            ],
            [
                -0.08545058220624924,
                16.17438316345215
            ],
            [
                -0.05018436163663864,
                20.282747268676758
            ],
            [
                -0.07427199184894562,
                24.365917205810547
            ]
        ],
        [
            [
                -0.0047258781269192696,
                3.593830108642578
            ],
            [
                -0.0006339503452181816,
                7.313349723815918
            ],
            [
                0.015969660133123398,
                11.088815689086914
            ],
            [
                0.011168890632689,
                15.109058380126953
            ],
            [
                0.016078796237707138,
                18.49030876159668
            ],
            [
                0.025969797745347023,
                20.79351234436035
            ]
        ],
        [
            [
                -0.0410284698009491,
                2.73586368560791
            ],
            [
                -0.15771320462226868,
                5.762264251708984
            ],
            [
                -0.2230621874332428,
                9.165605545043945
            ],
            [
                -0.39025431871414185,
                13.241241455078125
            ],
            [
                -0.45838814973831177,
                17.910486221313477
            ],
            [
                -0.48891115188598633,
                22.690258026123047
            ]
        ],
        [
            [
                0.11717721819877625,
                3.040332555770874
            ],
            [
                0.08619704097509384,
                6.105911731719971
            ],
            [
                0.24825501441955566,
                9.173227310180664
            ],
            [
                0.13859495520591736,
                12.504223823547363
            ],
            [
                0.011418655514717102,
                16.11136817932129
            ],
            [
                -0.3029521107673645,
                19.800071716308594
            ]
        ]
    ]
}