{
    "speed": 7.4933300936301,
    "steer": -0.00011021210957551375,
    "throttle": 0.75,
    "brake": 0.0,
    "wp_4": [
        -0.019669897854328156,
        15.66282844543457
    ],
    "wp_3": [
        0.00417801458388567,
        11.579588890075684
    ],
    "wp_2": [
        0.003954489715397358,
        7.641091823577881
    ],
    "wp_1": [
        -0.0006418125703930855,
        3.7374305725097656
    ],
    "aim": [
        -0.0006418125703930855,
        3.7374305725097656
    ],
    "target": [
        -0.8103505316703921,
        27.30371653686728
    ],
    "desired_speed": 7.892796802520753,
    "angle": -0.00010931085425539585,
    "angle_last": -0.0035628821715861765,
    "angle_target": -0.018888775735396546,
    "angle_final": -0.00010931085425539585,
    "delta": 0.25,
    "agent": "only_traj",
    "steer_traj": -0.00011021211070723362,
    "throttle_traj": 0.75,
    "brake_traj": 0.0,
    "plan": [
        [
            -0.0006418125703930855,
            3.7374305725097656
        ],
        [
            0.003954489715397358,
            7.641091823577881
        ],
        [
            0.00417801458388567,
            11.579588890075684
        ],
        [
            -0.019669897854328156,
            15.66282844543457
        ],
        [
            -0.04344657436013222,
            19.697063446044922
        ],
        [
            -0.06455797702074051,
            23.469221115112305
        ]
    ],
    "command": 3,
    "all_plan": [
        [
            [
                0.04832729697227478,
                3.829392194747925
            ],
            [
                -0.05853655934333801,
                7.455102920532227
            ],
            [
                -0.2360118180513382,
                11.000504493713379
            ],
            [
                -0.5333472490310669,
                14.347046852111816
            ],
            [
                -0.9199901223182678,
                17.716766357421875
            ],
            [
                -1.3880938291549683,
                20.848915100097656
            ]
        ],
        [
            [
                0.4604565501213074,
                3.131580114364624
            ],
            [
                1.0586596727371216,
                6.05977201461792
            ],
            [
                2.40451717376709,
                8.535154342651367
            ],
            [
                4.391532897949219,
                10.960543632507324
            ],
            [
                6.311834335327148,
                13.35407829284668
            ],
            [
                7.974984169006348,
                15.815573692321777
            ]
        ],
        [
            [
                -0.01277224812656641,
                3.924920082092285
            ],
            [
                -0.046899087727069855,
                7.996967315673828
            ],
            [
                -0.045586179941892624,
                12.02939224243164
            ],
            [
                -0.06026966869831085,
                16.08167266845703
            ],
            [
                -0.06468307971954346,
                20.128097534179688
            ],
            [
                -0.08091197907924652,
                24.17879867553711
            ]
        ],
        [
            [
                -0.0006418125703930855,
                3.7374305725097656
            ],
            [
                0.003954489715397358,
                7.641091823577881
            ],
            [
                0.00417801458388567,
                11.579588890075684
            ],
            [
                -0.019669897854328156,
                15.66282844543457
            ],
            [
                -0.04344657436013222,
                19.697063446044922
            ],
            [
                -0.06455797702074051,
                23.469221115112305
            ]
        ],
        [
            [
                -0.03099346160888672,
                3.1463661193847656
            ],
            [
                -0.14339607954025269,
                6.685369491577148
            ],
            [
                -0.26311835646629333,
                10.563555717468262
            ],
            [
                -0.39794719219207764,
                15.054862022399902
            ],
            [
                -0.5439143180847168,
                20.045963287353516
            ],
            [
                -0.6435094475746155,
                25.17561149597168
            ]
        ],
        [
            [
                0.3300682306289673,
                3.6947953701019287
            ],
            [
                0.3992011547088623,
                7.1176910400390625
            ],
            [
                0.6132223010063171,
                10.515181541442871
            ],
            [
                0.612481951713562,
                14.088113784790039
            ],
            [
                0.5425320863723755,
                17.866634368896484
            ],
            [
                0.47289201617240906,
                21.74338150024414
            ]
        ]
    ]
}