{
    "speed": 7.49852040771083,
    "steer": -0.001457971753552556,
    "throttle": 0.0030051807407289743,
    "brake": 0.0,
    "wp_4": [
        -0.05248957872390747,
        15.278108596801758
    ],
    "wp_3": [
        -0.02038116380572319,
        11.222028732299805
    ],
    "wp_2": [
        -0.012689906172454357,
        7.428997039794922
    ],
    "wp_1": [
        -0.006017190404236317,
        3.671889305114746
    ],
    "aim": [
        -0.006017190404236317,
        3.671889305114746
    ],
    "target": [
        -0.7159861429370898,
        29.78319702182008
    ],
    "desired_speed": 7.132933139801025,
    "angle": -0.0010432253867684728,
    "angle_last": -0.005283786278466278,
    "angle_target": -0.015301351236517761,
    "angle_final": -0.0010432253867684728,
    "delta": 0.0,
    "agent": "only_traj",
    "steer_traj": -0.001457971703135957,
    "throttle_traj": 0.003005180775079566,
    "brake_traj": 0.0,
    "plan": [
        [
            -0.006017190404236317,
            3.671889305114746
        ],
        [
            -0.012689906172454357,
            7.428997039794922
        ],
        [
            -0.02038116380572319,
            11.222028732299805
        ],
        [
            -0.05248957872390747,
            15.278108596801758
        ],
        [
            -0.07962819933891296,
            18.857967376708984
        ],
        [
            -0.10158935189247131,
            21.503887176513672
        ]
    ],
    "command": 3,
    "all_plan": [
        [
            [
                0.0685192421078682,
                3.887638807296753
            ],
            [
                0.024733923375606537,
                7.501294136047363
            ],
            [
                -0.15380674600601196,
                10.774715423583984
            ],
            [
                -0.38172897696495056,
                13.599968910217285
            ],
            [
                -0.6301054358482361,
                16.27130699157715
            ],
            [
                -0.8834495544433594,
                18.62664794921875
            ]
        ],
        [
            [
                0.4331646263599396,
                3.291649103164673
            ],
            [
                1.2772358655929565,
                6.031999588012695
            ],
            [
                2.864095687866211,
                7.9945783615112305
            ],
            [
                5.245418548583984,
                9.810980796813965
            ],
            [
                7.81448221206665,
                11.454961776733398
            ],
            [
                10.24116039276123,
                13.105286598205566
            ]
        ],
        [
            [
                -0.03782987594604492,
                3.8038501739501953
            ],
            [
                -0.09728351980447769,
                7.908050537109375
            ],
            [
                -0.12238119542598724,
                11.998048782348633
            ],
            [
                -0.13344618678092957,
                16.11789321899414
            ],
            [
                -0.13465818762779236,
                20.123844146728516
            ],
            [
                -0.18767009675502777,
                24.11163330078125
            ]
        ],
        [
            [
                -0.006017190404236317,
                3.671889305114746
            ],
            [
                -0.012689906172454357,
                7.428997039794922
            ],
            [
                -0.02038116380572319,
                11.222028732299805
            ],
            [
                -0.05248957872390747,
                15.278108596801758
            ],
            [
                -0.07962819933891296,
                18.857967376708984
            ],
            [
                -0.10158935189247131,
                21.503887176513672
            ]
        ],
        [
            [
                -0.036620885133743286,
                2.905735969543457
            ],
            [
                -0.17499005794525146,
                6.095220565795898
            ],
            [
                -0.3033919930458069,
                9.639078140258789
            ],
            [
                -0.5053092837333679,
                13.817583084106445
            ],
            [
                -0.6305842995643616,
                18.56412696838379
            ],
            [
                -0.7245415449142456,
                23.417848587036133
            ]
        ],
        [
            [
                0.1856917291879654,
                3.271713972091675
            ],
            [
                0.1684117168188095,
                6.472711086273193
            ],
            [
                0.32652896642684937,
                9.643386840820312
            ],
            [
                0.22826853394508362,
                13.03495979309082
            ],
            [
                0.10406941920518875,
                16.68695831298828
            ],
            [
                -0.1863553822040558,
                20.419206619262695
            ]
        ]
    ]
}