{
    "speed": 7.379465936895837,
    "steer": -0.0001491681468905881,
    "throttle": 0.75,
    "brake": 0.0,
    "wp_4": [
        0.05204088240861893,
        15.424924850463867
    ],
    "wp_3": [
        0.0475289486348629,
        11.369235038757324
    ],
    "wp_2": [
        0.01769571378827095,
        7.5153326988220215
    ],
    "wp_1": [
        -9.695161134004593e-05,
        3.6942172050476074
    ],
    "aim": [
        -9.695161134004593e-05,
        3.6942172050476074
    ],
    "target": [
        -0.8174466851740123,
        24.19100715681086
    ],
    "desired_speed": 7.531047153472899,
    "angle": -1.6723845506334118e-05,
    "angle_last": 0.0012718292869119603,
    "angle_target": -0.02150405644687377,
    "angle_final": -1.6723845506334118e-05,
    "delta": 0.15158121657706225,
    "agent": "only_traj",
    "steer_traj": -0.00014916814597667116,
    "throttle_traj": 0.75,
    "brake_traj": 0.0,
    "plan": [
        [
            -9.695161134004593e-05,
            3.6942172050476074
        ],
        [
            0.01769571378827095,
            7.5153326988220215
        ],
        [
            0.0475289486348629,
            11.369235038757324
        ],
        [
            0.05204088240861893,
            15.424924850463867
        ],
        [
            0.06293673813343048,
            19.2677001953125
        ],
        [
            0.06943731009960175,
            22.52165412902832
        ]
    ],
    "command": 3,
    "all_plan": [
        [
            [
                0.0776941180229187,
                3.832148313522339
            ],
            [
                0.027117237448692322,
                7.43624210357666
            ],
            [
                -0.12413713335990906,
                10.841958999633789
            ],
            [
                -0.3917349874973297,
                13.94253921508789
            ],
            [
                -0.6896032094955444,
                16.95738983154297
            ],
            [
                -1.0563024282455444,
                19.692171096801758
            ]
        ],
        [
            [
                0.41642555594444275,
                3.2272512912750244
            ],
            [
                1.0768463611602783,
                6.138330459594727
            ],
            [
                2.470795154571533,
                8.431548118591309
            ],
            [
                4.572146415710449,
                10.620464324951172
            ],
            [
                6.751524925231934,
                12.69657039642334
            ],
            [
                8.731640815734863,
                14.795802116394043
            ]
        ],
        [
            [
                -0.021969139575958252,
                3.8347833156585693
            ],
            [
                -0.05044332891702652,
                7.887814521789551
            ],
            [
                -0.024315904825925827,
                11.952089309692383
            ],
            [
                0.0014312844723463058,
                16.057104110717773
            ],
            [
                0.045672282576560974,
                20.106578826904297
            ],
            [
                0.04871624335646629,
                24.163467407226562
            ]
        ],
        [
            [
                -9.695161134004593e-05,
                3.6942172050476074
            ],
            [
                0.01769571378827095,
                7.5153326988220215
            ],
            [
                0.0475289486348629,
                11.369235038757324
            ],
            [
                0.05204088240861893,
                15.424924850463867
            ],
            [
                0.06293673813343048,
                19.2677001953125
            ],
            [
                0.06943731009960175,
                22.52165412902832
            ]
        ],
        [
            [
                -0.039343059062957764,
                2.9653921127319336
            ],
            [
                -0.14025679230690002,
                6.319209098815918
            ],
            [
                -0.19414138793945312,
                10.020160675048828
            ],
            [
                -0.30425769090652466,
                14.35145092010498
            ],
            [
                -0.40228885412216187,
                19.221691131591797
            ],
            [
                -0.4612346589565277,
                24.211997985839844
            ]
        ],
        [
            [
                0.24884800612926483,
                3.4816296100616455
            ],
            [
                0.30333375930786133,
                6.782055377960205
            ],
            [
                0.5416074991226196,
                10.06598949432373
            ],
            [
                0.5400625467300415,
                13.538772583007812
            ],
            [
                0.4868338406085968,
                17.260311126708984
            ],
            [
                0.3740261495113373,
                21.07452392578125
            ]
        ]
    ]
}