{
    "speed": 7.4439727402026765,
    "steer": -0.0004447539977263659,
    "throttle": 0.2562631070613861,
    "brake": 0.0,
    "wp_4": [
        -0.01054441835731268,
        15.519906997680664
    ],
    "wp_3": [
        0.008262728340923786,
        11.450793266296387
    ],
    "wp_2": [
        0.0026253582909703255,
        7.590946197509766
    ],
    "wp_1": [
        -0.0009885774925351143,
        3.753934144973755
    ],
    "aim": [
        -0.0009885774925351143,
        3.753934144973755
    ],
    "target": [
        -0.24776455253503887,
        20.399755822007965
    ],
    "desired_speed": 7.510332679748536,
    "angle": -0.000167595135172838,
    "angle_last": -0.003703735850469995,
    "angle_target": -0.007731664011124278,
    "angle_final": -0.000167595135172838,
    "delta": 0.06635993954585917,
    "agent": "only_traj",
    "steer_traj": -0.0004447539863479275,
    "throttle_traj": 0.2562630974631136,
    "brake_traj": 0.0,
    "plan": [
        [
            -0.0009885774925351143,
            3.753934144973755
        ],
        [
            0.0026253582909703255,
            7.590946197509766
        ],
        [
            0.008262728340923786,
            11.450793266296387
        ],
        [
            -0.01054441835731268,
            15.519906997680664
        ],
        [
            -0.02950200065970421,
            19.33726692199707
        ],
        [
            -0.04807485640048981,
            22.52961540222168
        ]
    ],
    "command": 3,
    "all_plan": [
        [
            [
                0.07510644197463989,
                3.8776018619537354
            ],
            [
                0.010835140943527222,
                7.50811767578125
            ],
            [
                -0.16038496792316437,
                10.921016693115234
            ],
            [
                -0.42422789335250854,
                14.01961898803711
            ],
            [
                -0.7252109050750732,
                17.04503059387207
            ],
            [
                -1.0827776193618774,
                19.792341232299805
            ]
        ],
        [
            [
                0.447539746761322,
                3.230665445327759
            ],
            [
                1.1748524904251099,
                6.075248718261719
            ],
            [
                2.6413116455078125,
                8.289166450500488
            ],
            [
                4.830783367156982,
                10.414223670959473
            ],
            [
                7.083664894104004,
                12.43990421295166
            ],
            [
                9.134601593017578,
                14.51331615447998
            ]
        ],
        [
            [
                -0.033835217356681824,
                3.8891501426696777
            ],
            [
                -0.07866331189870834,
                7.98922872543335
            ],
            [
                -0.07503717392683029,
                12.054340362548828
            ],
            [
                -0.0780353993177414,
                16.13161849975586
            ],
            [
                -0.06668290495872498,
                20.140419006347656
            ],
            [
                -0.10636343061923981,
                24.150413513183594
            ]
        ],
        [
            [
                -0.0009885774925351143,
                3.753934144973755
            ],
            [
                0.0026253582909703255,
                7.590946197509766
            ],
            [
                0.008262728340923786,
                11.450793266296387
            ],
            [
                -0.01054441835731268,
                15.519906997680664
            ],
            [
                -0.02950200065970421,
                19.33726692199707
            ],
            [
                -0.04807485640048981,
                22.52961540222168
            ]
        ],
        [
            [
                -0.03785732388496399,
                3.0380373001098633
            ],
            [
                -0.16052967309951782,
                6.420291900634766
            ],
            [
                -0.26973769068717957,
                10.144163131713867
            ],
            [
                -0.4251686930656433,
                14.484630584716797
            ],
            [
                -0.5598247647285461,
                19.368162155151367
            ],
            [
                -0.6601395010948181,
                24.37274742126465
            ]
        ],
        [
            [
                0.25816255807876587,
                3.5154621601104736
            ],
            [
                0.2875656187534332,
                6.848966598510742
            ],
            [
                0.4916580319404602,
                10.146343231201172
            ],
            [
                0.4589381217956543,
                13.625818252563477
            ],
            [
                0.37515193223953247,
                17.352529525756836
            ],
            [
                0.20548035204410553,
                21.161388397216797
            ]
        ]
    ]
}