{
    "speed": 6.884454069766129,
    "steer": 0.0005195250269025564,
    "throttle": 0.0,
    "brake": 0.0,
    "wp_4": [
        0.09612676501274109,
        14.627861976623535
    ],
    "wp_3": [
        0.06890018284320831,
        10.882166862487793
    ],
    "wp_2": [
        0.029388953000307083,
        7.1999921798706055
    ],
    "wp_1": [
        0.002713206224143505,
        3.5376343727111816
    ],
    "aim": [
        0.002713206224143505,
        3.5376343727111816
    ],
    "target": [
        -0.4334711630447316,
        16.230747139591056
    ],
    "desired_speed": 6.6108713150024405,
    "angle": 0.00048825480712994196,
    "angle_last": 0.007918134586269812,
    "angle_target": -0.016998030341913023,
    "angle_final": 0.00048825480712994196,
    "delta": 0.0,
    "agent": "only_traj",
    "steer_traj": 0.0005195250058940873,
    "throttle_traj": 0.0,
    "brake_traj": 0.0,
    "plan": [
        [
            0.002713206224143505,
            3.5376343727111816
        ],
        [
            0.029388953000307083,
            7.1999921798706055
        ],
        [
            0.06890018284320831,
            10.882166862487793
        ],
        [
            0.09612676501274109,
            14.627861976623535
        ],
        [
            0.13402599096298218,
            17.79825210571289
        ],
        [
            0.1622082144021988,
            20.064002990722656
        ]
    ],
    "command": 3,
    "all_plan": [
        [
            [
                0.057251572608947754,
                3.753753900527954
            ],
            [
                0.04369571805000305,
                7.2743449211120605
            ],
            [
                -0.07835020124912262,
                10.378405570983887
            ],
            [
                -0.23590923845767975,
                12.930892944335938
            ],
            [
                -0.38317734003067017,
                15.185489654541016
            ],
            [
                -0.5056588053703308,
                17.10439682006836
            ]
        ],
        [
            [
                0.32414165139198303,
                3.42056941986084
            ],
            [
                1.0082978010177612,
                6.390167236328125
            ],
            [
                2.458230495452881,
                8.450982093811035
            ],
            [
                4.738348960876465,
                10.128982543945312
            ],
            [
                7.371291160583496,
                11.469147682189941
            ],
            [
                9.956192016601562,
                12.78455638885498
            ]
        ],
        [
            [
                0.0015679739881306887,
                3.589890718460083
            ],
            [
                -0.0004826101940125227,
                7.545266628265381
            ],
            [
                0.025220101699233055,
                11.60331916809082
            ],
            [
                0.0623130202293396,
                15.826583862304688
            ],
            [
                0.14749369025230408,
                19.963817596435547
            ],
            [
                0.1527404636144638,
                24.120271682739258
            ]
        ],
        [
            [
                0.002713206224143505,
                3.5376343727111816
            ],
            [
                0.029388953000307083,
                7.1999921798706055
            ],
            [
                0.06890018284320831,
                10.882166862487793
            ],
            [
                0.09612676501274109,
                14.627861976623535
            ],
            [
                0.13402599096298218,
                17.79825210571289
            ],
            [
                0.1622082144021988,
                20.064002990722656
            ]
        ],
        [
            [
                -0.05760280787944794,
                2.4451699256896973
            ],
            [
                -0.14942637085914612,
                5.299322128295898
            ],
            [
                -0.16070996224880219,
                8.47426986694336
            ],
            [
                -0.24572452902793884,
                12.403328895568848
            ],
            [
                -0.2628764808177948,
                16.96470069885254
            ],
            [
                -0.2267625331878662,
                21.647796630859375
            ]
        ],
        [
            [
                0.1250925213098526,
                2.806785821914673
            ],
            [
                0.12575951218605042,
                5.716891288757324
            ],
            [
                0.3191472589969635,
                8.625020980834961
            ],
            [
                0.2905578315258026,
                11.884272575378418
            ],
            [
                0.21574881672859192,
                15.408463478088379
            ],
            [
                0.010480716824531555,
                19.059553146362305
            ]
        ]
    ]
}