{
    "speed": 6.49476734278179,
    "steer": -0.000677941192407161,
    "throttle": 0.75,
    "brake": 0.0,
    "wp_4": [
        0.058368273079395294,
        14.254587173461914
    ],
    "wp_3": [
        0.04649731144309044,
        10.386971473693848
    ],
    "wp_2": [
        0.020144212990999222,
        6.7053542137146
    ],
    "wp_1": [
        0.0009678853675723076,
        3.168818712234497
    ],
    "aim": [
        0.0009678853675723076,
        3.168818712234497
    ],
    "target": [
        0.14404116036165815,
        19.209553479588568
    ],
    "desired_speed": 7.01218614578247,
    "angle": 0.00019448078182861573,
    "angle_last": 0.00399661941980238,
    "angle_target": 0.004773548340902049,
    "angle_final": 0.00019448078182861573,
    "delta": 0.25,
    "agent": "only_traj",
    "steer_traj": -0.0006779411798302103,
    "throttle_traj": 0.75,
    "brake_traj": 0.0,
    "plan": [
        [
            0.0009678853675723076,
            3.168818712234497
        ],
        [
            0.020144212990999222,
            6.7053542137146
        ],
        [
            0.04649731144309044,
            10.386971473693848
        ],
        [
            0.058368273079395294,
            14.254587173461914
        ],
        [
            0.0798334926366806,
            17.862024307250977
        ],
        [
            0.09764374792575836,
            20.698999404907227
        ]
    ],
    "command": 3,
    "all_plan": [
        [
            [
                0.06399612128734589,
                3.559102773666382
            ],
            [
                0.04418976604938507,
                7.004191875457764
            ],
            [
                -0.08274391293525696,
                10.236053466796875
            ],
            [
                -0.29312121868133545,
                13.040431022644043
            ],
            [
                -0.47575461864471436,
                15.504247665405273
            ],
            [
                -0.6760690212249756,
                17.645267486572266
            ]
        ],
        [
            [
                0.2677674889564514,
                3.1941215991973877
            ],
            [
                0.738677978515625,
                6.250943183898926
            ],
            [
                1.8622291088104248,
                8.485101699829102
            ],
            [
                3.75716495513916,
                10.37104606628418
            ],
            [
                5.97977352142334,
                11.955690383911133
            ],
            [
                8.204751968383789,
                13.424982070922852
            ]
        ],
        [
            [
                -0.004352808929979801,
                3.317056894302368
            ],
            [
                -0.013025260530412197,
                7.049428939819336
            ],
            [
                -0.00285167433321476,
                11.029356956481934
            ],
            [
                0.05058416724205017,
                15.235528945922852
            ],
            [
                0.13266302645206451,
                19.48652458190918
            ],
            [
                0.14550355076789856,
                23.771404266357422
            ]
        ],
        [
            [
                0.0009678853675723076,
                3.168818712234497
            ],
            [
                0.020144212990999222,
                6.7053542137146
            ],
            [
                0.04649731144309044,
                10.386971473693848
            ],
            [
                0.058368273079395294,
                14.254587173461914
            ],
            [
                0.0798334926366806,
                17.862024307250977
            ],
            [
                0.09764374792575836,
                20.698999404907227
            ]
        ],
        [
            [
                -0.04663302004337311,
                2.256258487701416
            ],
            [
                -0.11231719702482224,
                4.991419792175293
            ],
            [
                -0.10233989357948303,
                8.099617004394531
            ],
            [
                -0.18684256076812744,
                11.930075645446777
            ],
            [
                -0.22858218848705292,
                16.384244918823242
            ],
            [
                -0.1880265772342682,
                21.020463943481445
            ]
        ],
        [
            [
                0.14747397601604462,
                2.6939568519592285
            ],
            [
                0.18090933561325073,
                5.490367412567139
            ],
            [
                0.39204055070877075,
                8.42489242553711
            ],
            [
                0.3834763467311859,
                11.752936363220215
            ],
            [
                0.32401546835899353,
                15.379019737243652
            ],
            [
                0.15033496916294098,
                19.20856285095215
            ]
        ]
    ]
}