{
    "speed": 6.535191591988211,
    "steer": -0.0002985565806739032,
    "throttle": 0.75,
    "brake": 0.0,
    "wp_4": [
        0.06258585304021835,
        14.529961585998535
    ],
    "wp_3": [
        0.04676726087927818,
        10.70919418334961
    ],
    "wp_2": [
        0.015279804356396198,
        7.02548885345459
    ],
    "wp_1": [
        -0.002538447268307209,
        3.4141390323638916
    ],
    "aim": [
        -0.002538447268307209,
        3.4141390323638916
    ],
    "target": [
        -0.13267780851870262,
        13.476631123263166
    ],
    "desired_speed": 6.679889488220215,
    "angle": -0.00047328404602629755,
    "angle_last": 0.007057151295894316,
    "angle_target": -0.006267336897626049,
    "angle_final": -0.00047328404602629755,
    "delta": 0.14469789623200402,
    "agent": "only_traj",
    "steer_traj": -0.0002985565819342721,
    "throttle_traj": 0.75,
    "brake_traj": 0.0,
    "plan": [
        [
            -0.002538447268307209,
            3.4141390323638916
        ],
        [
            0.015279804356396198,
            7.02548885345459
        ],
        [
            0.04676726087927818,
            10.70919418334961
        ],
        [
            0.06258585304021835,
            14.529961585998535
        ],
        [
            0.0912179946899414,
            17.80218505859375
        ],
        [
            0.1168394684791565,
            20.113384246826172
        ]
    ],
    "command": 3,
    "all_plan": [
        [
            [
                0.04391433298587799,
                3.716965436935425
            ],
            [
                0.022992419078946114,
                7.225521564483643
            ],
            [
                -0.12532341480255127,
                10.348838806152344
            ],
            [
                -0.31020763516426086,
                12.912811279296875
            ],
            [
                -0.46950411796569824,
                15.143974304199219
            ],
            [
                -0.5982798337936401,
                17.026247024536133
            ]
        ],
        [
            [
                0.305790513753891,
                3.381718397140503
            ],
            [
                0.9624110460281372,
                6.349257946014404
            ],
            [
                2.36051082611084,
                8.392873764038086
            ],
            [
                4.604303359985352,
                10.043427467346191
            ],
            [
                7.218489646911621,
                11.355253219604492
            ],
            [
                9.827149391174316,
                12.603865623474121
            ]
        ],
        [
            [
                -0.00943975243717432,
                3.4913699626922607
            ],
            [
                -0.018287546932697296,
                7.410627365112305
            ],
            [
                -0.005187789909541607,
                11.477144241333008
            ],
            [
                0.019656769931316376,
                15.728181838989258
            ],
            [
                0.09538827836513519,
                19.930557250976562
            ],
            [
                0.09273585677146912,
                24.14372444152832
            ]
        ],
        [
            [
                -0.002538447268307209,
                3.4141390323638916
            ],
            [
                0.015279804356396198,
                7.02548885345459
            ],
            [
                0.04676726087927818,
                10.70919418334961
            ],
            [
                0.06258585304021835,
                14.529961585998535
            ],
            [
                0.0912179946899414,
                17.80218505859375
            ],
            [
                0.1168394684791565,
                20.113384246826172
            ]
        ],
        [
            [
                -0.053788021206855774,
                2.3927817344665527
            ],
            [
                -0.1452605128288269,
                5.17697811126709
            ],
            [
                -0.15596941113471985,
                8.319706916809082
            ],
            [
                -0.2559450566768646,
                12.199088096618652
            ],
            [
                -0.2790626287460327,
                16.71334457397461
            ],
            [
                -0.24265947937965393,
                21.36725616455078
            ]
        ],
        [
            [
                0.10439398139715195,
                2.7290890216827393
            ],
            [
                0.09866517037153244,
                5.5767822265625
            ],
            [
                0.2804132401943207,
                8.483494758605957
            ],
            [
                0.22993367910385132,
                11.759235382080078
            ],
            [
                0.14282044768333435,
                15.316015243530273
            ],
            [
                -0.10176676511764526,
                19.0128116607666
            ]
        ]
    ]
}