{
    "speed": 6.594287835328779,
    "steer": 0.005580701399594545,
    "throttle": 0.0,
    "brake": 1.0,
    "wp_4": [
        0.15578748285770416,
        13.323991775512695
    ],
    "wp_3": [
        0.10439866781234741,
        10.14284896850586
    ],
    "wp_2": [
        0.05846918746829033,
        6.7373504638671875
    ],
    "wp_1": [
        0.024732034653425217,
        3.327244758605957
    ],
    "aim": [
        0.024732034653425217,
        3.327244758605957
    ],
    "target": [
        -0.09538875400170554,
        10.81415248080304
    ],
    "desired_speed": 5.590311098098756,
    "angle": 0.00473200312044042,
    "angle_last": 0.01945068132686401,
    "angle_target": -0.0056153075421503445,
    "angle_final": 0.00473200312044042,
    "delta": 0.0,
    "agent": "only_traj",
    "steer_traj": 0.005580701374773879,
    "throttle_traj": 0.0,
    "brake_traj": 1.0,
    "plan": [
        [
            0.024732034653425217,
            3.327244758605957
        ],
        [
            0.05846918746829033,
            6.7373504638671875
        ],
        [
            0.10439866781234741,
            10.14284896850586
        ],
        [
            0.15578748285770416,
            13.323991775512695
        ],
        [
            0.2096996307373047,
            15.747652053833008
        ],
        [
            0.2571679949760437,
            17.300806045532227
        ]
    ],
    "command": 3,
    "all_plan": [
        [
            [
                0.005807487294077873,
                3.4826200008392334
            ],
            [
                -0.0014257431030273438,
                6.799256324768066
            ],
            [
                -0.10026527941226959,
                9.566438674926758
            ],
            [
                -0.12837718427181244,
                11.624665260314941
            ],
            [
                -0.17564401030540466,
                13.216657638549805
            ],
            [
                -0.11197611689567566,
                14.452433586120605
            ]
        ],
        [
            [
                0.2118183672428131,
                3.4136714935302734
            ],
            [
                0.7895013093948364,
                6.391868591308594
            ],
            [
                2.1606802940368652,
                8.30381965637207
            ],
            [
                4.410189628601074,
                9.5951509475708
            ],
            [
                7.173864364624023,
                10.363426208496094
            ],
            [
                10.033624649047852,
                11.10910701751709
            ]
        ],
        [
            [
                0.03699631989002228,
                3.271270751953125
            ],
            [
                0.07188909500837326,
                6.950960159301758
            ],
            [
                0.11804164946079254,
                10.80158805847168
            ],
            [
                0.15980777144432068,
                14.945695877075195
            ],
            [
                0.26395609974861145,
                18.966983795166016
            ],
            [
                0.2725147604942322,
                23.069576263427734
            ]
        ],
        [
            [
                0.024732034653425217,
                3.327244758605957
            ],
            [
                0.05846918746829033,
                6.7373504638671875
            ],
            [
                0.10439866781234741,
                10.14284896850586
            ],
            [
                0.15578748285770416,
                13.323991775512695
            ],
            [
                0.2096996307373047,
                15.747652053833008
            ],
            [
                0.2571679949760437,
                17.300806045532227
            ]
        ],
        [
            [
                -0.09624554216861725,
                1.8951865434646606
            ],
            [
                -0.1869620382785797,
                4.226406097412109
            ],
            [
                -0.15680988132953644,
                6.81573486328125
            ],
            [
                -0.1727219969034195,
                10.250434875488281
            ],
            [
                -0.12287843227386475,
                14.401002883911133
            ],
            [
                -0.021405793726444244,
                18.700529098510742
            ]
        ],
        [
            [
                0.03379768878221512,
                2.122715473175049
            ],
            [
                0.0026681870222091675,
                4.585437774658203
            ],
            [
                0.13197621703147888,
                7.046740531921387
            ],
            [
                0.11513756960630417,
                9.992049217224121
            ],
            [
                0.048318177461624146,
                13.229170799255371
            ],
            [
                -0.15932542085647583,
                16.612064361572266
            ]
        ]
    ]
}