{
    "speed": 7.321715378465235,
    "steer": 0.0004254568775650114,
    "throttle": 0.058441098779439926,
    "brake": 0.0,
    "wp_4": [
        0.09671731293201447,
        14.125327110290527
    ],
    "wp_3": [
        0.07276180386543274,
        10.353287696838379
    ],
    "wp_2": [
        0.03424009308218956,
        6.71597957611084
    ],
    "wp_1": [
        0.006873647682368755,
        3.1879167556762695
    ],
    "aim": [
        0.006873647682368755,
        3.1879167556762695
    ],
    "target": [
        0.2051381868831643,
        16.517139494562464
    ],
    "desired_speed": 6.982960987091065,
    "angle": 0.0013726125226650374,
    "angle_last": 0.004544780046191293,
    "angle_target": 0.007906230480711323,
    "angle_final": 0.0013726125226650374,
    "delta": 0.0,
    "agent": "only_traj",
    "steer_traj": 0.0004254568867216469,
    "throttle_traj": 0.05844109865709353,
    "brake_traj": 0.0,
    "plan": [
        [
            0.006873647682368755,
            3.1879167556762695
        ],
        [
            0.03424009308218956,
            6.71597957611084
        ],
        [
            0.07276180386543274,
            10.353287696838379
        ],
        [
            0.09671731293201447,
            14.125327110290527
        ],
        [
            0.1264169067144394,
            17.71036148071289
        ],
        [
            0.147365540266037,
            20.64473533630371
        ]
    ],
    "command": 3,
    "all_plan": [
        [
            [
                0.07613775879144669,
                3.5007996559143066
            ],
            [
                0.06130991131067276,
                6.907530784606934
            ],
            [
                -0.05142609030008316,
                10.130027770996094
            ],
            [
                -0.26200592517852783,
                12.982110023498535
            ],
            [
                -0.4620729982852936,
                15.508296966552734
            ],
            [
                -0.6862697601318359,
                17.736465454101562
            ]
        ],
        [
            [
                0.2696823477745056,
                3.1673991680145264
            ],
            [
                0.7059130668640137,
                6.250884532928467
            ],
            [
                1.7718924283981323,
                8.56430721282959
            ],
            [
                3.5758705139160156,
                10.534879684448242
            ],
            [
                5.6835174560546875,
                12.213340759277344
            ],
            [
                7.773931980133057,
                13.808695793151855
            ]
        ],
        [
            [
                0.0008148096967488527,
                3.3082103729248047
            ],
            [
                0.004465633071959019,
                6.996214389801025
            ],
            [
                0.027061719447374344,
                10.920868873596191
            ],
            [
                0.09964713454246521,
                15.08944034576416
            ],
            [
                0.19170048832893372,
                19.310970306396484
            ],
            [
                0.21281568706035614,
                23.581832885742188
            ]
        ],
        [
            [
                0.006873647682368755,
                3.1879167556762695
            ],
            [
                0.03424009308218956,
                6.71597957611084
            ],
            [
                0.07276180386543274,
                10.353287696838379
            ],
            [
                0.09671731293201447,
                14.125327110290527
            ],
            [
                0.1264169067144394,
                17.71036148071289
            ],
            [
                0.147365540266037,
                20.64473533630371
            ]
        ],
        [
            [
                -0.049772247672080994,
                2.225964307785034
            ],
            [
                -0.10957767814397812,
                4.972617149353027
            ],
            [
                -0.09638198465108871,
                8.074437141418457
            ],
            [
                -0.15462875366210938,
                11.897184371948242
            ],
            [
                -0.18986020982265472,
                16.33002471923828
            ],
            [
                -0.14671897888183594,
                20.94565773010254
            ]
        ],
        [
            [
                0.18566612899303436,
                2.7043004035949707
            ],
            [
                0.24160313606262207,
                5.500675201416016
            ],
            [
                0.4638056755065918,
                8.420101165771484
            ],
            [
                0.47896862030029297,
                11.730188369750977
            ],
            [
                0.4530652165412903,
                15.332613945007324
            ],
            [
                0.33888739347457886,
                19.13915252685547
            ]
        ]
    ]
}