{
    "speed": 5.032385386735724,
    "steer": 0.00013860176841262728,
    "throttle": 0.75,
    "brake": 0.0,
    "wp_4": [
        0.07451215386390686,
        13.344245910644531
    ],
    "wp_3": [
        0.04949774220585823,
        9.778092384338379
    ],
    "wp_2": [
        0.02229505404829979,
        6.297289848327637
    ],
    "wp_1": [
        0.003486926667392254,
        2.937488317489624
    ],
    "aim": [
        0.003486926667392254,
        2.937488317489624
    ],
    "target": [
        0.7131745957320084,
        7.9207774324344795
    ],
    "desired_speed": 6.737468814849853,
    "angle": 0.0007556946586313301,
    "angle_last": 0.0046838123412964415,
    "angle_target": 0.05716611550262288,
    "angle_final": 0.0007556946586313301,
    "delta": 0.25,
    "agent": "only_traj",
    "steer_traj": 0.000138601772139811,
    "throttle_traj": 0.75,
    "brake_traj": 0.0,
    "plan": [
        [
            0.003486926667392254,
            2.937488317489624
        ],
        [
            0.02229505404829979,
            6.297289848327637
        ],
        [
            0.04949774220585823,
            9.778092384338379
        ],
        [
            0.07451215386390686,
            13.344245910644531
        ],
        [
            0.10063989460468292,
            16.817108154296875
        ],
        [
            0.1224445328116417,
            19.78073501586914
        ]
    ],
    "command": 3,
    "all_plan": [
        [
            [
                0.0684458389878273,
                3.2574446201324463
            ],
            [
                0.030362077057361603,
                6.5115461349487305
            ],
            [
                -0.08038904517889023,
                9.637746810913086
            ],
            [
                -0.2925713360309601,
                12.433985710144043
            ],
            [
                -0.4927232563495636,
                14.819040298461914
            ],
            [
                -0.6950684785842896,
                16.899478912353516
            ]
        ],
        [
            [
                0.23605607450008392,
                3.057443618774414
            ],
            [
                0.5469136834144592,
                6.186278343200684
            ],
            [
                1.41147780418396,
                8.534811019897461
            ],
            [
                2.9785892963409424,
                10.466155052185059
            ],
            [
                4.906895637512207,
                12.058182716369629
            ],
            [
                6.893087863922119,
                13.548962593078613
            ]
        ],
        [
            [
                -0.00734309945255518,
                3.007023572921753
            ],
            [
                0.008741878904402256,
                6.455723762512207
            ],
            [
                0.029609430581331253,
                10.214102745056152
            ],
            [
                0.09177844226360321,
                14.336709976196289
            ],
            [
                0.18738879263401031,
                18.585617065429688
            ],
            [
                0.20629280805587769,
                22.90819549560547
            ]
        ],
        [
            [
                0.003486926667392254,
                2.937488317489624
            ],
            [
                0.02229505404829979,
                6.297289848327637
            ],
            [
                0.04949774220585823,
                9.778092384338379
            ],
            [
                0.07451215386390686,
                13.344245910644531
            ],
            [
                0.10063989460468292,
                16.817108154296875
            ],
            [
                0.1224445328116417,
                19.78073501586914
            ]
        ],
        [
            [
                -0.043764859437942505,
                1.8961790800094604
            ],
            [
                -0.08808901160955429,
                4.3751444816589355
            ],
            [
                -0.08166360855102539,
                7.206517219543457
            ],
            [
                -0.1098577231168747,
                10.766542434692383
            ],
            [
                -0.12606504559516907,
                14.961498260498047
            ],
            [
                -0.061560116708278656,
                19.36953353881836
            ]
        ],
        [
            [
                0.18764974176883698,
                2.3401036262512207
            ],
            [
                0.24489182233810425,
                4.879258155822754
            ],
            [
                0.45179295539855957,
                7.605007171630859
            ],
            [
                0.48981451988220215,
                10.810310363769531
            ],
            [
                0.4574677348136902,
                14.30814266204834
            ],
            [
                0.3659694790840149,
                18.07238006591797
            ]
        ]
    ]
}