{
    "speed": 7.038544118762895,
    "steer": 0.0022516902536153793,
    "throttle": 0.75,
    "brake": 0.0,
    "wp_4": [
        0.1091560423374176,
        14.776667594909668
    ],
    "wp_3": [
        0.08425864577293396,
        10.845011711120605
    ],
    "wp_2": [
        0.039828214794397354,
        7.068118572235107
    ],
    "wp_1": [
        0.015114913694560528,
        3.3803417682647705
    ],
    "aim": [
        0.015114913694560528,
        3.3803417682647705
    ],
    "target": [
        1.0198137103540694,
        12.96421511058995
    ],
    "desired_speed": 7.553350734710694,
    "angle": 0.002846567345553789,
    "angle_last": 0.004486723438246184,
    "angle_target": 0.04997598138995608,
    "angle_final": 0.002846567345553789,
    "delta": 0.25,
    "agent": "only_traj",
    "steer_traj": 0.0022516903652032884,
    "throttle_traj": 0.75,
    "brake_traj": 0.0,
    "plan": [
        [
            0.015114913694560528,
            3.3803417682647705
        ],
        [
            0.039828214794397354,
            7.068118572235107
        ],
        [
            0.08425864577293396,
            10.845011711120605
        ],
        [
            0.1091560423374176,
            14.776667594909668
        ],
        [
            0.13209597766399384,
            18.688777923583984
        ],
        [
            0.15728770196437836,
            22.263139724731445
        ]
    ],
    "command": 3,
    "all_plan": [
        [
            [
                0.07632461190223694,
                3.5784802436828613
            ],
            [
                0.03816032409667969,
                7.05850887298584
            ],
            [
                -0.09014447033405304,
                10.474876403808594
            ],
            [
                -0.36968308687210083,
                13.663484573364258
            ],
            [
                -0.6992656588554382,
                16.713090896606445
            ],
            [
                -1.0976694822311401,
                19.51054573059082
            ]
        ],
        [
            [
                0.330444872379303,
                3.0973410606384277
            ],
            [
                0.7716516852378845,
                6.167522430419922
            ],
            [
                1.8742716312408447,
                8.70650577545166
            ],
            [
                3.605565071105957,
                11.075571060180664
            ],
            [
                5.406400680541992,
                13.303701400756836
            ],
            [
                7.041357040405273,
                15.511702537536621
            ]
        ],
        [
            [
                0.02016325294971466,
                3.5784499645233154
            ],
            [
                0.02084837295114994,
                7.397183895111084
            ],
            [
                0.05693025141954422,
                11.347793579101562
            ],
            [
                0.12609708309173584,
                15.444870948791504
            ],
            [
                0.18714407086372375,
                19.57017707824707
            ],
            [
                0.2295960932970047,
                23.745182037353516
            ]
        ],
        [
            [
                0.015114913694560528,
                3.3803417682647705
            ],
            [
                0.039828214794397354,
                7.068118572235107
            ],
            [
                0.08425864577293396,
                10.845011711120605
            ],
            [
                0.1091560423374176,
                14.776667594909668
            ],
            [
                0.13209597766399384,
                18.688777923583984
            ],
            [
                0.15728770196437836,
                22.263139724731445
            ]
        ],
        [
            [
                -0.03918425738811493,
                2.663818597793579
            ],
            [
                -0.10229335725307465,
                5.86331844329834
            ],
            [
                -0.1111125573515892,
                9.392727851867676
            ],
            [
                -0.16145163774490356,
                13.577465057373047
            ],
            [
                -0.22182908654212952,
                18.282001495361328
            ],
            [
                -0.20243029296398163,
                23.14903450012207
            ]
        ],
        [
            [
                0.26934581995010376,
                3.258765935897827
            ],
            [
                0.37935423851013184,
                6.386686325073242
            ],
            [
                0.637179970741272,
                9.561580657958984
            ],
            [
                0.6763046979904175,
                13.00581169128418
            ],
            [
                0.6798505783081055,
                16.721277236938477
            ],
            [
                0.6686058640480042,
                20.582782745361328
            ]
        ]
    ]
}