{
    "speed": 6.232783619217348,
    "steer": 0.0017181939911097288,
    "throttle": 0.75,
    "brake": 0.0,
    "wp_4": [
        0.04733908921480179,
        15.476040840148926
    ],
    "wp_3": [
        0.04585064575076103,
        11.414457321166992
    ],
    "wp_2": [
        0.019024360924959183,
        7.533647060394287
    ],
    "wp_1": [
        0.006149063818156719,
        3.678938150405884
    ],
    "aim": [
        0.006149063818156719,
        3.678938150405884
    ],
    "target": [
        -0.13147799244532846,
        4.697971910670851
    ],
    "desired_speed": 7.696788311004639,
    "angle": 0.0010640397541620168,
    "angle_last": 0.0013049177588911332,
    "angle_target": -0.0178118663058498,
    "angle_final": 0.0010640397541620168,
    "delta": 0.25,
    "agent": "only_traj",
    "steer_traj": 0.0017181940082792722,
    "throttle_traj": 0.75,
    "brake_traj": 0.0,
    "plan": [
        [
            0.006149063818156719,
            3.678938150405884
        ],
        [
            0.019024360924959183,
            7.533647060394287
        ],
        [
            0.04585064575076103,
            11.414457321166992
        ],
        [
            0.04733908921480179,
            15.476040840148926
        ],
        [
            0.053755562752485275,
            19.421123504638672
        ],
        [
            0.06092905253171921,
            22.9207820892334
        ]
    ],
    "command": 3,
    "all_plan": [
        [
            [
                0.06075979769229889,
                3.807136297225952
            ],
            [
                -0.011178284883499146,
                7.411701202392578
            ],
            [
                -0.1785726100206375,
                10.879999160766602
            ],
            [
                -0.46548426151275635,
                14.096868515014648
            ],
            [
                -0.8124237060546875,
                17.25615882873535
            ],
            [
                -1.2285902500152588,
                20.149694442749023
            ]
        ],
        [
            [
                0.41909343004226685,
                3.176814556121826
            ],
            [
                1.031318187713623,
                6.126767158508301
            ],
            [
                2.3654539585113525,
                8.538941383361816
            ],
            [
                4.377516746520996,
                10.859430313110352
            ],
            [
                6.410873889923096,
                13.097748756408691
            ],
            [
                8.23413372039795,
                15.356351852416992
            ]
        ],
        [
            [
                -0.015338362194597721,
                3.8447177410125732
            ],
            [
                -0.040359847247600555,
                7.881945610046387
            ],
            [
                -0.008522983640432358,
                11.94143295288086
            ],
            [
                0.014541132375597954,
                16.042572021484375
            ],
            [
                0.04959285259246826,
                20.121734619140625
            ],
            [
                0.06315411627292633,
                24.20909881591797
            ]
        ],
        [
            [
                0.006149063818156719,
                3.678938150405884
            ],
            [
                0.019024360924959183,
                7.533647060394287
            ],
            [
                0.04585064575076103,
                11.414457321166992
            ],
            [
                0.04733908921480179,
                15.476040840148926
            ],
            [
                0.053755562752485275,
                19.421123504638672
            ],
            [
                0.06092905253171921,
                22.9207820892334
            ]
        ],
        [
            [
                -0.04096575081348419,
                2.992732048034668
            ],
            [
                -0.13766930997371674,
                6.407955169677734
            ],
            [
                -0.200511634349823,
                10.175047874450684
            ],
            [
                -0.3026542663574219,
                14.562662124633789
            ],
            [
                -0.4053680896759033,
                19.467071533203125
            ],
            [
                -0.462348610162735,
                24.505367279052734
            ]
        ],
        [
            [
                0.2872579097747803,
                3.541598081588745
            ],
            [
                0.36478155851364136,
                6.875833034515381
            ],
            [
                0.6017138957977295,
                10.199752807617188
            ],
            [
                0.6100317239761353,
                13.714852333068848
            ],
            [
                0.5677267909049988,
                17.462261199951172
            ],
            [
                0.49872279167175293,
                21.303434371948242
            ]
        ]
    ]
}