{
    "speed": 8.238788329537966,
    "steer": -1.3110959116602316e-05,
    "throttle": 0.5985519886016846,
    "brake": 0.0,
    "wp_4": [
        0.0652255043387413,
        16.7297420501709
    ],
    "wp_3": [
        0.0570126436650753,
        12.522010803222656
    ],
    "wp_2": [
        0.025640372186899185,
        8.332582473754883
    ],
    "wp_1": [
        -0.003665332682430744,
        4.160612106323242
    ],
    "aim": [
        -0.003665332682430744,
        4.160612106323242
    ],
    "target": [
        -1.1967896389005166,
        51.10712815357407
    ],
    "desired_speed": 8.338908767700195,
    "angle": -0.0005607863583932387,
    "angle_last": 0.0004209394983099274,
    "angle_target": -0.014905175724867707,
    "angle_final": -0.0005607863583932387,
    "delta": 0.10012043816222871,
    "agent": "only_traj",
    "steer_traj": -1.311095888694313e-05,
    "throttle_traj": 0.5985519847773413,
    "brake_traj": 0.0,
    "plan": [
        [
            -0.003665332682430744,
            4.160612106323242
        ],
        [
            0.025640372186899185,
            8.332582473754883
        ],
        [
            0.0570126436650753,
            12.522010803222656
        ],
        [
            0.0652255043387413,
            16.7297420501709
        ],
        [
            0.07437080144882202,
            20.912199020385742
        ],
        [
            0.07707875967025757,
            25.007644653320312
        ]
    ],
    "command": 3,
    "all_plan": [
        [
            [
                0.02769644744694233,
                4.043302536010742
            ],
            [
                -0.127163365483284,
                7.8595099449157715
            ],
            [
                -0.34809809923171997,
                11.59564208984375
            ],
            [
                -0.687674880027771,
                15.180323600769043
            ],
            [
                -1.181928277015686,
                18.89482307434082
            ],
            [
                -1.7691516876220703,
                22.382326126098633
            ]
        ],
        [
            [
                0.5323144197463989,
                3.282313346862793
            ],
            [
                1.1963536739349365,
                6.367644786834717
            ],
            [
                2.6512274742126465,
                9.096494674682617
            ],
            [
                4.725157737731934,
                11.847511291503906
            ],
            [
                6.617029190063477,
                14.604776382446289
            ],
            [
                8.204273223876953,
                17.481647491455078
            ]
        ],
        [
            [
                -0.003410161240026355,
                4.258929252624512
            ],
            [
                -0.013751215301454067,
                8.543214797973633
            ],
            [
                0.01918100193142891,
                12.75523567199707
            ],
            [
                0.0183981042355299,
                16.956382751464844
            ],
            [
                0.031720247119665146,
                21.15505599975586
            ],
            [
                0.07778606563806534,
                25.390501022338867
            ]
        ],
        [
            [
                -0.003665332682430744,
                4.160612106323242
            ],
            [
                0.025640372186899185,
                8.332582473754883
            ],
            [
                0.0570126436650753,
                12.522010803222656
            ],
            [
                0.0652255043387413,
                16.7297420501709
            ],
            [
                0.07437080144882202,
                20.912199020385742
            ],
            [
                0.07707875967025757,
                25.007644653320312
            ]
        ],
        [
            [
                -0.04546678066253662,
                3.4949891567230225
            ],
            [
                -0.16273121535778046,
                7.399753570556641
            ],
            [
                -0.27925965189933777,
                11.633402824401855
            ],
            [
                -0.369160920381546,
                16.516965866088867
            ],
            [
                -0.48644962906837463,
                21.840808868408203
            ],
            [
                -0.5656594038009644,
                27.282297134399414
            ]
        ],
        [
            [
                0.4130837321281433,
                4.131034851074219
            ],
            [
                0.5306304693222046,
                7.909298896789551
            ],
            [
                0.7555135488510132,
                11.553346633911133
            ],
            [
                0.8265060782432556,
                15.299331665039062
            ],
            [
                0.8459614515304565,
                19.207080841064453
            ],
            [
                0.8984770178794861,
                23.217544555664062
            ]
        ]
    ]
}