{
    "speed": 7.817579415340314,
    "steer": 0.0017853821627795696,
    "throttle": 0.75,
    "brake": 0.0,
    "wp_4": [
        0.08181187510490417,
        16.00484275817871
    ],
    "wp_3": [
        0.06844067573547363,
        11.92545223236084
    ],
    "wp_2": [
        0.03158778324723244,
        7.899654865264893
    ],
    "wp_1": [
        0.007164712063968182,
        3.889941692352295
    ],
    "aim": [
        0.007164712063968182,
        3.889941692352295
    ],
    "target": [
        -0.4853168068733714,
        51.63140360466314
    ],
    "desired_speed": 8.071701049804688,
    "angle": 0.0011725638709744418,
    "angle_last": 0.002525472563572412,
    "angle_target": -0.005983822920764881,
    "angle_final": 0.0011725638709744418,
    "delta": 0.25,
    "agent": "only_traj",
    "steer_traj": 0.0017853821928489077,
    "throttle_traj": 0.75,
    "brake_traj": 0.0,
    "plan": [
        [
            0.007164712063968182,
            3.889941692352295
        ],
        [
            0.03158778324723244,
            7.899654865264893
        ],
        [
            0.06844067573547363,
            11.92545223236084
        ],
        [
            0.08181187510490417,
            16.00484275817871
        ],
        [
            0.09910602867603302,
            20.085769653320312
        ],
        [
            0.11490696668624878,
            24.06886100769043
        ]
    ],
    "command": 3,
    "all_plan": [
        [
            [
                0.04988601803779602,
                3.863166093826294
            ],
            [
                -0.06554557383060455,
                7.536981582641602
            ],
            [
                -0.25409024953842163,
                11.160571098327637
            ],
            [
                -0.5675036907196045,
                14.616012573242188
            ],
            [
                -1.0307486057281494,
                18.171754837036133
            ],
            [
                -1.5910308361053467,
                21.490060806274414
            ]
        ],
        [
            [
                0.4753791093826294,
                3.1658809185028076
            ],
            [
                1.058455467224121,
                6.198506832122803
            ],
            [
                2.404280662536621,
                8.893637657165527
            ],
            [
                4.343208312988281,
                11.558574676513672
            ],
            [
                6.142380714416504,
                14.214163780212402
            ],
            [
                7.642334938049316,
                16.96625328063965
            ]
        ],
        [
            [
                0.017944440245628357,
                4.037359237670898
            ],
            [
                0.018890181556344032,
                8.160298347473145
            ],
            [
                0.04335186630487442,
                12.244342803955078
            ],
            [
                0.06416153907775879,
                16.338651657104492
            ],
            [
                0.09240148961544037,
                20.438013076782227
            ],
            [
                0.1466667354106903,
                24.56179428100586
            ]
        ],
        [
            [
                0.007164712063968182,
                3.889941692352295
            ],
            [
                0.03158778324723244,
                7.899654865264893
            ],
            [
                0.06844067573547363,
                11.92545223236084
            ],
            [
                0.08181187510490417,
                16.00484275817871
            ],
            [
                0.09910602867603302,
                20.085769653320312
            ],
            [
                0.11490696668624878,
                24.06886100769043
            ]
        ],
        [
            [
                -0.0349191278219223,
                3.277592658996582
            ],
            [
                -0.1179734319448471,
                7.001742362976074
            ],
            [
                -0.20947155356407166,
                11.043381690979004
            ],
            [
                -0.2966756224632263,
                15.723398208618164
            ],
            [
                -0.3963983654975891,
                20.840261459350586
            ],
            [
                -0.4459456503391266,
                26.083927154541016
            ]
        ],
        [
            [
                0.3743780255317688,
                3.8955600261688232
            ],
            [
                0.48774608969688416,
                7.477936744689941
            ],
            [
                0.7285146713256836,
                10.957977294921875
            ],
            [
                0.7787227630615234,
                14.583318710327148
            ],
            [
                0.7879875302314758,
                18.3818416595459
            ],
            [
                0.841294527053833,
                22.28077507019043
            ]
        ]
    ]
}