{
    "speed": 7.702009573282406,
    "steer": 0.0008829209837131202,
    "throttle": 0.0,
    "brake": 1.0,
    "wp_4": [
        0.07417194545269012,
        15.531852722167969
    ],
    "wp_3": [
        0.052790213376283646,
        11.6530179977417
    ],
    "wp_2": [
        0.022913645952939987,
        7.794231414794922
    ],
    "wp_1": [
        0.0017299605533480644,
        3.9069101810455322
    ],
    "aim": [
        0.0017299605533480644,
        3.9069101810455322
    ],
    "target": [
        -1.163029920775851,
        47.494412956733115
    ],
    "desired_speed": 6.828923034667968,
    "angle": 0.00028190720320477893,
    "angle_last": 0.005264833766692192,
    "angle_target": -0.01558625227161304,
    "angle_final": 0.00028190720320477893,
    "delta": 0.0,
    "agent": "only_traj",
    "steer_traj": 0.000882921002958071,
    "throttle_traj": 0.0,
    "brake_traj": 1.0,
    "plan": [
        [
            0.0017299605533480644,
            3.9069101810455322
        ],
        [
            0.022913645952939987,
            7.794231414794922
        ],
        [
            0.052790213376283646,
            11.6530179977417
        ],
        [
            0.07417194545269012,
            15.531852722167969
        ],
        [
            0.10227005183696747,
            18.720212936401367
        ],
        [
            0.12094879150390625,
            20.978784561157227
        ]
    ],
    "command": 3,
    "all_plan": [
        [
            [
                0.07644948363304138,
                3.9936740398406982
            ],
            [
                0.06063050031661987,
                7.668095588684082
            ],
            [
                -0.06098972260951996,
                10.868982315063477
            ],
            [
                -0.18967711925506592,
                13.517460823059082
            ],
            [
                -0.3512548804283142,
                15.987424850463867
            ],
            [
                -0.500971794128418,
                18.109830856323242
            ]
        ],
        [
            [
                0.4312072694301605,
                3.516958236694336
            ],
            [
                1.3275052309036255,
                6.395368576049805
            ],
            [
                3.0335559844970703,
                8.400646209716797
            ],
            [
                5.551552772521973,
                10.143312454223633
            ],
            [
                8.349897384643555,
                11.622123718261719
            ],
            [
                10.980437278747559,
                13.150248527526855
            ]
        ],
        [
            [
                0.0019459419418126345,
                3.9625279903411865
            ],
            [
                -0.02341272495687008,
                8.165696144104004
            ],
            [
                0.0086520966142416,
                12.352781295776367
            ],
            [
                0.04566541314125061,
                16.560184478759766
            ],
            [
                0.11205543577671051,
                20.58774185180664
            ],
            [
                0.11289986968040466,
                24.611576080322266
            ]
        ],
        [
            [
                0.0017299605533480644,
                3.9069101810455322
            ],
            [
                0.022913645952939987,
                7.794231414794922
            ],
            [
                0.052790213376283646,
                11.6530179977417
            ],
            [
                0.07417194545269012,
                15.531852722167969
            ],
            [
                0.10227005183696747,
                18.720212936401367
            ],
            [
                0.12094879150390625,
                20.978784561157227
            ]
        ],
        [
            [
                -0.05505402386188507,
                2.8306264877319336
            ],
            [
                -0.1561514288187027,
                6.036486625671387
            ],
            [
                -0.23144623637199402,
                9.498305320739746
            ],
            [
                -0.3490273654460907,
                13.723552703857422
            ],
            [
                -0.3946504592895508,
                18.54717445373535
            ],
            [
                -0.42101043462753296,
                23.459636688232422
            ]
        ],
        [
            [
                0.17303840816020966,
                3.2153031826019287
            ],
            [
                0.15202300250530243,
                6.454133987426758
            ],
            [
                0.34527093172073364,
                9.553140640258789
            ],
            [
                0.3113234341144562,
                12.884414672851562
            ],
            [
                0.21348053216934204,
                16.470304489135742
            ],
            [
                -0.010175704956054688,
                20.120447158813477
            ]
        ]
    ]
}