{
    "speed": 5.088085364759738,
    "steer": 0.0023033726029098034,
    "throttle": 0.75,
    "brake": 0.0,
    "wp_4": [
        0.08284502476453781,
        13.036768913269043
    ],
    "wp_3": [
        0.060248877853155136,
        9.909322738647461
    ],
    "wp_2": [
        0.034829769283533096,
        6.604104518890381
    ],
    "wp_1": [
        0.014659772627055645,
        3.2536909580230713
    ],
    "aim": [
        0.014659772627055645,
        3.2536909580230713
    ],
    "target": [
        -1.4471401769479122,
        44.94610593754713
    ],
    "desired_speed": 5.857950973510742,
    "angle": 0.0028683480599070517,
    "angle_last": 0.006536766772130123,
    "angle_target": -0.02049031562270389,
    "angle_final": 0.0028683480599070517,
    "delta": 0.25,
    "agent": "only_traj",
    "steer_traj": 0.0023033726773483893,
    "throttle_traj": 0.75,
    "brake_traj": 0.0,
    "plan": [
        [
            0.014659772627055645,
            3.2536909580230713
        ],
        [
            0.034829769283533096,
            6.604104518890381
        ],
        [
            0.060248877853155136,
            9.909322738647461
        ],
        [
            0.08284502476453781,
            13.036768913269043
        ],
        [
            0.11752031743526459,
            15.774678230285645
        ],
        [
            0.13932307064533234,
            17.89799690246582
        ]
    ],
    "command": 3,
    "all_plan": [
        [
            [
                0.03611712157726288,
                3.3118743896484375
            ],
            [
                0.0247852373868227,
                6.545656204223633
            ],
            [
                -0.0469413697719574,
                9.429117202758789
            ],
            [
                -0.1328199952840805,
                11.808408737182617
            ],
            [
                -0.2339475154876709,
                13.770697593688965
            ],
            [
                -0.2755267024040222,
                15.42562484741211
            ]
        ],
        [
            [
                0.2503727376461029,
                3.2184338569641113
            ],
            [
                0.7051732540130615,
                6.227309226989746
            ],
            [
                1.8193166255950928,
                8.3236083984375
            ],
            [
                3.736539363861084,
                9.884069442749023
            ],
            [
                6.060146331787109,
                11.02354621887207
            ],
            [
                8.47036361694336,
                12.1583833694458
            ]
        ],
        [
            [
                0.017624959349632263,
                3.153277635574341
            ],
            [
                0.038703255355358124,
                6.664478302001953
            ],
            [
                0.0678846687078476,
                10.348894119262695
            ],
            [
                0.11376971006393433,
                14.377177238464355
            ],
            [
                0.2159399688243866,
                18.385345458984375
            ],
            [
                0.20697520673274994,
                22.50588035583496
            ]
        ],
        [
            [
                0.014659772627055645,
                3.2536909580230713
            ],
            [
                0.034829769283533096,
                6.604104518890381
            ],
            [
                0.060248877853155136,
                9.909322738647461
            ],
            [
                0.08284502476453781,
                13.036768913269043
            ],
            [
                0.11752031743526459,
                15.774678230285645
            ],
            [
                0.13932307064533234,
                17.89799690246582
            ]
        ],
        [
            [
                -0.07923221588134766,
                1.8545796871185303
            ],
            [
                -0.16367118060588837,
                4.226110458374023
            ],
            [
                -0.18154475092887878,
                6.872040748596191
            ],
            [
                -0.21313542127609253,
                10.309077262878418
            ],
            [
                -0.2208833545446396,
                14.415901184082031
            ],
            [
                -0.16416418552398682,
                18.67406463623047
            ]
        ],
        [
            [
                0.15283995866775513,
                2.202404499053955
            ],
            [
                0.16745880246162415,
                4.683661460876465
            ],
            [
                0.3019208312034607,
                7.193399429321289
            ],
            [
                0.31566184759140015,
                10.21297836303711
            ],
            [
                0.27671948075294495,
                13.464744567871094
            ],
            [
                0.1691615730524063,
                16.933349609375
            ]
        ]
    ]
}