{
    "speed": 5.219592409695019,
    "steer": -0.0005776822217740119,
    "throttle": 0.75,
    "brake": 0.0,
    "wp_4": [
        0.006877148523926735,
        14.208453178405762
    ],
    "wp_3": [
        0.0102155776694417,
        10.417208671569824
    ],
    "wp_2": [
        0.0002786414697766304,
        6.772538661956787
    ],
    "wp_1": [
        -0.0036598937585949898,
        3.213839292526245
    ],
    "aim": [
        -0.0036598937585949898,
        3.213839292526245
    ],
    "target": [
        -1.6924600397993457,
        42.04767582995733
    ],
    "desired_speed": 6.932790374755859,
    "angle": -0.0007249385714458785,
    "angle_last": 0.000561717286202968,
    "angle_target": -0.02561074288646365,
    "angle_final": -0.0007249385714458785,
    "delta": 0.25,
    "agent": "only_traj",
    "steer_traj": -0.0005776822230593827,
    "throttle_traj": 0.75,
    "brake_traj": 0.0,
    "plan": [
        [
            -0.0036598937585949898,
            3.213839292526245
        ],
        [
            0.0002786414697766304,
            6.772538661956787
        ],
        [
            0.0102155776694417,
            10.417208671569824
        ],
        [
            0.006877148523926735,
            14.208453178405762
        ],
        [
            0.010352132841944695,
            17.738574981689453
        ],
        [
            0.01282922551035881,
            20.545795440673828
        ]
    ],
    "command": 3,
    "all_plan": [
        [
            [
                0.04953310638666153,
                3.5437629222869873
            ],
            [
                0.008079268038272858,
                6.979061603546143
            ],
            [
                -0.1279027760028839,
                10.190629959106445
            ],
            [
                -0.35694271326065063,
                12.985249519348145
            ],
            [
                -0.5656706094741821,
                15.433440208435059
            ],
            [
                -0.773608922958374,
                17.553770065307617
            ]
        ],
        [
            [
                0.29823359847068787,
                3.19795560836792
            ],
            [
                0.8050869703292847,
                6.237369537353516
            ],
            [
                1.9539748430252075,
                8.444278717041016
            ],
            [
                3.8821282386779785,
                10.281693458557129
            ],
            [
                6.135847091674805,
                11.820566177368164
            ],
            [
                8.419217109680176,
                13.277752876281738
            ]
        ],
        [
            [
                -0.02439551055431366,
                3.3071486949920654
            ],
            [
                -0.03988685458898544,
                7.056198596954346
            ],
            [
                -0.038604166358709335,
                11.01133918762207
            ],
            [
                -0.009294683113694191,
                15.217287063598633
            ],
            [
                0.048277802765369415,
                19.469867706298828
            ],
            [
                0.037728238850831985,
                23.75373649597168
            ]
        ],
        [
            [
                -0.0036598937585949898,
                3.213839292526245
            ],
            [
                0.0002786414697766304,
                6.772538661956787
            ],
            [
                0.0102155776694417,
                10.417208671569824
            ],
            [
                0.006877148523926735,
                14.208453178405762
            ],
            [
                0.010352132841944695,
                17.738574981689453
            ],
            [
                0.01282922551035881,
                20.545795440673828
            ]
        ],
        [
            [
                -0.04358251392841339,
                2.2438995838165283
            ],
            [
                -0.1260843724012375,
                4.9556989669799805
            ],
            [
                -0.16187384724617004,
                8.046975135803223
            ],
            [
                -0.26469290256500244,
                11.853670120239258
            ],
            [
                -0.311518132686615,
                16.27940559387207
            ],
            [
                -0.3045348823070526,
                20.891345977783203
            ]
        ],
        [
            [
                0.17238236963748932,
                2.64416766166687
            ],
            [
                0.19695714116096497,
                5.412993431091309
            ],
            [
                0.3768681287765503,
                8.314682960510254
            ],
            [
                0.3429284691810608,
                11.62745189666748
            ],
            [
                0.26094573736190796,
                15.217142105102539
            ],
            [
                0.07151119410991669,
                19.014495849609375
            ]
        ]
    ]
}