{
    "speed": 6.260952641149826,
    "steer": 0.0017619007267057896,
    "throttle": 0.6625514030456543,
    "brake": 0.0,
    "wp_4": [
        0.0780792385339737,
        14.276169776916504
    ],
    "wp_3": [
        0.06748750805854797,
        10.342731475830078
    ],
    "wp_2": [
        0.020236719399690628,
        6.647470474243164
    ],
    "wp_1": [
        0.0034792451187968254,
        3.161327838897705
    ],
    "aim": [
        0.0034792451187968254,
        3.161327838897705
    ],
    "target": [
        -1.1201646652402228,
        44.61401742896172
    ],
    "desired_speed": 6.371186017990112,
    "angle": 0.0007006736903173384,
    "angle_last": 0.006060550804998678,
    "angle_target": -0.01598083338365138,
    "angle_final": 0.0007006736903173384,
    "delta": 0.11023337684028611,
    "agent": "only_traj",
    "steer_traj": 0.0017619007048378023,
    "throttle_traj": 0.662551412915313,
    "brake_traj": 0.0,
    "plan": [
        [
            0.0034792451187968254,
            3.161327838897705
        ],
        [
            0.020236719399690628,
            6.647470474243164
        ],
        [
            0.06748750805854797,
            10.342731475830078
        ],
        [
            0.0780792385339737,
            14.276169776916504
        ],
        [
            0.09971320629119873,
            17.324201583862305
        ],
        [
            0.11651227623224258,
            19.08877944946289
        ]
    ],
    "command": 3,
    "all_plan": [
        [
            [
                -0.012734221294522285,
                3.6857223510742188
            ],
            [
                -0.08156104385852814,
                7.141318321228027
            ],
            [
                -0.3552314043045044,
                10.051201820373535
            ],
            [
                -0.5971628427505493,
                12.238617897033691
            ],
            [
                -0.7966283559799194,
                13.96168041229248
            ],
            [
                -0.90761399269104,
                15.261622428894043
            ]
        ],
        [
            [
                0.25717693567276,
                3.388798713684082
            ],
            [
                1.0346229076385498,
                6.209685325622559
            ],
            [
                2.6030755043029785,
                7.917997360229492
            ],
            [
                5.046738624572754,
                9.178397178649902
            ],
            [
                8.032450675964355,
                10.035224914550781
            ],
            [
                11.09231948852539,
                10.750556945800781
            ]
        ],
        [
            [
                -0.03538787364959717,
                3.3011083602905273
            ],
            [
                -0.04198469966650009,
                7.222820281982422
            ],
            [
                -0.06373506784439087,
                11.348812103271484
            ],
            [
                -0.08240106701850891,
                15.655721664428711
            ],
            [
                -0.032667383551597595,
                19.914710998535156
            ],
            [
                -0.04485047236084938,
                24.14967918395996
            ]
        ],
        [
            [
                0.0034792451187968254,
                3.161327838897705
            ],
            [
                0.020236719399690628,
                6.647470474243164
            ],
            [
                0.06748750805854797,
                10.342731475830078
            ],
            [
                0.0780792385339737,
                14.276169776916504
            ],
            [
                0.09971320629119873,
                17.324201583862305
            ],
            [
                0.11651227623224258,
                19.08877944946289
            ]
        ],
        [
            [
                -0.06307350099086761,
                2.3261477947235107
            ],
            [
                -0.15729200839996338,
                4.9051289558410645
            ],
            [
                -0.1615111231803894,
                7.904434680938721
            ],
            [
                -0.2706559896469116,
                11.59531021118164
            ],
            [
                -0.282645583152771,
                15.906950950622559
            ],
            [
                -0.22839903831481934,
                20.398021697998047
            ]
        ],
        [
            [
                0.0024585798382759094,
                2.419635534286499
            ],
            [
                -0.07652363926172256,
                5.072178840637207
            ],
            [
                0.044876471161842346,
                7.827486991882324
            ],
            [
                -0.10796655714511871,
                10.955431938171387
            ],
            [
                -0.2715252637863159,
                14.428845405578613
            ],
            [
                -0.7092549204826355,
                18.01685333251953
            ]
        ]
    ]
}