{
    "speed": 7.151798566412292,
    "steer": -0.00045965370372869074,
    "throttle": 0.75,
    "brake": 0.0,
    "wp_4": [
        -0.10557202249765396,
        14.973531723022461
    ],
    "wp_3": [
        -0.05281037464737892,
        10.961479187011719
    ],
    "wp_2": [
        -0.023937489837408066,
        7.209188461303711
    ],
    "wp_1": [
        -0.00607640016824007,
        3.4954593181610107
    ],
    "aim": [
        -0.00607640016824007,
        3.4954593181610107
    ],
    "target": [
        -2.698984673520501,
        37.94787075558822
    ],
    "desired_speed": 7.280342102050781,
    "angle": -0.0011066702550588134,
    "angle_last": -0.010126466290996098,
    "angle_target": -0.04520249728607968,
    "angle_final": -0.0011066702550588134,
    "delta": 0.12854353563848964,
    "agent": "only_traj",
    "steer_traj": -0.0004596537082894085,
    "throttle_traj": 0.75,
    "brake_traj": 0.0,
    "plan": [
        [
            -0.00607640016824007,
            3.4954593181610107
        ],
        [
            -0.023937489837408066,
            7.209188461303711
        ],
        [
            -0.05281037464737892,
            10.961479187011719
        ],
        [
            -0.10557202249765396,
            14.973531723022461
        ],
        [
            -0.16239134967327118,
            18.70925521850586
        ],
        [
            -0.20988869667053223,
            21.695003509521484
        ]
    ],
    "command": 3,
    "all_plan": [
        [
            [
                0.06765826046466827,
                3.7552435398101807
            ],
            [
                0.004414886236190796,
                7.318628311157227
            ],
            [
                -0.17063617706298828,
                10.6544189453125
            ],
            [
                -0.4438933730125427,
                13.616584777832031
            ],
            [
                -0.7300287485122681,
                16.40678596496582
            ],
            [
                -1.0360240936279297,
                18.910974502563477
            ]
        ],
        [
            [
                0.41349464654922485,
                3.1563880443573
            ],
            [
                1.1278164386749268,
                5.949178695678711
            ],
            [
                2.549543857574463,
                8.023860931396484
            ],
            [
                4.734220504760742,
                9.94116497039795
            ],
            [
                7.044510364532471,
                11.710468292236328
            ],
            [
                9.26900577545166,
                13.464832305908203
            ]
        ],
        [
            [
                -0.04770912230014801,
                3.6558773517608643
            ],
            [
                -0.11345160752534866,
                7.644641876220703
            ],
            [
                -0.14768566191196442,
                11.659770965576172
            ],
            [
                -0.1665523797273636,
                15.743757247924805
            ],
            [
                -0.18992014229297638,
                19.776824951171875
            ],
            [
                -0.2663121819496155,
                23.80691146850586
            ]
        ],
        [
            [
                -0.00607640016824007,
                3.4954593181610107
            ],
            [
                -0.023937489837408066,
                7.209188461303711
            ],
            [
                -0.05281037464737892,
                10.961479187011719
            ],
            [
                -0.10557202249765396,
                14.973531723022461
            ],
            [
                -0.16239134967327118,
                18.70925521850586
            ],
            [
                -0.20988869667053223,
                21.695003509521484
            ]
        ],
        [
            [
                -0.03213861584663391,
                2.778676986694336
            ],
            [
                -0.16035979986190796,
                5.895192623138428
            ],
            [
                -0.28812000155448914,
                9.40177059173584
            ],
            [
                -0.4943830966949463,
                13.50517463684082
            ],
            [
                -0.6461246013641357,
                18.18674087524414
            ],
            [
                -0.7604001760482788,
                23.007585525512695
            ]
        ],
        [
            [
                0.19790083169937134,
                3.1694116592407227
            ],
            [
                0.2018541544675827,
                6.281550407409668
            ],
            [
                0.34697067737579346,
                9.436002731323242
            ],
            [
                0.2368311882019043,
                12.844696044921875
            ],
            [
                0.09093718230724335,
                16.536386489868164
            ],
            [
                -0.16947297751903534,
                20.3389835357666
            ]
        ]
    ]
}