{
    "speed": 7.427161907960276,
    "steer": -0.0010680528357625008,
    "throttle": 0.75,
    "brake": 0.0,
    "wp_4": [
        -0.09696177393198013,
        16.057584762573242
    ],
    "wp_3": [
        -0.0474969781935215,
        11.97441291809082
    ],
    "wp_2": [
        -0.02364964410662651,
        7.948667526245117
    ],
    "wp_1": [
        -0.009256144054234028,
        3.921191453933716
    ],
    "aim": [
        -0.009256144054234028,
        3.921191453933716
    ],
    "target": [
        -1.0882353908838396,
        35.07141166124961
    ],
    "desired_speed": 8.08055248260498,
    "angle": -0.001502745335928775,
    "angle_last": -0.008464301810978105,
    "angle_target": -0.019747421637224243,
    "angle_final": -0.001502745335928775,
    "delta": 0.25,
    "agent": "only_traj",
    "steer_traj": -0.001068052808608294,
    "throttle_traj": 0.75,
    "brake_traj": 0.0,
    "plan": [
        [
            -0.009256144054234028,
            3.921191453933716
        ],
        [
            -0.02364964410662651,
            7.948667526245117
        ],
        [
            -0.0474969781935215,
            11.97441291809082
        ],
        [
            -0.09696177393198013,
            16.057584762573242
        ],
        [
            -0.14726513624191284,
            20.135330200195312
        ],
        [
            -0.20026762783527374,
            24.12151336669922
        ]
    ],
    "command": 3,
    "all_plan": [
        [
            [
                0.04431597888469696,
                3.8985607624053955
            ],
            [
                -0.09649476408958435,
                7.623628616333008
            ],
            [
                -0.2879014015197754,
                11.29395580291748
            ],
            [
                -0.5926427245140076,
                14.807965278625488
            ],
            [
                -1.030164361000061,
                18.42129898071289
            ],
            [
                -1.5571560859680176,
                21.814184188842773
            ]
        ],
        [
            [
                0.5136542916297913,
                3.1484334468841553
            ],
            [
                1.1376957893371582,
                6.1200361251831055
            ],
            [
                2.539447069168091,
                8.71432113647461
            ],
            [
                4.579327583312988,
                11.273611068725586
            ],
            [
                6.447150230407715,
                13.846064567565918
            ],
            [
                8.029438018798828,
                16.524259567260742
            ]
        ],
        [
            [
                -0.006755501963198185,
                4.067381858825684
            ],
            [
                -0.04456499218940735,
                8.222490310668945
            ],
            [
                -0.06337827444076538,
                12.294815063476562
            ],
            [
                -0.10970479995012283,
                16.356748580932617
            ],
            [
                -0.1518799066543579,
                20.419193267822266
            ],
            [
                -0.17691294848918915,
                24.498424530029297
            ]
        ],
        [
            [
                -0.009256144054234028,
                3.921191453933716
            ],
            [
                -0.02364964410662651,
                7.948667526245117
            ],
            [
                -0.0474969781935215,
                11.97441291809082
            ],
            [
                -0.09696177393198013,
                16.057584762573242
            ],
            [
                -0.14726513624191284,
                20.135330200195312
            ],
            [
                -0.20026762783527374,
                24.12151336669922
            ]
        ],
        [
            [
                -0.031776949763298035,
                3.305966377258301
            ],
            [
                -0.16776065528392792,
                7.0184125900268555
            ],
            [
                -0.3562670648097992,
                11.056049346923828
            ],
            [
                -0.5320403575897217,
                15.717575073242188
            ],
            [
                -0.7217102646827698,
                20.84540557861328
            ],
            [
                -0.8653445839881897,
                26.12226676940918
            ]
        ],
        [
            [
                0.396809458732605,
                3.895799398422241
            ],
            [
                0.48700907826423645,
                7.476043701171875
            ],
            [
                0.6560307145118713,
                10.972249984741211
            ],
            [
                0.649298906326294,
                14.631683349609375
            ],
            [
                0.5718650817871094,
                18.461402893066406
            ],
            [
                0.5296674370765686,
                22.397998809814453
            ]
        ]
    ]
}