{
    "speed": 6.755954520278237,
    "steer": 0.00108260044362396,
    "throttle": 0.75,
    "brake": 0.0,
    "wp_4": [
        0.05658867210149765,
        14.352127075195312
    ],
    "wp_3": [
        0.04786750301718712,
        10.347695350646973
    ],
    "wp_2": [
        0.015361418016254902,
        6.610678672790527
    ],
    "wp_1": [
        0.0003826124593615532,
        3.061500310897827
    ],
    "aim": [
        0.0003826124593615532,
        3.061500310897827
    ],
    "target": [
        -0.7143778183623255,
        37.682208483766765
    ],
    "desired_speed": 7.273095417022704,
    "angle": 7.958182179084567e-05,
    "angle_last": 0.0029326277290959496,
    "angle_target": -0.012067566897461943,
    "angle_final": 7.958182179084567e-05,
    "delta": 0.25,
    "agent": "only_traj",
    "steer_traj": 0.0010826004079683667,
    "throttle_traj": 0.75,
    "brake_traj": 0.0,
    "plan": [
        [
            0.0003826124593615532,
            3.061500310897827
        ],
        [
            0.015361418016254902,
            6.610678672790527
        ],
        [
            0.04786750301718712,
            10.347695350646973
        ],
        [
            0.05658867210149765,
            14.352127075195312
        ],
        [
            0.06957501173019409,
            18.173593521118164
        ],
        [
            0.08371931314468384,
            21.244001388549805
        ]
    ],
    "command": 3,
    "all_plan": [
        [
            [
                0.051708683371543884,
                3.5415866374969482
            ],
            [
                0.005447104573249817,
                6.987055778503418
            ],
            [
                -0.1534375697374344,
                10.273670196533203
            ],
            [
                -0.43729233741760254,
                13.165969848632812
            ],
            [
                -0.6805177330970764,
                15.707710266113281
            ],
            [
                -0.9512441754341125,
                17.918548583984375
            ]
        ],
        [
            [
                0.26561132073402405,
                3.1361277103424072
            ],
            [
                0.7147523760795593,
                6.205729007720947
            ],
            [
                1.801358699798584,
                8.47171688079834
            ],
            [
                3.631906032562256,
                10.434992790222168
            ],
            [
                5.775306224822998,
                12.117115020751953
            ],
            [
                7.941652297973633,
                13.656765937805176
            ]
        ],
        [
            [
                -0.01953950524330139,
                3.2753090858459473
            ],
            [
                -0.03770095854997635,
                7.02074670791626
            ],
            [
                -0.024234186857938766,
                11.035907745361328
            ],
            [
                0.026818905025720596,
                15.284408569335938
            ],
            [
                0.09062592685222626,
                19.602535247802734
            ],
            [
                0.10242560505867004,
                23.939655303955078
            ]
        ],
        [
            [
                0.0003826124593615532,
                3.061500310897827
            ],
            [
                0.015361418016254902,
                6.610678672790527
            ],
            [
                0.04786750301718712,
                10.347695350646973
            ],
            [
                0.05658867210149765,
                14.352127075195312
            ],
            [
                0.06957501173019409,
                18.173593521118164
            ],
            [
                0.08371931314468384,
                21.244001388549805
            ]
        ],
        [
            [
                -0.03938250243663788,
                2.304245948791504
            ],
            [
                -0.09222805500030518,
                5.07295036315918
            ],
            [
                -0.06839501112699509,
                8.262529373168945
            ],
            [
                -0.14886099100112915,
                12.132706642150879
            ],
            [
                -0.18731307983398438,
                16.613262176513672
            ],
            [
                -0.1462390422821045,
                21.298938751220703
            ]
        ],
        [
            [
                0.13352717459201813,
                2.7272348403930664
            ],
            [
                0.17548078298568726,
                5.527905464172363
            ],
            [
                0.402893602848053,
                8.525203704833984
            ],
            [
                0.3827289342880249,
                11.895421981811523
            ],
            [
                0.30112168192863464,
                15.586694717407227
            ],
            [
                0.11035910248756409,
                19.48893928527832
            ]
        ]
    ]
}