{
    "speed": 8.096238194951598,
    "steer": 0.0028351200744509697,
    "throttle": 0.0862724632024765,
    "brake": 0.0,
    "wp_4": [
        0.05749393627047539,
        14.877918243408203
    ],
    "wp_3": [
        0.06940774619579315,
        10.867146492004395
    ],
    "wp_2": [
        0.03702466934919357,
        7.081498146057129
    ],
    "wp_1": [
        0.01687256619334221,
        3.371708631515503
    ],
    "aim": [
        0.01687256619334221,
        3.371708631515503
    ],
    "target": [
        -1.24069720793477,
        31.085613613915662
    ],
    "desired_speed": 7.413407325744629,
    "angle": 0.0031857241833403113,
    "angle_last": -0.00424886083722779,
    "angle_target": -0.02539545706414134,
    "angle_final": 0.0031857241833403113,
    "delta": 0.0,
    "agent": "only_traj",
    "steer_traj": 0.0028351199797068075,
    "throttle_traj": 0.08627246528339286,
    "brake_traj": 0.0,
    "plan": [
        [
            0.01687256619334221,
            3.371708631515503
        ],
        [
            0.03702466934919357,
            7.081498146057129
        ],
        [
            0.06940774619579315,
            10.867146492004395
        ],
        [
            0.05749393627047539,
            14.877918243408203
        ],
        [
            0.04383803904056549,
            18.70741844177246
        ],
        [
            0.02249736897647381,
            21.90492057800293
        ]
    ],
    "command": 3,
    "all_plan": [
        [
            [
                0.07114429026842117,
                3.6585004329681396
            ],
            [
                0.01428794115781784,
                7.177215576171875
            ],
            [
                -0.14857324957847595,
                10.527287483215332
            ],
            [
                -0.45377489924430847,
                13.548847198486328
            ],
            [
                -0.7729606032371521,
                16.364620208740234
            ],
            [
                -1.1388403177261353,
                18.89270782470703
            ]
        ],
        [
            [
                0.3622732162475586,
                3.1439859867095947
            ],
            [
                0.9552608132362366,
                6.099267482757568
            ],
            [
                2.2291383743286133,
                8.361414909362793
            ],
            [
                4.215599060058594,
                10.433061599731445
            ],
            [
                6.341635704040527,
                12.35862922668457
            ],
            [
                8.39355182647705,
                14.23222541809082
            ]
        ],
        [
            [
                -0.027375519275665283,
                3.5543360710144043
            ],
            [
                -0.058097489178180695,
                7.45906400680542
            ],
            [
                -0.057623427361249924,
                11.479887008666992
            ],
            [
                -0.027770230546593666,
                15.626396179199219
            ],
            [
                0.001368677243590355,
                19.778942108154297
            ],
            [
                -0.004433942958712578,
                23.956735610961914
            ]
        ],
        [
            [
                0.01687256619334221,
                3.371708631515503
            ],
            [
                0.03702466934919357,
                7.081498146057129
            ],
            [
                0.06940774619579315,
                10.867146492004395
            ],
            [
                0.05749393627047539,
                14.877918243408203
            ],
            [
                0.04383803904056549,
                18.70741844177246
            ],
            [
                0.02249736897647381,
                21.90492057800293
            ]
        ],
        [
            [
                -0.0448964387178421,
                2.678717613220215
            ],
            [
                -0.13817329704761505,
                5.761314392089844
            ],
            [
                -0.17816899716854095,
                9.261775016784668
            ],
            [
                -0.30608057975769043,
                13.359940528869629
            ],
            [
                -0.40605759620666504,
                18.02521324157715
            ],
            [
                -0.4452635943889618,
                22.863222122192383
            ]
        ],
        [
            [
                0.2086462825536728,
                3.1316030025482178
            ],
            [
                0.25737881660461426,
                6.206884384155273
            ],
            [
                0.45849916338920593,
                9.357505798339844
            ],
            [
                0.40888169407844543,
                12.768383026123047
            ],
            [
                0.33031490445137024,
                16.478588104248047
            ],
            [
                0.15868285298347473,
                20.331581115722656
            ]
        ]
    ]
}