{
    "speed": 7.533427408614809,
    "steer": -0.0014406037516891956,
    "throttle": 0.0,
    "brake": 1.0,
    "wp_4": [
        -0.0758311077952385,
        15.765783309936523
    ],
    "wp_3": [
        -0.03303367272019386,
        11.719413757324219
    ],
    "wp_2": [
        -0.00926151406019926,
        7.801023006439209
    ],
    "wp_1": [
        -0.008593280799686909,
        3.9497218132019043
    ],
    "aim": [
        -0.008593280799686909,
        3.9497218132019043
    ],
    "target": [
        -0.7167411734765863,
        31.746715922971653
    ],
    "desired_speed": 6.828410434722901,
    "angle": -0.0013850384092322218,
    "angle_last": -0.011388154012679008,
    "angle_target": -0.014370434452035548,
    "angle_final": -0.0013850384092322218,
    "delta": 0.0,
    "agent": "only_traj",
    "steer_traj": -0.001440603806349512,
    "throttle_traj": 0.0,
    "brake_traj": 1.0,
    "plan": [
        [
            -0.008593280799686909,
            3.9497218132019043
        ],
        [
            -0.00926151406019926,
            7.801023006439209
        ],
        [
            -0.03303367272019386,
            11.719413757324219
        ],
        [
            -0.0758311077952385,
            15.765783309936523
        ],
        [
            -0.12664999067783356,
            18.948516845703125
        ],
        [
            -0.16370441019535065,
            21.019712448120117
        ]
    ],
    "command": 3,
    "all_plan": [
        [
            [
                0.024222569540143013,
                4.066840171813965
            ],
            [
                -0.0385846346616745,
                7.77756404876709
            ],
            [
                -0.23321489989757538,
                10.93858814239502
            ],
            [
                -0.40946057438850403,
                13.510425567626953
            ],
            [
                -0.6224828362464905,
                15.945805549621582
            ],
            [
                -0.7953279614448547,
                18.039281845092773
            ]
        ],
        [
            [
                0.5312435030937195,
                3.4354889392852783
            ],
            [
                1.6899638175964355,
                5.999608516693115
            ],
            [
                3.6643893718719482,
                7.632777214050293
            ],
            [
                6.425004959106445,
                9.165545463562012
            ],
            [
                9.457548141479492,
                10.50174331665039
            ],
            [
                12.29401683807373,
                11.91286563873291
            ]
        ],
        [
            [
                -0.04274040460586548,
                4.0497541427612305
            ],
            [
                -0.13245663046836853,
                8.348563194274902
            ],
            [
                -0.19367346167564392,
                12.551536560058594
            ],
            [
                -0.23391810059547424,
                16.6602783203125
            ],
            [
                -0.2605494260787964,
                20.564725875854492
            ],
            [
                -0.3405335545539856,
                24.44792366027832
            ]
        ],
        [
            [
                -0.008593280799686909,
                3.9497218132019043
            ],
            [
                -0.00926151406019926,
                7.801023006439209
            ],
            [
                -0.03303367272019386,
                11.719413757324219
            ],
            [
                -0.0758311077952385,
                15.765783309936523
            ],
            [
                -0.12664999067783356,
                18.948516845703125
            ],
            [
                -0.16370441019535065,
                21.019712448120117
            ]
        ],
        [
            [
                -0.035066500306129456,
                3.099928140640259
            ],
            [
                -0.2088356465101242,
                6.383791923522949
            ],
            [
                -0.4218819737434387,
                9.935708045959473
            ],
            [
                -0.678972065448761,
                14.179609298706055
            ],
            [
                -0.7890376448631287,
                18.97011947631836
            ],
            [
                -0.9479341506958008,
                23.835603713989258
            ]
        ],
        [
            [
                0.17500422894954681,
                3.3037357330322266
            ],
            [
                0.05912846326828003,
                6.650609016418457
            ],
            [
                0.13815268874168396,
                9.811290740966797
            ],
            [
                -0.03196746110916138,
                13.120832443237305
            ],
            [
                -0.2265937179327011,
                16.699657440185547
            ],
            [
                -0.663543701171875,
                20.31473159790039
            ]
        ]
    ]
}