{
    "speed": 6.927536875829514,
    "steer": -0.0008481292752549052,
    "throttle": 0.75,
    "brake": 0.0,
    "wp_4": [
        -0.043310411274433136,
        15.71950626373291
    ],
    "wp_3": [
        -0.017034772783517838,
        11.657111167907715
    ],
    "wp_2": [
        -0.006613920442759991,
        7.680085182189941
    ],
    "wp_1": [
        -0.0065940069034695625,
        3.7348272800445557
    ],
    "aim": [
        -0.0065940069034695625,
        3.7348272800445557
    ],
    "target": [
        -1.1160783962832814,
        27.474970269019735
    ],
    "desired_speed": 8.010986614227296,
    "angle": -0.001123973400956179,
    "angle_last": -0.004159081795137512,
    "angle_target": -0.025846330006955912,
    "angle_final": -0.001123973400956179,
    "delta": 0.25,
    "agent": "only_traj",
    "steer_traj": -0.0008481292550703459,
    "throttle_traj": 0.75,
    "brake_traj": 0.0,
    "plan": [
        [
            -0.0065940069034695625,
            3.7348272800445557
        ],
        [
            -0.006613920442759991,
            7.680085182189941
        ],
        [
            -0.017034772783517838,
            11.657111167907715
        ],
        [
            -0.043310411274433136,
            15.71950626373291
        ],
        [
            -0.07344210147857666,
            19.791332244873047
        ],
        [
            -0.09938330948352814,
            23.761999130249023
        ]
    ],
    "command": 3,
    "all_plan": [
        [
            [
                0.043462514877319336,
                3.7952563762664795
            ],
            [
                -0.08718375861644745,
                7.429870128631592
            ],
            [
                -0.27054184675216675,
                11.02518367767334
            ],
            [
                -0.5867247581481934,
                14.460061073303223
            ],
            [
                -1.0225754976272583,
                17.957550048828125
            ],
            [
                -1.5519654750823975,
                21.22156524658203
            ]
        ],
        [
            [
                0.47531792521476746,
                3.097842216491699
            ],
            [
                1.0415390729904175,
                6.071398735046387
            ],
            [
                2.357041358947754,
                8.65930461883545
            ],
            [
                4.2899980545043945,
                11.187396049499512
            ],
            [
                6.094602584838867,
                13.71059799194336
            ],
            [
                7.635161876678467,
                16.32244110107422
            ]
        ],
        [
            [
                0.0005829476285725832,
                3.9206347465515137
            ],
            [
                -0.023377982899546623,
                7.987058639526367
            ],
            [
                -0.03129586577415466,
                12.019275665283203
            ],
            [
                -0.05261897295713425,
                16.080087661743164
            ],
            [
                -0.06695791333913803,
                20.158432006835938
            ],
            [
                -0.06673203408718109,
                24.244632720947266
            ]
        ],
        [
            [
                -0.0065940069034695625,
                3.7348272800445557
            ],
            [
                -0.006613920442759991,
                7.680085182189941
            ],
            [
                -0.017034772783517838,
                11.657111167907715
            ],
            [
                -0.043310411274433136,
                15.71950626373291
            ],
            [
                -0.07344210147857666,
                19.791332244873047
            ],
            [
                -0.09938330948352814,
                23.761999130249023
            ]
        ],
        [
            [
                -0.02100391685962677,
                3.1704626083374023
            ],
            [
                -0.12603023648262024,
                6.764479637145996
            ],
            [
                -0.263741672039032,
                10.68974494934082
            ],
            [
                -0.4011799693107605,
                15.240246772766113
            ],
            [
                -0.552205502986908,
                20.259811401367188
            ],
            [
                -0.6474566459655762,
                25.430133819580078
            ]
        ],
        [
            [
                0.36222344636917114,
                3.742443799972534
            ],
            [
                0.45662054419517517,
                7.2060747146606445
            ],
            [
                0.6485816240310669,
                10.624300956726074
            ],
            [
                0.6544743180274963,
                14.22693920135498
            ],
            [
                0.5916348099708557,
                18.022794723510742
            ],
            [
                0.5644689798355103,
                21.92206382751465
            ]
        ]
    ]
}