{
    "speed": 8.334640837811081,
    "steer": -0.0008344575180672109,
    "throttle": 0.07939180731773376,
    "brake": 0.0,
    "wp_4": [
        0.009519735351204872,
        16.365245819091797
    ],
    "wp_3": [
        0.007590455003082752,
        12.285136222839355
    ],
    "wp_2": [
        -0.001816372387111187,
        8.214579582214355
    ],
    "wp_1": [
        -0.0075138406828045845,
        4.122461318969727
    ],
    "aim": [
        -0.0075138406828045845,
        4.122461318969727
    ],
    "target": [
        -1.036488126565615,
        23.455708984736763
    ],
    "desired_speed": 8.169861030578613,
    "angle": -0.0011603251855388024,
    "angle_last": 0.0006232648797238606,
    "angle_target": -0.028113404990762095,
    "angle_final": -0.0011603251855388024,
    "delta": 0.0,
    "agent": "only_traj",
    "steer_traj": -0.0008344574930817039,
    "throttle_traj": 0.07939180819758412,
    "brake_traj": 0.0,
    "plan": [
        [
            -0.0075138406828045845,
            4.122461318969727
        ],
        [
            -0.001816372387111187,
            8.214579582214355
        ],
        [
            0.007590455003082752,
            12.285136222839355
        ],
        [
            0.009519735351204872,
            16.365245819091797
        ],
        [
            0.013714535161852837,
            20.46234893798828
        ],
        [
            0.01771346852183342,
            24.547094345092773
        ]
    ],
    "command": 3,
    "all_plan": [
        [
            [
                0.042489513754844666,
                3.963813304901123
            ],
            [
                -0.09035901725292206,
                7.721287727355957
            ],
            [
                -0.2611464858055115,
                11.44139289855957
            ],
            [
                -0.538515567779541,
                15.031886100769043
            ],
            [
                -0.9640589952468872,
                18.75554656982422
            ],
            [
                -1.4922990798950195,
                22.291959762573242
            ]
        ],
        [
            [
                0.5258955955505371,
                3.2149722576141357
            ],
            [
                1.1620869636535645,
                6.259029388427734
            ],
            [
                2.565541982650757,
                8.979654312133789
            ],
            [
                4.5814008712768555,
                11.734700202941895
            ],
            [
                6.372464179992676,
                14.492133140563965
            ],
            [
                7.822187423706055,
                17.388391494750977
            ]
        ],
        [
            [
                -0.0017084486316889524,
                4.197626113891602
            ],
            [
                -0.010856143198907375,
                8.379270553588867
            ],
            [
                0.013556038029491901,
                12.492417335510254
            ],
            [
                0.017755776643753052,
                16.57931137084961
            ],
            [
                0.046583741903305054,
                20.651689529418945
            ],
            [
                0.10422749817371368,
                24.79368019104004
            ]
        ],
        [
            [
                -0.0075138406828045845,
                4.122461318969727
            ],
            [
                -0.001816372387111187,
                8.214579582214355
            ],
            [
                0.007590455003082752,
                12.285136222839355
            ],
            [
                0.009519735351204872,
                16.365245819091797
            ],
            [
                0.013714535161852837,
                20.46234893798828
            ],
            [
                0.01771346852183342,
                24.547094345092773
            ]
        ],
        [
            [
                -0.05131120979785919,
                3.409376859664917
            ],
            [
                -0.17146830260753632,
                7.269480228424072
            ],
            [
                -0.32935336232185364,
                11.404951095581055
            ],
            [
                -0.44075554609298706,
                16.204166412353516
            ],
            [
                -0.5734217166900635,
                21.445310592651367
            ],
            [
                -0.6840059757232666,
                26.808635711669922
            ]
        ],
        [
            [
                0.4224103093147278,
                4.082162380218506
            ],
            [
                0.5523300170898438,
                7.821666717529297
            ],
            [
                0.7613229751586914,
                11.412668228149414
            ],
            [
                0.827597975730896,
                15.138809204101562
            ],
            [
                0.8489009737968445,
                18.993581771850586
            ],
            [
                0.915440022945404,
                22.958105087280273
            ]
        ]
    ]
}