{
    "speed": 6.4280403153996515,
    "steer": -0.002327384427189827,
    "throttle": 0.75,
    "brake": 0.0,
    "wp_4": [
        -0.058674149215221405,
        15.183708190917969
    ],
    "wp_3": [
        -0.038656461983919144,
        11.307646751403809
    ],
    "wp_2": [
        -0.023655157536268234,
        7.549080848693848
    ],
    "wp_1": [
        -0.012849797494709492,
        3.7508938312530518
    ],
    "aim": [
        -0.012849797494709492,
        3.7508938312530518
    ],
    "target": [
        -0.6790781595632299,
        27.96997246804554
    ],
    "desired_speed": 7.152987384796142,
    "angle": -0.002180907229520263,
    "angle_last": -0.00448594429241801,
    "angle_target": -0.015453346248971038,
    "angle_final": -0.002180907229520263,
    "delta": 0.25,
    "agent": "only_traj",
    "steer_traj": -0.0023273843417651926,
    "throttle_traj": 0.75,
    "brake_traj": 0.0,
    "plan": [
        [
            -0.012849797494709492,
            3.7508938312530518
        ],
        [
            -0.023655157536268234,
            7.549080848693848
        ],
        [
            -0.038656461983919144,
            11.307646751403809
        ],
        [
            -0.058674149215221405,
            15.183708190917969
        ],
        [
            -0.07180187106132507,
            18.744529724121094
        ],
        [
            -0.09215711057186127,
            21.633169174194336
        ]
    ],
    "command": 3,
    "all_plan": [
        [
            [
                0.08631941676139832,
                3.8269426822662354
            ],
            [
                0.047160059213638306,
                7.42567253112793
            ],
            [
                -0.06339426338672638,
                10.755431175231934
            ],
            [
                -0.2577999234199524,
                13.724596977233887
            ],
            [
                -0.47961050271987915,
                16.57564926147461
            ],
            [
                -0.7447543740272522,
                19.128032684326172
            ]
        ],
        [
            [
                0.4477769136428833,
                3.26535701751709
            ],
            [
                1.1784298419952393,
                6.129493713378906
            ],
            [
                2.644108772277832,
                8.282355308532715
            ],
            [
                4.877211570739746,
                10.26208209991455
            ],
            [
                7.220306396484375,
                12.081875801086426
            ],
            [
                9.396499633789062,
                13.950892448425293
            ]
        ],
        [
            [
                -0.01989191770553589,
                3.824889659881592
            ],
            [
                -0.07169993966817856,
                7.858093738555908
            ],
            [
                -0.07878314703702927,
                11.876546859741211
            ],
            [
                -0.06505224108695984,
                15.951038360595703
            ],
            [
                -0.04648955166339874,
                19.910982131958008
            ],
            [
                -0.08730295300483704,
                23.894332885742188
            ]
        ],
        [
            [
                -0.012849797494709492,
                3.7508938312530518
            ],
            [
                -0.023655157536268234,
                7.549080848693848
            ],
            [
                -0.038656461983919144,
                11.307646751403809
            ],
            [
                -0.058674149215221405,
                15.183708190917969
            ],
            [
                -0.07180187106132507,
                18.744529724121094
            ],
            [
                -0.09215711057186127,
                21.633169174194336
            ]
        ],
        [
            [
                -0.04387183487415314,
                2.8466713428497314
            ],
            [
                -0.1670246720314026,
                6.083584785461426
            ],
            [
                -0.2944367527961731,
                9.617715835571289
            ],
            [
                -0.4570797085762024,
                13.829263687133789
            ],
            [
                -0.5742784738540649,
                18.6065673828125
            ],
            [
                -0.6780971884727478,
                23.493623733520508
            ]
        ],
        [
            [
                0.2553936243057251,
                3.319955825805664
            ],
            [
                0.2785130441188812,
                6.546934127807617
            ],
            [
                0.4606594443321228,
                9.714791297912598
            ],
            [
                0.42771172523498535,
                13.129874229431152
            ],
            [
                0.3425436019897461,
                16.77060317993164
            ],
            [
                0.1761426031589508,
                20.519317626953125
            ]
        ]
    ]
}