{
    "speed": 7.08765816010596,
    "steer": -0.0023887266870588064,
    "throttle": 0.75,
    "brake": 0.0,
    "wp_4": [
        -0.05096437782049179,
        15.6974515914917
    ],
    "wp_3": [
        -0.027777541428804398,
        11.659093856811523
    ],
    "wp_2": [
        -0.018606852740049362,
        7.741236686706543
    ],
    "wp_1": [
        -0.01213200856000185,
        3.8376286029815674
    ],
    "aim": [
        -0.01213200856000185,
        3.8376286029815674
    ],
    "target": [
        -2.1275947128345853,
        19.862660288051963
    ],
    "desired_speed": 7.880225944519042,
    "angle": -0.00201250512098406,
    "angle_last": -0.0045116713382917254,
    "angle_target": -0.06793269200354464,
    "angle_final": -0.00201250512098406,
    "delta": 0.25,
    "agent": "only_traj",
    "steer_traj": -0.0023887268028733428,
    "throttle_traj": 0.75,
    "brake_traj": 0.0,
    "plan": [
        [
            -0.01213200856000185,
            3.8376286029815674
        ],
        [
            -0.018606852740049362,
            7.741236686706543
        ],
        [
            -0.027777541428804398,
            11.659093856811523
        ],
        [
            -0.05096437782049179,
            15.6974515914917
        ],
        [
            -0.0806775838136673,
            19.710693359375
        ],
        [
            -0.10780109465122223,
            23.537904739379883
        ]
    ],
    "command": 3,
    "all_plan": [
        [
            [
                0.040799349546432495,
                3.853827476501465
            ],
            [
                -0.07205900549888611,
                7.484614849090576
            ],
            [
                -0.24352845549583435,
                11.052947044372559
            ],
            [
                -0.5190628170967102,
                14.439502716064453
            ],
            [
                -0.8975527286529541,
                17.908323287963867
            ],
            [
                -1.3566312789916992,
                21.161649703979492
            ]
        ],
        [
            [
                0.4852558374404907,
                3.1094021797180176
            ],
            [
                1.0977089405059814,
                5.998197555541992
            ],
            [
                2.4720959663391113,
                8.482782363891602
            ],
            [
                4.476122856140137,
                10.966951370239258
            ],
            [
                6.345861911773682,
                13.428338050842285
            ],
            [
                7.923275470733643,
                15.988222122192383
            ]
        ],
        [
            [
                -0.00955690536648035,
                3.9923577308654785
            ],
            [
                -0.048308081924915314,
                8.058378219604492
            ],
            [
                -0.05542118474841118,
                12.05103588104248
            ],
            [
                -0.08179223537445068,
                16.027244567871094
            ],
            [
                -0.09695430099964142,
                19.996091842651367
            ],
            [
                -0.12600365281105042,
                23.984046936035156
            ]
        ],
        [
            [
                -0.01213200856000185,
                3.8376286029815674
            ],
            [
                -0.018606852740049362,
                7.741236686706543
            ],
            [
                -0.027777541428804398,
                11.659093856811523
            ],
            [
                -0.05096437782049179,
                15.6974515914917
            ],
            [
                -0.0806775838136673,
                19.710693359375
            ],
            [
                -0.10780109465122223,
                23.537904739379883
            ]
        ],
        [
            [
                -0.03621889650821686,
                3.224684238433838
            ],
            [
                -0.15348489582538605,
                6.838923454284668
            ],
            [
                -0.30813026428222656,
                10.760441780090332
            ],
            [
                -0.4597829580307007,
                15.302361488342285
            ],
            [
                -0.6176430583000183,
                20.333694458007812
            ],
            [
                -0.747708261013031,
                25.481014251708984
            ]
        ],
        [
            [
                0.3552866578102112,
                3.8043861389160156
            ],
            [
                0.42941632866859436,
                7.282561302185059
            ],
            [
                0.6383798718452454,
                10.70750617980957
            ],
            [
                0.6395501494407654,
                14.296319007873535
            ],
            [
                0.5753446221351624,
                18.055519104003906
            ],
            [
                0.5258509516716003,
                21.91271209716797
            ]
        ]
    ]
}