{
    "speed": 6.924035080099047,
    "steer": -0.0017775443848222494,
    "throttle": 0.75,
    "brake": 0.0,
    "wp_4": [
        -0.030297420918941498,
        16.110118865966797
    ],
    "wp_3": [
        -0.017716575413942337,
        12.078895568847656
    ],
    "wp_2": [
        -0.013609270565211773,
        8.073480606079102
    ],
    "wp_1": [
        -0.009168853051960468,
        4.050662994384766
    ],
    "aim": [
        -0.009168853051960468,
        4.050662994384766
    ],
    "target": [
        -1.7525474588488663,
        25.058592462175316
    ],
    "desired_speed": 8.027834129333497,
    "angle": -0.0014409700694355484,
    "angle_last": -0.0021231541855382665,
    "angle_target": -0.04445152269238729,
    "angle_final": -0.0014409700694355484,
    "delta": 0.25,
    "agent": "only_traj",
    "steer_traj": -0.001777544400467677,
    "throttle_traj": 0.75,
    "brake_traj": 0.0,
    "plan": [
        [
            -0.009168853051960468,
            4.050662994384766
        ],
        [
            -0.013609270565211773,
            8.073480606079102
        ],
        [
            -0.017716575413942337,
            12.078895568847656
        ],
        [
            -0.030297420918941498,
            16.110118865966797
        ],
        [
            -0.04726872220635414,
            20.14507293701172
        ],
        [
            -0.060526154935359955,
            24.120166778564453
        ]
    ],
    "command": 3,
    "all_plan": [
        [
            [
                0.04054245352745056,
                3.9336953163146973
            ],
            [
                -0.08122095465660095,
                7.658738136291504
            ],
            [
                -0.24553358554840088,
                11.328569412231445
            ],
            [
                -0.503061830997467,
                14.848409652709961
            ],
            [
                -0.8940069079399109,
                18.486839294433594
            ],
            [
                -1.377485990524292,
                21.944658279418945
            ]
        ],
        [
            [
                0.519374430179596,
                3.164975166320801
            ],
            [
                1.1558268070220947,
                6.13386344909668
            ],
            [
                2.5588083267211914,
                8.750028610229492
            ],
            [
                4.587514877319336,
                11.39474868774414
            ],
            [
                6.408702373504639,
                14.03875732421875
            ],
            [
                7.897589683532715,
                16.802528381347656
            ]
        ],
        [
            [
                -0.0052558789029717445,
                4.1479597091674805
            ],
            [
                -0.03281266242265701,
                8.272002220153809
            ],
            [
                -0.02787024900317192,
                12.321958541870117
            ],
            [
                -0.0313752144575119,
                16.328258514404297
            ],
            [
                -0.03325365483760834,
                20.317174911499023
            ],
            [
                -0.026692304760217667,
                24.372873306274414
            ]
        ],
        [
            [
                -0.009168853051960468,
                4.050662994384766
            ],
            [
                -0.013609270565211773,
                8.073480606079102
            ],
            [
                -0.017716575413942337,
                12.078895568847656
            ],
            [
                -0.030297420918941498,
                16.110118865966797
            ],
            [
                -0.04726872220635414,
                20.14507293701172
            ],
            [
                -0.060526154935359955,
                24.120166778564453
            ]
        ],
        [
            [
                -0.047198355197906494,
                3.3465917110443115
            ],
            [
                -0.17182093858718872,
                7.122982978820801
            ],
            [
                -0.3430667519569397,
                11.177650451660156
            ],
            [
                -0.4794960618019104,
                15.874722480773926
            ],
            [
                -0.6322656273841858,
                21.02988624572754
            ],
            [
                -0.7717372179031372,
                26.302654266357422
            ]
        ],
        [
            [
                0.40053874254226685,
                3.9908969402313232
            ],
            [
                0.5052142143249512,
                7.648842811584473
            ],
            [
                0.7012619972229004,
                11.175161361694336
            ],
            [
                0.7363563776016235,
                14.84791374206543
            ],
            [
                0.729833722114563,
                18.653255462646484
            ],
            [
                0.7526276707649231,
                22.570104598999023
            ]
        ]
    ]
}