{
    "speed": 6.207291718050186,
    "steer": -0.0006596558960154653,
    "throttle": 0.75,
    "brake": 0.0,
    "wp_4": [
        0.033097319304943085,
        15.507465362548828
    ],
    "wp_3": [
        0.025907840579748154,
        11.569125175476074
    ],
    "wp_2": [
        0.006122787483036518,
        7.723095893859863
    ],
    "wp_1": [
        -0.0016461657360196114,
        3.8392534255981445
    ],
    "aim": [
        -0.0016461657360196114,
        3.8392534255981445
    ],
    "target": [
        -1.1034819366527953,
        15.912818680464103
    ],
    "desired_speed": 7.618611431121826,
    "angle": -0.0002729318303725902,
    "angle_last": 0.0014773420899385661,
    "angle_target": -0.04407613851472184,
    "angle_final": -0.0002729318303725902,
    "delta": 0.25,
    "agent": "only_traj",
    "steer_traj": -0.0006596558767481525,
    "throttle_traj": 0.75,
    "brake_traj": 0.0,
    "plan": [
        [
            -0.0016461657360196114,
            3.8392534255981445
        ],
        [
            0.006122787483036518,
            7.723095893859863
        ],
        [
            0.025907840579748154,
            11.569125175476074
        ],
        [
            0.033097319304943085,
            15.507465362548828
        ],
        [
            0.04140898212790489,
            19.346529006958008
        ],
        [
            0.04962184280157089,
            22.885698318481445
        ]
    ],
    "command": 3,
    "all_plan": [
        [
            [
                0.07441863417625427,
                3.8104639053344727
            ],
            [
                0.010408803820610046,
                7.428857803344727
            ],
            [
                -0.12434667348861694,
                10.92306137084961
            ],
            [
                -0.36048081517219543,
                14.201127052307129
            ],
            [
                -0.6898897290229797,
                17.47978973388672
            ],
            [
                -1.0930726528167725,
                20.5074520111084
            ]
        ],
        [
            [
                0.43936657905578613,
                3.192584276199341
            ],
            [
                1.0564496517181396,
                6.166981220245361
            ],
            [
                2.399702310562134,
                8.666805267333984
            ],
            [
                4.401266098022461,
                11.081123352050781
            ],
            [
                6.357755661010742,
                13.407708168029785
            ],
            [
                8.049806594848633,
                15.812273979187012
            ]
        ],
        [
            [
                0.005147351883351803,
                3.9360013008117676
            ],
            [
                -0.018901057541370392,
                7.964289665222168
            ],
            [
                0.01246907189488411,
                11.969457626342773
            ],
            [
                0.043251216411590576,
                16.0098876953125
            ],
            [
                0.08100607991218567,
                19.997682571411133
            ],
            [
                0.10442166030406952,
                24.02850914001465
            ]
        ],
        [
            [
                -0.0016461657360196114,
                3.8392534255981445
            ],
            [
                0.006122787483036518,
                7.723095893859863
            ],
            [
                0.025907840579748154,
                11.569125175476074
            ],
            [
                0.033097319304943085,
                15.507465362548828
            ],
            [
                0.04140898212790489,
                19.346529006958008
            ],
            [
                0.04962184280157089,
                22.885698318481445
            ]
        ],
        [
            [
                -0.04735089838504791,
                3.04422664642334
            ],
            [
                -0.14402228593826294,
                6.558492660522461
            ],
            [
                -0.24806171655654907,
                10.35252857208252
            ],
            [
                -0.3486196994781494,
                14.800177574157715
            ],
            [
                -0.453593373298645,
                19.750444412231445
            ],
            [
                -0.5362911820411682,
                24.811250686645508
            ]
        ],
        [
            [
                0.3444433808326721,
                3.6551761627197266
            ],
            [
                0.43497976660728455,
                7.062066555023193
            ],
            [
                0.6661827564239502,
                10.3933744430542
            ],
            [
                0.6996729969978333,
                13.913768768310547
            ],
            [
                0.693028450012207,
                17.62957000732422
            ],
            [
                0.682830274105072,
                21.446006774902344
            ]
        ]
    ]
}