{
    "speed": 5.1596879009659125,
    "steer": -0.0033193742856383324,
    "throttle": 0.75,
    "brake": 0.0,
    "wp_4": [
        -0.04388877749443054,
        13.518115043640137
    ],
    "wp_3": [
        -0.022820960730314255,
        9.972184181213379
    ],
    "wp_2": [
        -0.022097919136285782,
        6.479844093322754
    ],
    "wp_1": [
        -0.01329417247325182,
        3.09218692779541
    ],
    "aim": [
        -0.01329417247325182,
        3.09218692779541
    ],
    "target": [
        -0.1491103572883733,
        17.364705829758368
    ],
    "desired_speed": 6.228515911102294,
    "angle": -0.002736960518950079,
    "angle_last": 0.001328671639004622,
    "angle_target": -0.005466506002044888,
    "angle_final": -0.002736960518950079,
    "delta": 0.25,
    "agent": "only_traj",
    "steer_traj": -0.0033193742282334304,
    "throttle_traj": 0.75,
    "brake_traj": 0.0,
    "plan": [
        [
            -0.01329417247325182,
            3.09218692779541
        ],
        [
            -0.022097919136285782,
            6.479844093322754
        ],
        [
            -0.022820960730314255,
            9.972184181213379
        ],
        [
            -0.04388877749443054,
            13.518115043640137
        ],
        [
            -0.04824542626738548,
            16.559200286865234
        ],
        [
            -0.043853819370269775,
            18.663394927978516
        ]
    ],
    "command": 3,
    "all_plan": [
        [
            [
                -0.004712788388133049,
                3.458885908126831
            ],
            [
                -0.04137876629829407,
                6.803208351135254
            ],
            [
                -0.19638954102993011,
                9.793609619140625
            ],
            [
                -0.36221843957901,
                12.187994956970215
            ],
            [
                -0.5039442777633667,
                14.133371353149414
            ],
            [
                -0.5747184753417969,
                15.713432312011719
            ]
        ],
        [
            [
                0.2608072757720947,
                3.225825548171997
            ],
            [
                0.8038646578788757,
                6.154372692108154
            ],
            [
                2.029057264328003,
                8.088630676269531
            ],
            [
                4.145826816558838,
                9.513092041015625
            ],
            [
                6.696420669555664,
                10.526956558227539
            ],
            [
                9.377751350402832,
                11.450703620910645
            ]
        ],
        [
            [
                -0.01288773212581873,
                3.1327571868896484
            ],
            [
                -0.02859816700220108,
                6.795206546783447
            ],
            [
                -0.04590974375605583,
                10.667342185974121
            ],
            [
                -0.0562586635351181,
                14.830827713012695
            ],
            [
                -0.018407665193080902,
                18.98709487915039
            ],
            [
                -0.0655108243227005,
                23.198665618896484
            ]
        ],
        [
            [
                -0.01329417247325182,
                3.09218692779541
            ],
            [
                -0.022097919136285782,
                6.479844093322754
            ],
            [
                -0.022820960730314255,
                9.972184181213379
            ],
            [
                -0.04388877749443054,
                13.518115043640137
            ],
            [
                -0.04824542626738548,
                16.559200286865234
            ],
            [
                -0.043853819370269775,
                18.663394927978516
            ]
        ],
        [
            [
                -0.05201588571071625,
                2.0211727619171143
            ],
            [
                -0.14561207592487335,
                4.4292893409729
            ],
            [
                -0.19382184743881226,
                7.213428974151611
            ],
            [
                -0.30731821060180664,
                10.73906135559082
            ],
            [
                -0.3339022696018219,
                14.915216445922852
            ],
            [
                -0.30408775806427,
                19.275178909301758
            ]
        ],
        [
            [
                0.0768909901380539,
                2.2653167247772217
            ],
            [
                0.04380638897418976,
                4.784583568572998
            ],
            [
                0.14645197987556458,
                7.4278154373168945
            ],
            [
                0.05340743809938431,
                10.551360130310059
            ],
            [
                -0.07225099951028824,
                13.951621055603027
            ],
            [
                -0.37203100323677063,
                17.549278259277344
            ]
        ]
    ]
}