{
    "speed": 5.202395464565135,
    "steer": -0.0020225816406309605,
    "throttle": 0.75,
    "brake": 0.0,
    "wp_4": [
        -0.06951266527175903,
        15.124272346496582
    ],
    "wp_3": [
        -0.0464661680161953,
        11.166462898254395
    ],
    "wp_2": [
        -0.027689937502145767,
        7.3501739501953125
    ],
    "wp_1": [
        -0.009487216360867023,
        3.5577993392944336
    ],
    "aim": [
        -0.009487216360867023,
        3.5577993392944336
    ],
    "target": [
        -0.6028723537450591,
        13.031256771655608
    ],
    "desired_speed": 7.695880508422852,
    "angle": -0.0016975575092556942,
    "angle_last": -0.002758741233303342,
    "angle_target": -0.029431312742097808,
    "angle_final": -0.0016975575092556942,
    "delta": 0.25,
    "agent": "only_traj",
    "steer_traj": -0.0020225817058101155,
    "throttle_traj": 0.75,
    "brake_traj": 0.0,
    "plan": [
        [
            -0.009487216360867023,
            3.5577993392944336
        ],
        [
            -0.027689937502145767,
            7.3501739501953125
        ],
        [
            -0.0464661680161953,
            11.166462898254395
        ],
        [
            -0.06951266527175903,
            15.124272346496582
        ],
        [
            -0.09969636797904968,
            19.078794479370117
        ],
        [
            -0.11580998450517654,
            22.79719352722168
        ]
    ],
    "command": 3,
    "all_plan": [
        [
            [
                0.050776638090610504,
                3.6847431659698486
            ],
            [
                -0.03344631940126419,
                7.234339714050293
            ],
            [
                -0.16617190837860107,
                10.73382568359375
            ],
            [
                -0.4305375814437866,
                14.039071083068848
            ],
            [
                -0.7805585861206055,
                17.32004165649414
            ],
            [
                -1.1978645324707031,
                20.3612117767334
            ]
        ],
        [
            [
                0.42842453718185425,
                3.045210123062134
            ],
            [
                0.9627178311347961,
                5.981879711151123
            ],
            [
                2.2002980709075928,
                8.442634582519531
            ],
            [
                4.084124565124512,
                10.810105323791504
            ],
            [
                5.91729736328125,
                13.12235164642334
            ],
            [
                7.527013778686523,
                15.467042922973633
            ]
        ],
        [
            [
                -0.002543435199186206,
                3.7422494888305664
            ],
            [
                -0.03643300384283066,
                7.663256645202637
            ],
            [
                -0.04440399631857872,
                11.606317520141602
            ],
            [
                -0.05081917345523834,
                15.61194133758545
            ],
            [
                -0.06145294010639191,
                19.626419067382812
            ],
            [
                -0.07045561075210571,
                23.671955108642578
            ]
        ],
        [
            [
                -0.009487216360867023,
                3.5577993392944336
            ],
            [
                -0.027689937502145767,
                7.3501739501953125
            ],
            [
                -0.0464661680161953,
                11.166462898254395
            ],
            [
                -0.06951266527175903,
                15.124272346496582
            ],
            [
                -0.09969636797904968,
                19.078794479370117
            ],
            [
                -0.11580998450517654,
                22.79719352722168
            ]
        ],
        [
            [
                -0.02596580982208252,
                2.9109182357788086
            ],
            [
                -0.12716719508171082,
                6.284721851348877
            ],
            [
                -0.2543977200984955,
                9.989360809326172
            ],
            [
                -0.39852556586265564,
                14.318193435668945
            ],
            [
                -0.5348875522613525,
                19.14617347717285
            ],
            [
                -0.6341722011566162,
                24.124807357788086
            ]
        ],
        [
            [
                0.31542062759399414,
                3.483503818511963
            ],
            [
                0.40293043851852417,
                6.743783950805664
            ],
            [
                0.6019930243492126,
                10.028632164001465
            ],
            [
                0.5771079659461975,
                13.550199508666992
            ],
            [
                0.5045257806777954,
                17.275352478027344
            ],
            [
                0.44515490531921387,
                21.113876342773438
            ]
        ]
    ]
}