{
    "speed": 7.535649959393063,
    "steer": -0.001961363246664405,
    "throttle": 0.75,
    "brake": 0.0,
    "wp_4": [
        0.013900989666581154,
        16.680721282958984
    ],
    "wp_3": [
        0.010022756643593311,
        12.514667510986328
    ],
    "wp_2": [
        -0.0009570373222231865,
        8.357513427734375
    ],
    "wp_1": [
        -0.011719767935574055,
        4.187996864318848
    ],
    "aim": [
        -0.011719767935574055,
        4.187996864318848
    ],
    "target": [
        -1.4980289596082619,
        10.15229056116922
    ],
    "desired_speed": 8.353761291503906,
    "angle": -0.001781492945056073,
    "angle_last": 0.00015554870355954304,
    "angle_target": -0.0932639314386944,
    "angle_final": -0.001781492945056073,
    "delta": 0.25,
    "agent": "only_traj",
    "steer_traj": -0.001961363289461722,
    "throttle_traj": 0.75,
    "brake_traj": 0.0,
    "plan": [
        [
            -0.011719767935574055,
            4.187996864318848
        ],
        [
            -0.0009570373222231865,
            8.357513427734375
        ],
        [
            0.010022756643593311,
            12.514667510986328
        ],
        [
            0.013900989666581154,
            16.680721282958984
        ],
        [
            0.014968810603022575,
            20.874650955200195
        ],
        [
            0.015994664281606674,
            25.072368621826172
        ]
    ],
    "command": 3,
    "all_plan": [
        [
            [
                0.03508509695529938,
                4.0240960121154785
            ],
            [
                -0.11755318939685822,
                7.839630603790283
            ],
            [
                -0.31482839584350586,
                11.62208366394043
            ],
            [
                -0.628524899482727,
                15.290740966796875
            ],
            [
                -1.0934789180755615,
                19.094131469726562
            ],
            [
                -1.6689255237579346,
                22.717233657836914
            ]
        ],
        [
            [
                0.5385696291923523,
                3.2619011402130127
            ],
            [
                1.1725702285766602,
                6.356353282928467
            ],
            [
                2.599029541015625,
                9.135653495788574
            ],
            [
                4.641234397888184,
                11.954195976257324
            ],
            [
                6.44129753112793,
                14.788595199584961
            ],
            [
                7.912771224975586,
                17.76334571838379
            ]
        ],
        [
            [
                -0.004937545396387577,
                4.261591911315918
            ],
            [
                -0.009331739507615566,
                8.52161693572998
            ],
            [
                0.015864092856645584,
                12.711774826049805
            ],
            [
                0.012391580268740654,
                16.879610061645508
            ],
            [
                0.03695368766784668,
                21.048839569091797
            ],
            [
                0.09930430352687836,
                25.277978897094727
            ]
        ],
        [
            [
                -0.011719767935574055,
                4.187996864318848
            ],
            [
                -0.0009570373222231865,
                8.357513427734375
            ],
            [
                0.010022756643593311,
                12.514667510986328
            ],
            [
                0.013900989666581154,
                16.680721282958984
            ],
            [
                0.014968810603022575,
                20.874650955200195
            ],
            [
                0.015994664281606674,
                25.072368621826172
            ]
        ],
        [
            [
                -0.04332755506038666,
                3.490767478942871
            ],
            [
                -0.1716935634613037,
                7.420895099639893
            ],
            [
                -0.3261328637599945,
                11.655157089233398
            ],
            [
                -0.43604278564453125,
                16.551172256469727
            ],
            [
                -0.5733883380889893,
                21.88764190673828
            ],
            [
                -0.6726358532905579,
                27.34957504272461
            ]
        ],
        [
            [
                0.43405163288116455,
                4.179076671600342
            ],
            [
                0.5803327560424805,
                7.994470596313477
            ],
            [
                0.7870793342590332,
                11.66353988647461
            ],
            [
                0.8609091639518738,
                15.46095085144043
            ],
            [
                0.8812739849090576,
                19.39147186279297
            ],
            [
                0.956457257270813,
                23.42146110534668
            ]
        ]
    ]
}