{
    "speed": 8.9060457411173,
    "steer": -0.0016544900136068463,
    "throttle": 0.0,
    "brake": 1.0,
    "wp_4": [
        0.021154070273041725,
        15.949827194213867
    ],
    "wp_3": [
        0.012657013721764088,
        11.90351676940918
    ],
    "wp_2": [
        -0.0031311167404055595,
        7.926021575927734
    ],
    "wp_1": [
        -0.011081193573772907,
        3.956312417984009
    ],
    "aim": [
        -0.011081193573772907,
        3.956312417984009
    ],
    "target": [
        -1.255370466501042,
        6.878087406576679
    ],
    "desired_speed": 7.983400058746338,
    "angle": -0.0017830866558624094,
    "angle_last": 0.00140790183337677,
    "angle_target": -0.11492911809255353,
    "angle_final": -0.0017830866558624094,
    "delta": 0.0,
    "agent": "only_traj",
    "steer_traj": -0.0016544900048334346,
    "throttle_traj": 0.0,
    "brake_traj": 1.0,
    "plan": [
        [
            -0.011081193573772907,
            3.956312417984009
        ],
        [
            -0.0031311167404055595,
            7.926021575927734
        ],
        [
            0.012657013721764088,
            11.90351676940918
        ],
        [
            0.021154070273041725,
            15.949827194213867
        ],
        [
            0.02675136737525463,
            19.988666534423828
        ],
        [
            0.03543424233794212,
            23.914751052856445
        ]
    ],
    "command": 3,
    "all_plan": [
        [
            [
                0.04516954720020294,
                3.889950752258301
            ],
            [
                -0.06548380851745605,
                7.558683395385742
            ],
            [
                -0.24200503528118134,
                11.170280456542969
            ],
            [
                -0.5186617374420166,
                14.609834671020508
            ],
            [
                -0.9191614389419556,
                18.166725158691406
            ],
            [
                -1.4141795635223389,
                21.516845703125
            ]
        ],
        [
            [
                0.49010565876960754,
                3.148045301437378
            ],
            [
                1.090060830116272,
                6.111581802368164
            ],
            [
                2.4581027030944824,
                8.72260856628418
            ],
            [
                4.441647529602051,
                11.348320960998535
            ],
            [
                6.254157066345215,
                13.955222129821777
            ],
            [
                7.7456159591674805,
                16.669618606567383
            ]
        ],
        [
            [
                0.007196797989308834,
                4.071881294250488
            ],
            [
                -0.00703627523034811,
                8.163418769836426
            ],
            [
                0.011112530715763569,
                12.196163177490234
            ],
            [
                0.01552459504455328,
                16.206666946411133
            ],
            [
                0.038097113370895386,
                20.205951690673828
            ],
            [
                0.062493037432432175,
                24.25016975402832
            ]
        ],
        [
            [
                -0.011081193573772907,
                3.956312417984009
            ],
            [
                -0.0031311167404055595,
                7.926021575927734
            ],
            [
                0.012657013721764088,
                11.90351676940918
            ],
            [
                0.021154070273041725,
                15.949827194213867
            ],
            [
                0.02675136737525463,
                19.988666534423828
            ],
            [
                0.03543424233794212,
                23.914751052856445
            ]
        ],
        [
            [
                -0.035223692655563354,
                3.3018593788146973
            ],
            [
                -0.12852859497070312,
                7.027157783508301
            ],
            [
                -0.2457493245601654,
                11.04184627532959
            ],
            [
                -0.35362571477890015,
                15.700299263000488
            ],
            [
                -0.4688151180744171,
                20.809202194213867
            ],
            [
                -0.5645542144775391,
                26.026416778564453
            ]
        ],
        [
            [
                0.37841689586639404,
                3.9312942028045654
            ],
            [
                0.4804469645023346,
                7.509343147277832
            ],
            [
                0.7137305736541748,
                10.99718952178955
            ],
            [
                0.7689441442489624,
                14.619484901428223
            ],
            [
                0.7727943062782288,
                18.38776969909668
            ],
            [
                0.8088666200637817,
                22.260330200195312
            ]
        ]
    ]
}