{
    "speed": 7.502550649938818,
    "steer": 0.08454599231481552,
    "throttle": 0.75,
    "brake": 0.0,
    "wp_4": [
        0.0023787561804056168,
        15.435346603393555
    ],
    "wp_3": [
        0.0008836062625050545,
        11.411949157714844
    ],
    "wp_2": [
        -0.007537434808909893,
        7.516253471374512
    ],
    "wp_1": [
        -0.0065604643896222115,
        3.6601922512054443
    ],
    "aim": [
        -0.0065604643896222115,
        3.6601922512054443
    ],
    "target": [
        -0.21449116497833776,
        3.12754112997332
    ],
    "desired_speed": 7.854006385803222,
    "angle": -0.0011410488738812109,
    "angle_last": 0.0027488956404226068,
    "angle_target": -0.04359202026516004,
    "angle_final": -0.0011410488738812109,
    "delta": 0.25,
    "agent": "only_traj",
    "steer_traj": 0.08454599360765255,
    "throttle_traj": 0.75,
    "brake_traj": 0.0,
    "plan": [
        [
            -0.0065604643896222115,
            3.6601922512054443
        ],
        [
            -0.007537434808909893,
            7.516253471374512
        ],
        [
            0.0008836062625050545,
            11.411949157714844
        ],
        [
            0.0023787561804056168,
            15.435346603393555
        ],
        [
            0.008646426722407341,
            19.460678100585938
        ],
        [
            0.02520359680056572,
            23.29515838623047
        ]
    ],
    "command": 3,
    "all_plan": [
        [
            [
                0.05124124884605408,
                3.744295358657837
            ],
            [
                -0.03997957706451416,
                7.328636169433594
            ],
            [
                -0.18855822086334229,
                10.869221687316895
            ],
            [
                -0.4701232314109802,
                14.212841033935547
            ],
            [
                -0.8493705987930298,
                17.58344841003418
            ],
            [
                -1.3154780864715576,
                20.708866119384766
            ]
        ],
        [
            [
                0.4305686950683594,
                3.0942294597625732
            ],
            [
                0.9617382884025574,
                6.077627182006836
            ],
            [
                2.220212936401367,
                8.64199447631836
            ],
            [
                4.0988054275512695,
                11.145713806152344
            ],
            [
                5.905257701873779,
                13.599190711975098
            ],
            [
                7.44766092300415,
                16.0991268157959
            ]
        ],
        [
            [
                0.00915695633739233,
                3.8382954597473145
            ],
            [
                -0.0037532364949584007,
                7.821268081665039
            ],
            [
                0.007255172356963158,
                11.817870140075684
            ],
            [
                0.02096325159072876,
                15.864387512207031
            ],
            [
                0.04378029704093933,
                19.92652702331543
            ],
            [
                0.07877616584300995,
                24.009315490722656
            ]
        ],
        [
            [
                -0.0065604643896222115,
                3.6601922512054443
            ],
            [
                -0.007537434808909893,
                7.516253471374512
            ],
            [
                0.0008836062625050545,
                11.411949157714844
            ],
            [
                0.0023787561804056168,
                15.435346603393555
            ],
            [
                0.008646426722407341,
                19.460678100585938
            ],
            [
                0.02520359680056572,
                23.29515838623047
            ]
        ],
        [
            [
                -0.026876047253608704,
                3.0375471115112305
            ],
            [
                -0.10577693581581116,
                6.542417526245117
            ],
            [
                -0.19393911957740784,
                10.367642402648926
            ],
            [
                -0.2953168749809265,
                14.837251663208008
            ],
            [
                -0.39250344038009644,
                19.775808334350586
            ],
            [
                -0.4523868262767792,
                24.84391212463379
            ]
        ],
        [
            [
                0.3259430527687073,
                3.63580584526062
            ],
            [
                0.43127667903900146,
                7.003849029541016
            ],
            [
                0.6674917340278625,
                10.362772941589355
            ],
            [
                0.6815291047096252,
                13.92466926574707
            ],
            [
                0.6513413786888123,
                17.672039031982422
            ],
            [
                0.652480959892273,
                21.536514282226562
            ]
        ]
    ]
}