{
    "speed": 7.790335776416529,
    "steer": -0.2893522083759308,
    "throttle": 0.5756551623344421,
    "brake": 0.0,
    "wp_4": [
        0.09896524250507355,
        15.738424301147461
    ],
    "wp_3": [
        0.06860455870628357,
        11.74350357055664
    ],
    "wp_2": [
        0.029360149055719376,
        7.808316230773926
    ],
    "wp_1": [
        0.0029195351526141167,
        3.883472204208374
    ],
    "aim": [
        0.0029195351526141167,
        3.883472204208374
    ],
    "target": [
        -1.381446239002418,
        2.2033568563176726
    ],
    "desired_speed": 7.901362705230714,
    "angle": 0.00047861665130114617,
    "angle_last": 0.005724581388824828,
    "angle_target": -0.3565179991091313,
    "angle_final": -0.3565179991091313,
    "delta": 0.11102692881418452,
    "agent": "only_traj",
    "steer_traj": -0.2893522134583817,
    "throttle_traj": 0.5756551717994544,
    "brake_traj": 0.0,
    "plan": [
        [
            0.0029195351526141167,
            3.883472204208374
        ],
        [
            0.029360149055719376,
            7.808316230773926
        ],
        [
            0.06860455870628357,
            11.74350357055664
        ],
        [
            0.09896524250507355,
            15.738424301147461
        ],
        [
            0.1312449872493744,
            19.73333740234375
        ],
        [
            0.16634082794189453,
            23.63619041442871
        ]
    ],
    "command": 3,
    "all_plan": [
        [
            [
                0.06447917222976685,
                3.807431697845459
            ],
            [
                -0.026493966579437256,
                7.429205894470215
            ],
            [
                -0.1899690479040146,
                11.009679794311523
            ],
            [
                -0.46436822414398193,
                14.40851879119873
            ],
            [
                -0.8803558349609375,
                17.92722511291504
            ],
            [
                -1.392989158630371,
                21.22704315185547
            ]
        ],
        [
            [
                0.4592903256416321,
                3.1317334175109863
            ],
            [
                1.030700922012329,
                6.122309684753418
            ],
            [
                2.3456485271453857,
                8.797988891601562
            ],
            [
                4.25014066696167,
                11.47195816040039
            ],
            [
                5.99519157409668,
                14.110267639160156
            ],
            [
                7.410114288330078,
                16.8454647064209
            ]
        ],
        [
            [
                0.026885315775871277,
                4.005031585693359
            ],
            [
                0.03450951725244522,
                8.050544738769531
            ],
            [
                0.071544349193573,
                12.05474853515625
            ],
            [
                0.10777457803487778,
                16.057937622070312
            ],
            [
                0.16018950939178467,
                20.046411514282227
            ],
            [
                0.23470468819141388,
                24.07965850830078
            ]
        ],
        [
            [
                0.0029195351526141167,
                3.883472204208374
            ],
            [
                0.029360149055719376,
                7.808316230773926
            ],
            [
                0.06860455870628357,
                11.74350357055664
            ],
            [
                0.09896524250507355,
                15.738424301147461
            ],
            [
                0.1312449872493744,
                19.73333740234375
            ],
            [
                0.16634082794189453,
                23.63619041442871
            ]
        ],
        [
            [
                -0.03752914071083069,
                3.2348544597625732
            ],
            [
                -0.09638388454914093,
                6.937142848968506
            ],
            [
                -0.18166285753250122,
                10.909546852111816
            ],
            [
                -0.2520187497138977,
                15.535516738891602
            ],
            [
                -0.3290318548679352,
                20.592723846435547
            ],
            [
                -0.3710087537765503,
                25.74820327758789
            ]
        ],
        [
            [
                0.3671376705169678,
                3.882256269454956
            ],
            [
                0.487712025642395,
                7.424521446228027
            ],
            [
                0.7441282272338867,
                10.856270790100098
            ],
            [
                0.8174740076065063,
                14.429915428161621
            ],
            [
                0.8526723980903625,
                18.15274429321289
            ],
            [
                0.9273970723152161,
                21.987247467041016
            ]
        ]
    ]
}