{
    "speed": 4.106393159210321,
    "steer": -0.0012523896293714643,
    "throttle": 0.75,
    "brake": 0.0,
    "wp_4": [
        0.03397785872220993,
        13.393239974975586
    ],
    "wp_3": [
        0.02027144655585289,
        9.56783676147461
    ],
    "wp_2": [
        0.0027099894359707832,
        5.943069934844971
    ],
    "wp_1": [
        -0.003745664842426777,
        2.623908281326294
    ],
    "aim": [
        -0.003745664842426777,
        2.623908281326294
    ],
    "target": [
        0.41017558276389904,
        7.449292106809853
    ],
    "desired_speed": 7.281987476348878,
    "angle": -0.0009087465511099994,
    "angle_last": 0.0029330071840498392,
    "angle_target": 0.035018423508789656,
    "angle_final": -0.0009087465511099994,
    "delta": 0.25,
    "agent": "only_traj",
    "steer_traj": -0.0012523896536143987,
    "throttle_traj": 0.75,
    "brake_traj": 0.0,
    "plan": [
        [
            -0.003745664842426777,
            2.623908281326294
        ],
        [
            0.0027099894359707832,
            5.943069934844971
        ],
        [
            0.02027144655585289,
            9.56783676147461
        ],
        [
            0.03397785872220993,
            13.393239974975586
        ],
        [
            0.03955147787928581,
            17.296154022216797
        ],
        [
            0.055826932191848755,
            20.82876205444336
        ]
    ],
    "command": 3,
    "all_plan": [
        [
            [
                0.05086013674736023,
                3.1526308059692383
            ],
            [
                -0.005719378590583801,
                6.402403831481934
            ],
            [
                -0.12966550886631012,
                9.674211502075195
            ],
            [
                -0.4126211404800415,
                12.709546089172363
            ],
            [
                -0.6890599727630615,
                15.321491241455078
            ],
            [
                -1.0058610439300537,
                17.629335403442383
            ]
        ],
        [
            [
                0.21808283030986786,
                2.8796863555908203
            ],
            [
                0.43011146783828735,
                6.054974555969238
            ],
            [
                1.1553897857666016,
                8.514762878417969
            ],
            [
                2.484055995941162,
                10.66642951965332
            ],
            [
                4.099645137786865,
                12.549537658691406
            ],
            [
                5.764759063720703,
                14.267951011657715
            ]
        ],
        [
            [
                -0.010721282102167606,
                2.863818883895874
            ],
            [
                -0.02175411581993103,
                6.2443952560424805
            ],
            [
                -0.005268935114145279,
                10.005849838256836
            ],
            [
                0.05743708088994026,
                14.15253734588623
            ],
            [
                0.11838413774967194,
                18.496158599853516
            ],
            [
                0.13498899340629578,
                22.932737350463867
            ]
        ],
        [
            [
                -0.003745664842426777,
                2.623908281326294
            ],
            [
                0.0027099894359707832,
                5.943069934844971
            ],
            [
                0.02027144655585289,
                9.56783676147461
            ],
            [
                0.03397785872220993,
                13.393239974975586
            ],
            [
                0.03955147787928581,
                17.296154022216797
            ],
            [
                0.055826932191848755,
                20.82876205444336
            ]
        ],
        [
            [
                0.0001327991485595703,
                1.9322909116744995
            ],
            [
                -0.024311138316988945,
                4.468780040740967
            ],
            [
                -0.01265646517276764,
                7.408351898193359
            ],
            [
                -0.042777854949235916,
                11.02356243133545
            ],
            [
                -0.057168200612068176,
                15.2379150390625
            ],
            [
                0.005796641111373901,
                19.73493194580078
            ]
        ],
        [
            [
                0.16101743280887604,
                2.3718323707580566
            ],
            [
                0.22296421229839325,
                4.9323296546936035
            ],
            [
                0.4533384442329407,
                7.771855354309082
            ],
            [
                0.4756925106048584,
                11.06120491027832
            ],
            [
                0.41309985518455505,
                14.733445167541504
            ],
            [
                0.2867979407310486,
                18.70346450805664
            ]
        ]
    ]
}