{
    "speed": 7.945576523470991,
    "steer": -0.008008894510567188,
    "throttle": 0.36103689670562744,
    "brake": 0.0,
    "wp_4": [
        0.07064413279294968,
        16.17034149169922
    ],
    "wp_3": [
        0.045763131231069565,
        12.050573348999023
    ],
    "wp_2": [
        0.012662653811275959,
        8.017850875854492
    ],
    "wp_1": [
        -0.010242451913654804,
        4.015780448913574
    ],
    "aim": [
        -0.010242451913654804,
        4.015780448913574
    ],
    "target": [
        -0.5044291442312627,
        1.8752165267123224
    ],
    "desired_speed": 8.029939270019531,
    "angle": -0.0016237155752287784,
    "angle_last": 0.005384665641130527,
    "angle_target": -0.16728935681784451,
    "angle_final": -0.0016237155752287784,
    "delta": 0.08436274654853992,
    "agent": "only_traj",
    "steer_traj": -0.008008894486209152,
    "throttle_traj": 0.3610369017003968,
    "brake_traj": 0.0,
    "plan": [
        [
            -0.010242451913654804,
            4.015780448913574
        ],
        [
            0.012662653811275959,
            8.017850875854492
        ],
        [
            0.045763131231069565,
            12.050573348999023
        ],
        [
            0.07064413279294968,
            16.17034149169922
        ],
        [
            0.09723228216171265,
            20.23795509338379
        ],
        [
            0.12981578707695007,
            24.09012794494629
        ]
    ],
    "command": 3,
    "all_plan": [
        [
            [
                0.04081764817237854,
                3.9608371257781982
            ],
            [
                -0.059059321880340576,
                7.659264087677002
            ],
            [
                -0.24537159502506256,
                11.267355918884277
            ],
            [
                -0.5363860130310059,
                14.667755126953125
            ],
            [
                -0.9494714736938477,
                18.1825008392334
            ],
            [
                -1.4394181966781616,
                21.448225021362305
            ]
        ],
        [
            [
                0.4891936182975769,
                3.227311611175537
            ],
            [
                1.1384787559509277,
                6.218758583068848
            ],
            [
                2.5526771545410156,
                8.815720558166504
            ],
            [
                4.575520038604736,
                11.436698913574219
            ],
            [
                6.48477840423584,
                14.015022277832031
            ],
            [
                8.078100204467773,
                16.69769287109375
            ]
        ],
        [
            [
                0.0006850056815892458,
                4.12764835357666
            ],
            [
                -0.0063949888572096825,
                8.293512344360352
            ],
            [
                0.03511558845639229,
                12.388505935668945
            ],
            [
                0.05833718180656433,
                16.474742889404297
            ],
            [
                0.09808579087257385,
                20.5346736907959
            ],
            [
                0.14378325641155243,
                24.624900817871094
            ]
        ],
        [
            [
                -0.010242451913654804,
                4.015780448913574
            ],
            [
                0.012662653811275959,
                8.017850875854492
            ],
            [
                0.045763131231069565,
                12.050573348999023
            ],
            [
                0.07064413279294968,
                16.17034149169922
            ],
            [
                0.09723228216171265,
                20.23795509338379
            ],
            [
                0.12981578707695007,
                24.09012794494629
            ]
        ],
        [
            [
                -0.03303675353527069,
                3.3381829261779785
            ],
            [
                -0.11519001424312592,
                7.095300674438477
            ],
            [
                -0.2008845955133438,
                11.143928527832031
            ],
            [
                -0.27427956461906433,
                15.862156867980957
            ],
            [
                -0.35105547308921814,
                21.02745246887207
            ],
            [
                -0.41881752014160156,
                26.274394989013672
            ]
        ],
        [
            [
                0.3633067011833191,
                3.9516568183898926
            ],
            [
                0.4530431628227234,
                7.557575702667236
            ],
            [
                0.7159750461578369,
                11.07243537902832
            ],
            [
                0.7806831002235413,
                14.70542049407959
            ],
            [
                0.7946735620498657,
                18.49368667602539
            ],
            [
                0.828283965587616,
                22.391056060791016
            ]
        ]
    ]
}